#
# A fatal error has been detected by the Java Runtime Environment:
#
#  EXCEPTION_ACCESS_VIOLATION (0xc0000005) at pc=0x00007fffb29caa89, pid=6176, tid=1104
#
# JRE version: Java(TM) SE Runtime Environment (24.0.1+9) (build 24.0.1+9-30)
# Java VM: Java HotSpot(TM) 64-Bit Server VM (24.0.1+9-30, mixed mode, sharing, tiered, compressed oops, compressed class ptrs, g1 gc, windows-amd64)
# Problematic frame:
# C  [awt.dll+0xdaa89]
#
# No core dump will be written. Minidumps are not enabled by default on client versions of Windows
#
# If you would like to submit a bug report, please visit:
#   https://bugreport.java.com/bugreport/crash.jsp
# The crash happened outside the Java Virtual Machine in native code.
# See problematic frame for where to report the bug.
#

---------------  S U M M A R Y ------------

Command Line: -Dfile.encoding=UTF-8 --enable-preview --module-path=C:\Users\Hype\Documents\NetBeansProjects\Hotel Management System\build\classes ManageRoom

Host: AMD Ryzen 5 7430U with Radeon Graphics         , 12 cores, 7G,  Windows 11 , 64 bit Build 26100 (10.0.26100.7309)
Time: Fri Dec 26 13:21:27 2025 SE Asia Standard Time elapsed time: 3583.137906 seconds (0d 0h 59m 43s)

---------------  T H R E A D  ---------------

Current thread (0x00000170c2a4e240):  JavaThread "AWT-EventQueue-0"        [_thread_in_native, id=1104, stack(0x0000001d7a600000,0x0000001d7a700000) (1024K)]

Stack: [0x0000001d7a600000,0x0000001d7a700000],  sp=0x0000001d7a6feaa0,  free space=1018k
Native frames: (J=compiled Java code, j=interpreted, Vv=VM code, C=native code)
C  [awt.dll+0xdaa89]  (no source info available)
C  [awt.dll+0xd9e48]  (no source info available)
C  0x00000170b46ace20  (no source info available)

The last pc belongs to native method entry point (kind = native) (printed below).
Java frames: (J=compiled Java code, j=interpreted, Vv=VM code)
j  sun.awt.Win32GraphicsConfig.getBounds(I)Ljava/awt/Rectangle;+0 java.desktop@24.0.1
j  sun.awt.Win32GraphicsConfig.getBounds()Ljava/awt/Rectangle;+8 java.desktop@24.0.1
j  sun.awt.Win32GraphicsDevice.displayChanged()V+23 java.desktop@24.0.1
j  sun.java2d.d3d.D3DGraphicsDevice.displayChanged()V+1 java.desktop@24.0.1
j  sun.awt.Win32GraphicsEnvironment.displayChanged()V+271 java.desktop@24.0.1
j  sun.awt.windows.WToolkit.lambda$displayChanged$0()V+15 java.desktop@24.0.1
j  sun.awt.windows.WToolkit$$Lambda+0x00000170c41d6278.run()V+0 java.desktop@24.0.1
J 2428 c1 java.awt.event.InvocationEvent.dispatch()V java.desktop@24.0.1 (69 bytes) @ 0x00000170ad544d14 [0x00000170ad544b00+0x0000000000000214]
J 2261 c1 java.awt.EventQueue.dispatchEventImpl(Ljava/awt/AWTEvent;Ljava/lang/Object;)V java.desktop@24.0.1 (139 bytes) @ 0x00000170ad4e243c [0x00000170ad4e0b80+0x00000000000018bc]
J 2260 c1 java.awt.EventQueue.dispatchEvent(Ljava/awt/AWTEvent;)V java.desktop@24.0.1 (48 bytes) @ 0x00000170ad4e05ac [0x00000170ad4e0360+0x000000000000024c]
J 2262 c1 java.awt.EventDispatchThread.pumpOneEventForFilters(I)V java.desktop@24.0.1 (106 bytes) @ 0x00000170ad4e4354 [0x00000170ad4e3b40+0x0000000000000814]
j  java.awt.EventDispatchThread.pumpEventsForFilter(ILjava/awt/Conditional;Ljava/awt/EventFilter;)V+35 java.desktop@24.0.1
j  java.awt.EventDispatchThread.pumpEventsForHierarchy(ILjava/awt/Conditional;Ljava/awt/Component;)V+11 java.desktop@24.0.1
j  java.awt.EventDispatchThread.pumpEvents(ILjava/awt/Conditional;)V+4 java.desktop@24.0.1
j  java.awt.EventDispatchThread.pumpEvents(Ljava/awt/Conditional;)V+3 java.desktop@24.0.1
j  java.awt.EventDispatchThread.run()V+9 java.desktop@24.0.1
v  ~StubRoutines::call_stub 0x00000170b46a0fcd

siginfo: EXCEPTION_ACCESS_VIOLATION (0xc0000005), reading address 0x0000000000000028


Registers:
RAX=0x0000000000000000, RBX=0x00000170c20c8b40, RCX=0x0000000000000000, RDX=0x0000000000000000
RSP=0x0000001d7a6feaa0, RBP=0x0000000000000000, RSI=0x0000000000000000, RDI=0x0000000000000000
R8 =0x0000000000000001, R9 =0x0000001d78f9d000, R10=0x00000170c2a4b530, R11=0x0000017104555dd0
R12=0x0000000000000000, R13=0x00000170c22ca870, R14=0x00000170c2a66fc0, R15=0x0000000000000000
RIP=0x00007fffb29caa89, EFLAGS=0x0000000000010246

XMM[0]=0x0000000000000000 0x0000000000000000
XMM[1]=0x0000000000000000 0x0000001d7a6feb70
XMM[2]=0x0000001d7a6fdefc 0x0000001d7a6fdef8
XMM[3]=0x0000001d7a6fdeec 0x0000001d7a6fdee8
XMM[4]=0x0000000000000000 0x0000001d7a6fded8
XMM[5]=0x00000170c2a4e240 0x0000001d7a6fde01
XMM[6]=0x0000000000000000 0x4037000000000000
XMM[7]=0x0000000000000000 0x3f1a36e2eb1c432d
XMM[8]=0x0000000000000000 0x0000000000000000
XMM[9]=0x0000000000000000 0x0000000000000000
XMM[10]=0x0000000000000000 0x0000000000000000
XMM[11]=0x0000000000000000 0x000000003f7684bd
XMM[12]=0x0000000000000000 0x000000003dfcd698
XMM[13]=0x0000000000000000 0x0000000000000000
XMM[14]=0x0000000000000000 0x0000000041fbd9c1
XMM[15]=0x0000000000000000 0x0000000000000341
  MXCSR=0x00001fa2


Register to memory mapping:

RAX=0x0 is null
RBX=0x00000170c20c8b40 points into unknown readable memory: 0x00000170c27bf910 | 10 f9 7b c2 70 01 00 00
RCX=0x0 is null
RDX=0x0 is null
RSP=0x0000001d7a6feaa0 is pointing into the stack for thread: 0x00000170c2a4e240
RBP=0x0 is null
RSI=0x0 is null
RDI=0x0 is null
R8 =0x0000000000000001 is an unknown value
R9 =0x0000001d78f9d000 points into unknown readable memory: 0x0000000000000000 | 00 00 00 00 00 00 00 00
R10=0x00000170c2a4b530 points into unknown readable memory: 0x0000004000000003 | 03 00 00 00 40 00 00 00
R11={method} {0x0000017104555dd8} '<init>' '(IIII)V' in 'java/awt/Rectangle'
R12=0x0 is null
R13=0x00000170c22ca870 points into unknown readable memory: 0x0000017104555dd0 | d0 5d 55 04 71 01 00 00
R14=0x00000170c2a66fc0 points into unknown readable memory: 0x0000000090778b30 | 30 8b 77 90 00 00 00 00
R15=0x0 is null

Top of Stack: (sp=0x0000001d7a6feaa0)
0x0000001d7a6feaa0:   00007fffb2a27838 00000170c20c8b40   8x......@...p...
0x0000001d7a6feab0:   00000170c2a4e608 00000170c20c8b40   ....p...@...p...
0x0000001d7a6feac0:   00000170c2a4e608 00007fffb29c9e48   ....p...H.......
0x0000001d7a6fead0:   00000170c20c8b40 00000170c20c8b40   @...p...@...p...
0x0000001d7a6feae0:   00000000000001e2 00000170c2a4e608   ............p...
0x0000001d7a6feaf0:   fffffffffffffff7 000001710444c2a6   ..........D.q...
0x0000001d7a6feb00:   0000000000000003 000001710444f748   ........H.D.q...
0x0000001d7a6feb10:   0000000000000000 0000000000000000   ................
0x0000001d7a6feb20:   00007ca900399189 0000000000000000   ..9..|..........
0x0000001d7a6feb30:   00000170c2a4e240 0000001d7a6fec18   @...p.....oz....
0x0000001d7a6feb40:   000001710444cc30 0000000000000000   0.D.q...........
0x0000001d7a6feb50:   0000000000000001 00000000000001e2   ................
0x0000001d7a6feb60:   0000001d7a6febf0 00000170b46ace20   ..oz.... .j.p...
0x0000001d7a6feb70:   0000000000000003 000001710444cc30   ........0.D.q...
0x0000001d7a6feb80:   0000017104f36618 00000000906284b0   .f..q.....b.....
0x0000001d7a6feb90:   00000171044df2f0 0000000000000000   ..M.q...........
0x0000001d7a6feba0:   0000001d7a6febd0 fffffffffffffff7   ..oz............
0x0000001d7a6febb0:   0000000000000000 0000000000000005   ................
0x0000001d7a6febc0:   000001710444f748 0000000000000000   H.D.q...........
0x0000001d7a6febd0:   000000009063bfd8 000001710444cc30   ..c.....0.D.q...
0x0000001d7a6febe0:   0000000000000000 0000001d7a6fec10   ..........oz....
0x0000001d7a6febf0:   0000001d7a6fec68 00000170b46a899a   h.oz......j.p...
0x0000001d7a6fec00:   0000000000000000 00000170b46aa43a   ........:.j.p...
0x0000001d7a6fec10:   0000000000000000 000000008e4341b8   .........AC.....
0x0000001d7a6fec20:   fffffffffffffff7 000001710444ccd8   ..........D.q...
0x0000001d7a6fec30:   0000000000000002 000001710444f748   ........H.D.q...
0x0000001d7a6fec40:   0000000000000000 000000009063bfd8   ..........c.....
0x0000001d7a6fec50:   000001710444ccf0 fffffffffffffff5   ..D.q...........
0x0000001d7a6fec60:   0000001d7a6fec78 0000001d7a6fecc8   x.oz......oz....
0x0000001d7a6fec70:   00000170b46a899a 000000008e4341b8   ..j.p....AC.....
0x0000001d7a6fec80:   fffffffffffffff7 00000171044e01bf   ..........N.q...
0x0000001d7a6fec90:   0000000000000003 00000171044e1940   ........@.N.q...

Instructions: (pc=0x00007fffb29caa89)
  0x00007fffb29ca989:   cc cc cc cc cc cc cc 48 89 5c 24 08 48 89 6c 24
  0x00007fffb29ca999:   10 48 89 74 24 18 57 48 83 ec 20 41 8b f8 0f b6
  0x00007fffb29ca9a9:   f2 48 8b e9 e8 9e d3 f4 ff 48 8b d8 48 89 44 24
  0x00007fffb29ca9b9:   48 41 b8 01 00 00 00 8b d7 48 8b c8 e8 06 d3 f4
  0x00007fffb29ca9c9:   ff 48 8b c8 44 0f b6 c6 48 8b d5 e8 97 fa ff ff
  0x00007fffb29ca9d9:   48 8b f8 48 8b cb e8 2c d5 f4 ff 90 48 8b c7 48
  0x00007fffb29ca9e9:   8b 5c 24 30 48 8b 6c 24 38 48 8b 74 24 40 48 83
  0x00007fffb29ca9f9:   c4 20 5f c3 cc cc cc 48 8b 49 28 e9 07 07 00 00
  0x00007fffb29caa09:   cc cc cc cc cc cc cc 48 89 5c 24 08 57 48 83 ec
  0x00007fffb29caa19:   20 8b f9 e8 2f d3 f4 ff 48 8b d8 48 89 44 24 38
  0x00007fffb29caa29:   41 b8 01 00 00 00 8b d7 48 8b c8 e8 97 d2 f4 ff
  0x00007fffb29caa39:   48 8b 08 8b 39 48 8b cb e8 ca d4 f4 ff 90 8b c7
  0x00007fffb29caa49:   48 8b 5c 24 30 48 83 c4 20 5f c3 cc cc cc cc cc
  0x00007fffb29caa59:   cc cc cc cc cc cc cc 48 89 5c 24 08 57 48 83 ec
  0x00007fffb29caa69:   20 8b f9 e8 df d2 f4 ff 48 8b d8 48 89 44 24 38
  0x00007fffb29caa79:   41 b8 01 00 00 00 8b d7 48 8b c8 e8 47 d2 f4 ff
=>0x00007fffb29caa89:   48 8b 78 28 48 8b cb e8 7b d4 f4 ff 90 48 8b c7
  0x00007fffb29caa99:   48 8b 5c 24 30 48 83 c4 20 5f c3 cc cc cc cc cc
  0x00007fffb29caaa9:   cc cc cc cc cc cc cc 48 89 5c 24 08 57 48 83 ec
  0x00007fffb29caab9:   20 8b f9 e8 8f d2 f4 ff 48 8b d8 48 89 44 24 38
  0x00007fffb29caac9:   41 b8 01 00 00 00 8b d7 48 8b c8 e8 f7 d1 f4 ff
  0x00007fffb29caad9:   48 8b 78 30 48 8b cb e8 2b d4 f4 ff 90 48 8b c7
  0x00007fffb29caae9:   48 8b 5c 24 30 48 83 c4 20 5f c3 cc cc cc cc cc
  0x00007fffb29caaf9:   cc cc cc cc cc cc cc 48 89 5c 24 08 57 48 83 ec
  0x00007fffb29cab09:   20 8b f9 e8 3f d2 f4 ff 48 8b d8 48 89 44 24 38
  0x00007fffb29cab19:   41 b8 01 00 00 00 8b d7 48 8b c8 e8 a7 d1 f4 ff
  0x00007fffb29cab29:   48 8b 78 08 48 85 ff 74 07 48 8b bf 08 0c 00 00
  0x00007fffb29cab39:   48 8b cb e8 cf d3 f4 ff 90 48 8b c7 48 8b 5c 24
  0x00007fffb29cab49:   30 48 83 c4 20 5f c3 f3 0f 10 41 48 c3 cc cc cc
  0x00007fffb29cab59:   cc cc cc cc cc cc cc f3 0f 10 41 4c c3 cc cc cc
  0x00007fffb29cab69:   cc cc cc cc cc cc cc 48 89 5c 24 10 48 89 74 24
  0x00007fffb29cab79:   18 55 57 41 56 48 8d 6c 24 e0 48 81 ec 20 01 00


Stack slot to memory mapping:

stack at sp + 0 slots: 0x00007fffb2a27838 awt.dll
stack at sp + 1 slots: 0x00000170c20c8b40 points into unknown readable memory: 0x00000170c27bf910 | 10 f9 7b c2 70 01 00 00
stack at sp + 2 slots: 0x00000170c2a4e608 points into unknown readable memory: 0x00007fff757817b0 | b0 17 78 75 ff 7f 00 00
stack at sp + 3 slots: 0x00000170c20c8b40 points into unknown readable memory: 0x00000170c27bf910 | 10 f9 7b c2 70 01 00 00
stack at sp + 4 slots: 0x00000170c2a4e608 points into unknown readable memory: 0x00007fff757817b0 | b0 17 78 75 ff 7f 00 00
stack at sp + 5 slots: 0x00007fffb29c9e48 awt.dll
stack at sp + 6 slots: 0x00000170c20c8b40 points into unknown readable memory: 0x00000170c27bf910 | 10 f9 7b c2 70 01 00 00
stack at sp + 7 slots: 0x00000170c20c8b40 points into unknown readable memory: 0x00000170c27bf910 | 10 f9 7b c2 70 01 00 00

Lock stack of current Java thread (top to bottom):

native method entry point (kind = native)  [0x00000170b46aca40, 0x00000170b46ad478]  2616 bytes
[MachCode]
  0x00000170b46aca40: 488b 4b08 | 0fb7 492e | 584c 8d74 | ccf8 6800 | 0000 0068 | 0000 0000 | 5055 488b | ec41 5568 
  0x00000170b46aca60: 0000 0000 | 4c8b 6b08 | 4d8d 6d38 | 5348 8b53 | 0848 8b52 | 0848 8b52 | 1848 8b52 | 7048 8b12 
  0x00000170b46aca80: 5248 8b53 | 1048 85d2 | 0f84 0700 | 0000 4881 | c208 0100 | 0052 488b | 5308 488b | 5208 488b 
  0x00000170b46acaa0: 5210 5249 | 8bc6 482b | c548 c1e8 | 0350 6800 | 0000 0068 | f7ff ffff | 41c6 8771 | 0400 0001 
  0x00000170b46acac0: 488b 4310 | 4885 c074 | 208b 88cc | 0000 0083 | c102 8988 | cc00 0000 | 2388 e000 | 0000 0f84 
  0x00000170b46acae0: e408 0000 | e9cd 0000 | 0048 8b43 | 1848 85c0 | 0f85 b000 | 0000 e805 | 0000 00e9 | 9900 0000 
  0x00000170b46acb00: 488b d348 | 8d44 2408 | 4c89 6dc0 | 498b cfc5 | f877 4989 | afb8 0300 | 0049 8987 | a803 0000 
  0x00000170b46acb20: 4883 ec20 | 40f6 c40f | 0f84 1900 | 0000 4883 | ec08 48b8 | 6030 f674 | ff7f 0000 | ffd0 4883 
  0x00000170b46acb40: c408 e90c | 0000 0048 | b860 30f6 | 74ff 7f00 | 00ff d048 | 83c4 2049 | c787 a803 | 0000 0000 
  0x00000170b46acb60: 0000 49c7 | 87b8 0300 | 0000 0000 | 0049 c787 | b003 0000 | 0000 0000 | c5f8 7749 | 837f 0800 
  0x00000170b46acb80: 0f84 0500 | 0000 e935 | 43ff ff4c | 8b6d c04c | 8b75 c84e | 8d74 f500 | c348 8b43 | 1848 85c0 
  0x00000170b46acba0: 0f84 1000 | 0000 8b08 | 83c1 0289 | 0823 4814 | 0f84 1208 | 0000 493b | a7f0 0400 | 000f 8748 
  0x00000170b46acbc0: 0000 0089 | 8424 00f0 | ffff 8984 | 2400 e0ff | ff89 8424 | 00d0 ffff | 8984 2400 | c0ff ff89 
  0x00000170b46acbe0: 8424 00b0 | ffff 8984 | 2400 a0ff | ff89 8424 | 0090 ffff | 8984 2400 | 80ff ff49 | 3ba7 e804 
  0x00000170b46acc00: 0000 7607 | 4989 a7f0 | 0400 0041 | c687 7104 | 0000 0048 | 8b5d e84c | 8b5b 0845 | 0fb7 5b2e 
  0x00000170b46acc20: 41c1 e303 | 492b e348 | 83ec 2048 | 83e4 f04c | 8b5b 604d | 85db 0f85 | ab00 0000 | e805 0000 
  0x00000170b46acc40: 00e9 9900 | 0000 488b | d348 8d44 | 2408 4c89 | 6dc0 498b | cfc5 f877 | 4989 afb8 | 0300 0049 
  0x00000170b46acc60: 8987 a803 | 0000 4883 | ec20 40f6 | c40f 0f84 | 1900 0000 | 4883 ec08 | 48b8 a05a | f674 ff7f 
  0x00000170b46acc80: 0000 ffd0 | 4883 c408 | e90c 0000 | 0048 b8a0 | 5af6 74ff | 7f00 00ff | d048 83c4 | 2049 c787 
  0x00000170b46acca0: a803 0000 | 0000 0000 | 49c7 87b8 | 0300 0000 | 0000 0049 | c787 b003 | 0000 0000 | 0000 c5f8 
  0x00000170b46accc0: 7749 837f | 0800 0f84 | 0500 0000 | e9ef 41ff | ff4c 8b6d | c04c 8b75 | c84e 8d74 | f500 c348 
  0x00000170b46acce0: 8b5d e84c | 8b5b 6041 | ffd3 488b | 5de8 4889 | 4518 448b | 5b28 41f6 | c308 0f84 | 1b00 0000 
  0x00000170b46acd00: 4c8b 5b08 | 4d8b 5b08 | 4d8b 5b18 | 4d8b 5b70 | 4d8b 1b4c | 895d 1048 | 8d55 1048 | 8b43 5849 
  0x00000170b46acd20: ba40 702f | 75ff 7f00 | 0049 3bc2 | 0f85 ab00 | 0000 e805 | 0000 00e9 | 9900 0000 | 488b d348 
  0x00000170b46acd40: 8d44 2408 | 4c89 6dc0 | 498b cfc5 | f877 4989 | afb8 0300 | 0049 8987 | a803 0000 | 4883 ec20 
  0x00000170b46acd60: 40f6 c40f | 0f84 1900 | 0000 4883 | ec08 48b8 | a05a f674 | ff7f 0000 | ffd0 4883 | c408 e90c 
  0x00000170b46acd80: 0000 0048 | b8a0 5af6 | 74ff 7f00 | 00ff d048 | 83c4 2049 | c787 a803 | 0000 0000 | 0000 49c7 
  0x00000170b46acda0: 87b8 0300 | 0000 0000 | 0049 c787 | b003 0000 | 0000 0000 | c5f8 7749 | 837f 0800 | 0f84 0500 
  0x00000170b46acdc0: 0000 e9f9 | 40ff ff4c | 8b6d c04c | 8b75 c84e | 8d74 f500 | c348 8b5d | e848 8b43 | 5849 8d8f 
  0x00000170b46acde0: c803 0000 | 4c8d 15d5 | 0000 004d | 8997 b003 | 0000 c5f8 | 7749 89af | b803 0000 | 4989 a7a8 
  0x00000170b46ace00: 0300 0041 | c787 5404 | 0000 0400 | 0000 493b | a748 0500 | 0076 0749 | 89a7 4805 | 0000 ffd0 
  0x00000170b46ace20: 493b a748 | 0500 0072 | 0b49 c787 | 4805 0000 | 0000 0000 | c5f8 7748 | 83ec 10c5 | fb11 0424 
  0x00000170b46ace40: 4883 ec10 | 4889 0424 | 48c7 4424 | 0800 0000 | 0041 c787 | 5404 0000 | 0500 0000 | f083 4424 
  0x00000170b46ace60: c000 493b | 6f28 0f87 | 0e00 0000 | 4183 bf50 | 0400 0000 | 0f84 2000 | 0000 498b | cf4c 8be4 
  0x00000170b46ace80: 4883 ec20 | 4883 e4f0 | 48b8 d0b9 | f774 ff7f | 0000 ffd0 | 498b e44d | 33e4 41c7 | 8754 0400 
  0x00000170b46acea0: 0008 0000 | 004d 8b97 | 7005 0000 | 4983 fa00 | 7435 49c7 | 8770 0500 | 0000 0000 | 0041 ffe2 
  0x00000170b46acec0: 49ba 00bb | 6ab4 7001 | 0000 41ff | d248 83ec | 10c5 fb11 | 0424 4883 | ec10 4889 | 0424 48c7 
  0x00000170b46acee0: 4424 0800 | 0000 0049 | c787 a803 | 0000 0000 | 0000 49c7 | 87b8 0300 | 0000 0000 | 0049 c787 
  0x00000170b46acf00: b003 0000 | 0000 0000 | c5f8 774d | 8b9f 3804 | 0000 41c7 | 8300 0100 | 0000 0000 | 0049 bb3a 
  0x00000170b46acf20: a46a b470 | 0100 004c | 3b5d 180f | 8555 0100 | 0048 8b04 | 2448 83c4 | 1048 85c0 | 0f84 2f01 
  0x00000170b46acf40: 0000 a803 | 0f85 0800 | 0000 488b | 00e9 1f01 | 0000 a801 | 0f85 0900 | 0000 488b | 40fe e90e 
  0x00000170b46acf60: 0100 0048 | 8b40 ff41 | 807f 4800 | 0f84 ff00 | 0000 4883 | f800 0f84 | f500 0000 | 4d8b 5f38 
  0x00000170b46acf80: 4d85 db0f | 8414 0000 | 0049 83eb | 084d 895f | 384d 035f | 4049 8903 | e9d4 0000 | 0048 83ec 
  0x00000170b46acfa0: 7048 8904 | 2448 894c | 2408 4889 | 5424 104c | 8944 2418 | 4c89 4c24 | 204c 8954 | 2428 4c89 
  0x00000170b46acfc0: 5c24 30c5 | fb11 4424 | 40c5 fb11 | 4c24 48c5 | fb11 5424 | 50c5 fb11 | 5c24 58c5 | fb11 6424 
  0x00000170b46acfe0: 60c5 fb11 | 6c24 6849 | 8bd7 488b | c848 83ec | 2040 f6c4 | 0f0f 8419 | 0000 0048 | 83ec 0848 
  0x00000170b46ad000: b890 49ea | 74ff 7f00 | 00ff d048 | 83c4 08e9 | 0c00 0000 | 48b8 9049 | ea74 ff7f | 0000 ffd0 
  0x00000170b46ad020: 4883 c420 | c5fb 106c | 2468 c5fb | 1064 2460 | c5fb 105c | 2458 c5fb | 1054 2450 | c5fb 104c 
  0x00000170b46ad040: 2448 c5fb | 1044 2440 | 4c8b 5c24 | 304c 8b54 | 2428 4c8b | 4c24 204c | 8b44 2418 | 488b 5424 
  0x00000170b46ad060: 1048 8b4c | 2408 488b | 0424 4883 | c470 c5f8 | 7748 8945 | 1048 83ec | 1048 8904 | 2448 c744 
  0x00000170b46ad080: 2408 0000 | 0000 4183 | bfd0 0400 | 0002 0f85 | bf00 0000 | 4881 ec80 | 0000 0048 | 8944 2478 
  0x00000170b46ad0a0: 4889 4c24 | 7048 8954 | 2468 4889 | 5c24 6048 | 896c 2450 | 4889 7424 | 4848 897c | 2440 4c89 
  0x00000170b46ad0c0: 4424 384c | 894c 2430 | 4c89 5424 | 284c 895c | 2420 4c89 | 6424 184c | 896c 2410 | 4c89 7424 
  0x00000170b46ad0e0: 084c 893c | 244c 8be4 | 4883 ec20 | 4883 e4f0 | 48b8 d056 | 2f75 ff7f | 0000 ffd0 | 498b e44c 
  0x00000170b46ad100: 8b3c 244c | 8b74 2408 | 4c8b 6c24 | 104c 8b64 | 2418 4c8b | 5c24 204c | 8b54 2428 | 4c8b 4c24 
  0x00000170b46ad120: 304c 8b44 | 2438 488b | 7c24 4048 | 8b74 2448 | 488b 6c24 | 5048 8b5c | 2460 488b | 5424 6848 
  0x00000170b46ad140: 8b4c 2470 | 488b 4424 | 7848 81c4 | 8000 0000 | 4d33 e448 | 8b5d e84c | 8b6b 084d | 8d6d 3849 
  0x00000170b46ad160: 837f 0800 | 0f84 bb00 | 0000 e805 | 0000 00e9 | 9600 0000 | 488d 4424 | 084c 896d | c049 8bcf 
  0x00000170b46ad180: c5f8 7749 | 89af b803 | 0000 4989 | 87a8 0300 | 0048 83ec | 2040 f6c4 | 0f0f 8419 | 0000 0048 
  0x00000170b46ad1a0: 83ec 0848 | b840 79f6 | 74ff 7f00 | 00ff d048 | 83c4 08e9 | 0c00 0000 | 48b8 4079 | f674 ff7f 
  0x00000170b46ad1c0: 0000 ffd0 | 4883 c420 | 49c7 87a8 | 0300 0000 | 0000 0049 | c787 b803 | 0000 0000 | 0000 49c7 
  0x00000170b46ad1e0: 87b0 0300 | 0000 0000 | 00c5 f877 | 4983 7f08 | 000f 8405 | 0000 00e9 | c43c ffff | 4c8b 6dc0 
  0x00000170b46ad200: 4c8b 75c8 | 4e8d 74f5 | 00c3 48b9 | 08ec 5575 | ff7f 0000 | 4883 e4f0 | 48b8 30a8 | 1c75 ff7f 
  0x00000170b46ad220: 0000 ffd0 | f444 8b5b | 2841 f6c3 | 200f 8472 | 0100 0048 | 8d55 a84c | 8b5a 084d | 85db 0f85 
  0x00000170b46ad240: bb00 0000 | e805 0000 | 00e9 9600 | 0000 488d | 4424 084c | 896d c049 | 8bcf c5f8 | 7749 89af 
  0x00000170b46ad260: b803 0000 | 4989 87a8 | 0300 0048 | 83ec 2040 | f6c4 0f0f | 8419 0000 | 0048 83ec | 0848 b870 
  0x00000170b46ad280: 78f6 74ff | 7f00 00ff | d048 83c4 | 08e9 0c00 | 0000 48b8 | 7078 f674 | ff7f 0000 | ffd0 4883 
  0x00000170b46ad2a0: c420 49c7 | 87a8 0300 | 0000 0000 | 0049 c787 | b803 0000 | 0000 0000 | 49c7 87b0 | 0300 0000 
  0x00000170b46ad2c0: 0000 00c5 | f877 4983 | 7f08 000f | 8405 0000 | 00e9 ea3b | ffff 4c8b | 6dc0 4c8b | 75c8 4e8d 
  0x00000170b46ad2e0: 74f5 00c3 | 48b9 08ec | 5575 ff7f | 0000 4883 | e4f0 48b8 | 30a8 1c75 | ff7f 0000 | ffd0 f44c 
  0x00000170b46ad300: 896d c04c | 8b4a 0848 | c742 0800 | 0000 0045 | 8b87 5806 | 0000 4f3b | 4c07 f80f | 8542 0000 
  0x00000170b46ad320: 0041 83af | 5806 0000 | 084f 3b4c | 07f0 0f84 | 2a00 0000 | 498b 01a8 | 020f 8512 | 0000 004c 
  0x00000170b46ad340: 8bc0 4983 | c801 f04d | 0fb1 010f | 840d 0000 | 0041 8387 | 5806 0000 | 08e9 0500 | 0000 e93e 
  0x00000170b46ad360: 0000 004c | 894a 0848 | 8bca 4883 | ec20 40f6 | c40f 0f84 | 1900 0000 | 4883 ec08 | 48b8 904a 
  0x00000170b46ad380: f674 ff7f | 0000 ffd0 | 4883 c408 | e90c 0000 | 0048 b890 | 4af6 74ff | 7f00 00ff | d048 83c4 
  0x00000170b46ad3a0: 204c 8b6d | c048 8b04 | 2448 83c4 | 10c5 fb10 | 0424 4883 | c410 4c8b | 5d18 41ff | d34c 8b5d 
  0x00000170b46ad3c0: f8c9 5f49 | 8be3 ffe7 | ba00 0000 | 00e8 0500 | 0000 e996 | 0000 0048 | 8d44 2408 | 4c89 6dc0 
  0x00000170b46ad3e0: 498b cfc5 | f877 4989 | afb8 0300 | 0049 8987 | a803 0000 | 4883 ec20 | 40f6 c40f | 0f84 1900 
  0x00000170b46ad400: 0000 4883 | ec08 48b8 | 303f f674 | ff7f 0000 | ffd0 4883 | c408 e90c | 0000 0048 | b830 3ff6 
  0x00000170b46ad420: 74ff 7f00 | 00ff d048 | 83c4 2049 | c787 a803 | 0000 0000 | 0000 49c7 | 87b8 0300 | 0000 0000 
  0x00000170b46ad440: 0049 c787 | b003 0000 | 0000 0000 | c5f8 7749 | 837f 0800 | 0f84 0500 | 0000 e961 | 3aff ff4c 
  0x00000170b46ad460: 8b6d c04c | 8b75 c84e | 8d74 f500 | c348 8b5d | e8e9 40f7 | ffff 6690 
[/MachCode]

Compiled method (c1) 3583479 2428   !   3       java.awt.event.InvocationEvent::dispatch (69 bytes)
 total in heap  [0x00000170ad544988,0x00000170ad545168] = 2016
 relocation     [0x00000170ad544a60,0x00000170ad544ae8] = 136
 main code      [0x00000170ad544b00,0x00000170ad5450f8] = 1528
 stub code      [0x00000170ad5450f8,0x00000170ad545160] = 104
 metadata       [0x00000170ad545160,0x00000170ad545168] = 8
 immutable data [0x00000170c2262880,0x00000170c2262a28] = 424
 dependencies   [0x00000170c2262880,0x00000170c2262888] = 8
 nul chk table  [0x00000170c2262888,0x00000170c22628a0] = 24
 handler table  [0x00000170c22628a0,0x00000170c2262930] = 144
 scopes pcs     [0x00000170c2262930,0x00000170c22629d0] = 160
 scopes data    [0x00000170c22629d0,0x00000170c2262a28] = 88

[Constant Pool (empty)]

[MachCode]
[Instructions begin]
  0x00000170ad544b00: 660f 1f84 | 0000 0000 | 0066 0f1f | 8400 0000 | 0000 448b | 5208 443b 

  0x00000170ad544b18: ;   {runtime_call Shared Runtime ic_miss_blob}
  0x00000170ad544b18: 5008 0f85 | 409c 1a07 
[Verified Entry Point]
  0x00000170ad544b20: 8984 2400 | 80ff ff55 | 4883 ec30 | 4181 7f20 | 0100 0000 

  0x00000170ad544b34: ;   {runtime_call StubRoutines (final stubs)}
  0x00000170ad544b34: 7405 e885 | 0d19 0748 | 8954 2418 

  0x00000170ad544b40: ;   {metadata(method data for {method} {0x00000171044c5498} 'dispatch' '()V' in 'java/awt/event/InvocationEvent')}
  0x00000170ad544b40: 48be 400d | f504 7101 | 0000 8bbe | cc00 0000 | 83c7 0289 | becc 0000 | 0081 e7fe | 0700 0085 
  0x00000170ad544b60: ff0f 84b7 | 0400 000f | be72 1d85 

  0x00000170ad544b6c: ;   {metadata(method data for {method} {0x00000171044c5498} 'dispatch' '()V' in 'java/awt/event/InvocationEvent')}
  0x00000170ad544b6c: f648 be40 | 0df5 0471 | 0100 00bf | 1001 0000 | 7405 bf20 | 0100 0048 | 8b1c 3e48 | 8d5b 0148 
  0x00000170ad544b8c: 891c 3e0f | 84d1 0000 | 008b 7228 

  0x00000170ad544b98: ; implicit exception: dispatches to 0x00000170ad54503f
  0x00000170ad544b98: 483b 0648 

  0x00000170ad544b9c: ;   {metadata(method data for {method} {0x00000171044c5498} 'dispatch' '()V' in 'java/awt/event/InvocationEvent')}
  0x00000170ad544b9c: 8bfe 48bb | 400d f504 | 7101 0000 | 8b7f 0849 | ba00 0000 | c370 0100 | 0049 03fa | 483b bb38 
  0x00000170ad544bbc: 0100 0075 | 0d48 8383 | 4001 0000 | 01e9 6000 | 0000 483b | bb48 0100 | 0075 0d48 | 8383 5001 
  0x00000170ad544bdc: 0000 01e9 | 4a00 0000 | 4883 bb38 | 0100 0000 | 7517 4889 | bb38 0100 | 0048 c783 | 4001 0000 
  0x00000170ad544bfc: 0100 0000 | e929 0000 | 0048 83bb | 4801 0000 | 0075 1748 | 89bb 4801 | 0000 48c7 | 8350 0100 
  0x00000170ad544c1c: 0001 0000 | 00e9 0800 | 0000 4883 | 8330 0100 | 0001 488b | d60f 1f40 | 0048 b8e0 | bc03 0d71 
  0x00000170ad544c3c: ;   {virtual_call}
  0x00000170ad544c3c: 0100 00e8 

  0x00000170ad544c40: ; ImmutableOopMap {[24]=Oop }
                      ;*invokeinterface run {reexecute=0 rethrow=0 return_oop=0}
                      ; - java.awt.event.InvocationEvent::dispatch@11 (line 308)
  0x00000170ad544c40: 1ca1 1a07 

  0x00000170ad544c44: ;   {post_call_nop}
  0x00000170ad544c44: 0f1f 8400 | bc02 0000 

  0x00000170ad544c4c: ;   {metadata(method data for {method} {0x00000171044c5498} 'dispatch' '()V' in 'java/awt/event/InvocationEvent')}
  0x00000170ad544c4c: 48ba 400d | f504 7101 | 0000 ff82 | 6001 0000 | 488b 5424 | 18e9 0f03 | 0000 8b72 | 2848 3b06 
  0x00000170ad544c6c: ;   {metadata(method data for {method} {0x00000171044c5498} 'dispatch' '()V' in 'java/awt/event/InvocationEvent')}
  0x00000170ad544c6c: 488b fe48 | bb40 0df5 | 0471 0100 | 008b 7f08 | 49ba 0000 | 00c3 7001 | 0000 4903 | fa48 3bbb 
  0x00000170ad544c8c: 1802 0000 | 750d 4883 | 8320 0200 | 0001 e960 | 0000 0048 | 3bbb 2802 | 0000 750d | 4883 8330 
  0x00000170ad544cac: 0200 0001 | e94a 0000 | 0048 83bb | 1802 0000 | 0075 1748 | 89bb 1802 | 0000 48c7 | 8320 0200 
  0x00000170ad544ccc: 0001 0000 | 00e9 2900 | 0000 4883 | bb28 0200 | 0000 7517 | 4889 bb28 | 0200 0048 | c783 3002 
  0x00000170ad544cec: 0000 0100 | 0000 e908 | 0000 0048 | 8383 1002 | 0000 0148 | 8bd6 6666 | 9048 b808 | bd03 0d71 
  0x00000170ad544d0c: ;   {virtual_call}
  0x00000170ad544d0c: 0100 00e8 

  0x00000170ad544d10: ; ImmutableOopMap {[24]=Oop }
                      ;*invokeinterface run {reexecute=0 rethrow=0 return_oop=0}
                      ; - java.awt.event.InvocationEvent::dispatch@47 (line 318)
  0x00000170ad544d10: 3c6e 2707 

  0x00000170ad544d14: ;   {post_call_nop}
  0x00000170ad544d14: 0f1f 8400 | 8c03 0001 | 488b 5424 | 18e9 4f02 | 0000 498b | 8708 0500 | 004d 33d2 | 4d89 9708 
  0x00000170ad544d34: 0500 004d | 33d2 4d89 | 9710 0500 | 0048 85c0 

  0x00000170ad544d44: ;   {metadata(method data for {method} {0x00000171044c5498} 'dispatch' '()V' in 'java/awt/event/InvocationEvent')}
  0x00000170ad544d44: 48be 400d | f504 7101 | 0000 750c | 808e 7101 | 0000 01e9 | af00 0000 | 8b78 0849 | ba00 0000 
  0x00000170ad544d64: c370 0100 | 0049 03fa | 483b be80 | 0100 0075 | 0d48 8386 | 8801 0000 | 01e9 6000 | 0000 483b 
  0x00000170ad544d84: be90 0100 | 0075 0d48 | 8386 9801 | 0000 01e9 | 4a00 0000 | 4883 be80 | 0100 0000 | 7517 4889 
  0x00000170ad544da4: be80 0100 | 0048 c786 | 8801 0000 | 0100 0000 | e929 0000 | 0048 83be | 9001 0000 | 0075 1748 
  0x00000170ad544dc4: 89be 9001 | 0000 48c7 | 8698 0100 | 0001 0000 | 00e9 0800 | 0000 4883 | 8678 0100 

  0x00000170ad544de0: ;   {metadata('java/lang/Exception')}
  0x00000170ad544de0: 0001 48bf | c801 1cc3 | 7001 0000 | 8b70 0849 | ba00 0000 | c370 0100 | 0049 03f2 | 483b 7e40 
  0x00000170ad544e00: 0f85 0500 | 0000 e905 | 0000 004d | 33c0 eb06 | 41b8 0100 | 0000 4585 

  0x00000170ad544e18: ;   {metadata(method data for {method} {0x00000171044c5498} 'dispatch' '()V' in 'java/awt/event/InvocationEvent')}
  0x00000170ad544e18: c049 b840 | 0df5 0471 | 0100 00ba | a801 0000 | 7405 bab8 | 0100 0049 | 8b34 1048 | 8d76 0149 
  0x00000170ad544e38: 8934 1048 | 8b54 2418 | 0f84 f500 | 0000 4885 

  0x00000170ad544e48: ;   {metadata(method data for {method} {0x00000171044c5498} 'dispatch' '()V' in 'java/awt/event/InvocationEvent')}
  0x00000170ad544e48: c048 bf40 | 0df5 0471 | 0100 0075 | 0c80 8fc1 | 0100 0001 | e9af 0000 | 008b 5808 | 49ba 0000 
  0x00000170ad544e68: 00c3 7001 | 0000 4903 | da48 3b9f | d001 0000 | 750d 4883 | 87d8 0100 | 0001 e960 | 0000 0048 
  0x00000170ad544e88: 3b9f e001 | 0000 750d | 4883 87e8 | 0100 0001 | e94a 0000 | 0048 83bf | d001 0000 | 0075 1748 
  0x00000170ad544ea8: 899f d001 | 0000 48c7 | 87d8 0100 | 0001 0000 | 00e9 2900 | 0000 4883 | bfe0 0100 | 0000 7517 
  0x00000170ad544ec8: 4889 9fe0 | 0100 0048 | c787 e801 | 0000 0100 | 0000 e908 | 0000 0048 | 8387 c801 

  0x00000170ad544ee4: ;   {metadata('java/lang/Exception')}
  0x00000170ad544ee4: 0000 0148 | bbc8 011c | c370 0100 | 008b 7808 | 49ba 0000 | 00c3 7001 | 0000 4903 | fa48 3b5f 
  0x00000170ad544f04: 400f 853e | 0100 00e9 | 0000 0000 | 4c8b c041 | 0fbe 7748 | 85f6 0f85 | 3201 0000 | 4d8b d044 
  0x00000170ad544f24: 8952 3448 | 8bf2 4933 | f048 c1ee | 1448 83fe | 000f 8532 | 0100 0045 | 0fbe 4748 | 4585 c00f 
  0x00000170ad544f44: 853c 0100 | 004c 8bd0 | 4489 5238 | 4c8b c24c | 33c0 49c1 | e814 4983 | f800 0f85 | 3d01 0000 
  0x00000170ad544f64: ;   {metadata(method data for {method} {0x00000171044c5498} 'dispatch' '()V' in 'java/awt/event/InvocationEvent')}
  0x00000170ad544f64: 49b8 400d | f504 7101 | 0000 41ff | 80f8 0100 | 004c 8bc2 

  0x00000170ad544f78: ;   {metadata(method data for {method} {0x00000171044c5498} 'dispatch' '()V' in 'java/awt/event/InvocationEvent')}
  0x00000170ad544f78: 48be 400d | f504 7101 | 0000 4883 | 8640 0200 | 0001 41b8 | 0100 0000 | 0f1f 8000 

  0x00000170ad544f94: ;   {optimized virtual_call}
  0x00000170ad544f94: 0000 00e8 

  0x00000170ad544f98: ; ImmutableOopMap {}
                      ;*invokevirtual finishedDispatching {reexecute=0 rethrow=0 return_oop=0}
                      ; - java.awt.event.InvocationEvent::dispatch@54 (line 321)
  0x00000170ad544f98: 446b 0a00 

  0x00000170ad544f9c: ;   {post_call_nop}
  0x00000170ad544f9c: 0f1f 8400 | 1406 0002 

  0x00000170ad544fa4: ;   {metadata(method data for {method} {0x00000171044c5498} 'dispatch' '()V' in 'java/awt/event/InvocationEvent')}
  0x00000170ad544fa4: 48b8 400d | f504 7101 | 0000 ff80 | 7002 0000 | 4883 c430 

  0x00000170ad544fb8: ;   {poll_return}
  0x00000170ad544fb8: 5d49 3b67 | 280f 87f6 | 0000 00c3 | 488b 5424 | 1849 8b87 | 0805 0000 | 4d33 d24d | 8997 0805 
  0x00000170ad544fd8: 0000 4d33 | d24d 8997 | 1005 0000 

  0x00000170ad544fe4: ;   {metadata(method data for {method} {0x00000171044c5498} 'dispatch' '()V' in 'java/awt/event/InvocationEvent')}
  0x00000170ad544fe4: 4c8b c248 | be40 0df5 | 0471 0100 | 0048 8386 | 8802 0000 | 0141 b801 | 0000 0048 | 8944 2420 
  0x00000170ad545004: ;   {optimized virtual_call}
  0x00000170ad545004: 6666 90e8 

  0x00000170ad545008: ; ImmutableOopMap {[32]=Oop }
                      ;*invokevirtual finishedDispatching {reexecute=0 rethrow=0 return_oop=0}
                      ; - java.awt.event.InvocationEvent::dispatch@63 (line 321)
  0x00000170ad545008: 549a 1a07 

  0x00000170ad54500c: ;   {post_call_nop}
  0x00000170ad54500c: 0f1f 8400 | 8406 0003 | 488b 4424 | 20e9 ce00 

  0x00000170ad54501c: ;   {metadata({method} {0x00000171044c5498} 'dispatch' '()V' in 'java/awt/event/InvocationEvent')}
  0x00000170ad54501c: 0000 49ba | 9054 4c04 | 7101 0000 | 4c89 5424 | 0848 c704 | 24ff ffff 

  0x00000170ad545034: ;   {runtime_call C1 Runtime counter_overflow_blob}
  0x00000170ad545034: ffe8 26e6 

  0x00000170ad545038: ; ImmutableOopMap {rdx=Oop [24]=Oop }
                      ;*synchronization entry
                      ; - java.awt.event.InvocationEvent::dispatch@-1 (line 306)
  0x00000170ad545038: 2607 e928 

  0x00000170ad54503c: ;   {runtime_call C1 Runtime throw_null_pointer_exception_blob}
  0x00000170ad54503c: fbff ffe8 

  0x00000170ad545040: ; ImmutableOopMap {rdx=Oop rsi=Oop [24]=Oop }
                      ;*invokeinterface run {reexecute=0 rethrow=0 return_oop=0}
                      ; - java.awt.event.InvocationEvent::dispatch@11 (line 308)
  0x00000170ad545040: 9c8c 2607 

  0x00000170ad545044: ;   {runtime_call C1 Runtime throw_null_pointer_exception_blob}
  0x00000170ad545044: e897 8c26 

  0x00000170ad545048: ; ImmutableOopMap {rdx=Oop rsi=Oop [24]=Oop }
                      ;*invokeinterface run {reexecute=0 rethrow=0 return_oop=0}
                      ; - java.awt.event.InvocationEvent::dispatch@47 (line 318)
  0x00000170ad545048: 0748 8904 

  0x00000170ad54504c: ;   {runtime_call C1 Runtime throw_class_cast_exception_blob}
  0x00000170ad54504c: 24e8 0eb9 

  0x00000170ad545050: ; ImmutableOopMap {rax=Oop rdx=Oop [24]=Oop }
                      ;*checkcast {reexecute=0 rethrow=0 return_oop=0}
                      ; - java.awt.event.InvocationEvent::dispatch@29 (line 312)
  0x00000170ad545050: 2607 8b72 | 3448 83fe | 000f 84c1 | feff ff48 

  0x00000170ad545060: ;   {runtime_call g1_pre_barrier_slow}
  0x00000170ad545060: 8934 24e8 | f8eb 2607 | e9b3 feff | ff49 83f8 | 000f 84c4 | feff ff48 

  0x00000170ad545078: ;   {runtime_call g1_post_barrier_slow}
  0x00000170ad545078: 8914 24e8 | e0ee 2607 | e9b6 feff | ff44 8b42 | 3849 83f8 | 000f 84b6 | feff ff4c 

  0x00000170ad545094: ;   {runtime_call g1_pre_barrier_slow}
  0x00000170ad545094: 8904 24e8 | c4eb 2607 | e9a8 feff | ff48 83f8 | 000f 84b9 | feff ff48 

  0x00000170ad5450ac: ;   {runtime_call g1_post_barrier_slow}
  0x00000170ad5450ac: 8914 24e8 | acee 2607 | e9ab feff 

  0x00000170ad5450b8: ;   {internal_word}
  0x00000170ad5450b8: ff49 bab9 | 4f54 ad70 | 0100 004d | 8997 6004 

  0x00000170ad5450c8: ;   {runtime_call SafepointBlob}
  0x00000170ad5450c8: 0000 e911 | 0c1b 0749 | 8b87 0805 | 0000 49c7 | 8708 0500 | 0000 0000 | 0049 c787 | 1005 0000 
  0x00000170ad5450e8: 0000 0000 | 4883 c430 

  0x00000170ad5450f0: ;   {runtime_call C1 Runtime unwind_exception_blob}
  0x00000170ad5450f0: 5de9 6a79 | 2607 f4f4 
[Stub Code]
  0x00000170ad5450f8: ;   {no_reloc}
  0x00000170ad5450f8: 0f1f 4400 

  0x00000170ad5450fc: ;   {static_stub}
  0x00000170ad5450fc: 0048 bb00 | 0000 0000 

  0x00000170ad545104: ;   {runtime_call nmethod}
  0x00000170ad545104: 0000 00e9 | fbff ffff 

  0x00000170ad54510c: ;   {static_stub}
  0x00000170ad54510c: 9048 bb00 | 0000 0000 

  0x00000170ad545114: ;   {runtime_call nmethod}
  0x00000170ad545114: 0000 00e9 | fbff ffff 

  0x00000170ad54511c: ;   {static_stub}
  0x00000170ad54511c: 48bb 9058 | 4c04 7101 

  0x00000170ad545124: ;   {runtime_call I2C/C2I adapters}
  0x00000170ad545124: 0000 e98b 

  0x00000170ad545128: ;   {runtime_call C1 Runtime handle_exception_from_callee_blob}
  0x00000170ad545128: f61a 07e8 | 30b2 2607 

  0x00000170ad545130: ;   {external_word}
  0x00000170ad545130: 48b9 08ec | 5575 ff7f | 0000 4883 

  0x00000170ad54513c: ;   {runtime_call}
  0x00000170ad54513c: e4f0 48b8 | 30a8 1c75 | ff7f 0000 

  0x00000170ad545148: ;   {section_word}
  0x00000170ad545148: ffd0 f449 | ba4b 5154 | ad70 0100 

  0x00000170ad545154: ;   {runtime_call DeoptimizationBlob}
  0x00000170ad545154: 0041 52e9 | 2401 1b07 | f4f4 f4f4 
[/MachCode]


Compiled method (c1) 3583508 2261       3       java.awt.EventQueue::dispatchEventImpl (139 bytes)
 total in heap  [0x00000170ad4e0808,0x00000170ad4e2cd8] = 9424
 relocation     [0x00000170ad4e08e0,0x00000170ad4e0b80] = 672
 main code      [0x00000170ad4e0b80,0x00000170ad4e2af0] = 8048
 stub code      [0x00000170ad4e2af0,0x00000170ad4e2c00] = 272
 oops           [0x00000170ad4e2c00,0x00000170ad4e2c10] = 16
 metadata       [0x00000170ad4e2c10,0x00000170ad4e2cd8] = 200
 immutable data [0x000001710d208280,0x000001710d208a08] = 1928
 dependencies   [0x000001710d208280,0x000001710d2082b8] = 56
 nul chk table  [0x000001710d2082b8,0x000001710d208338] = 128
 handler table  [0x000001710d208338,0x000001710d2083f8] = 192
 scopes pcs     [0x000001710d2083f8,0x000001710d2087d8] = 992
 scopes data    [0x000001710d2087d8,0x000001710d208a08] = 560

[Constant Pool (empty)]

[MachCode]
[Instructions begin]
  0x00000170ad4e0b80: 660f 1f84 | 0000 0000 | 0066 0f1f | 8400 0000 | 0000 448b | 5208 443b 

  0x00000170ad4e0b98: ;   {runtime_call Shared Runtime ic_miss_blob}
  0x00000170ad4e0b98: 5008 0f85 | c0db 2007 
[Verified Entry Point]
  0x00000170ad4e0ba0: 8984 2400 | 80ff ff55 | 4881 ecd0 | 0000 0090 | 4181 7f20 | 0100 0000 

  0x00000170ad4e0bb8: ;   {runtime_call StubRoutines (final stubs)}
  0x00000170ad4e0bb8: 7405 e801 | 4d1f 074c | 8984 24a8 

  0x00000170ad4e0bc4: ;   {metadata(method data for {method} {0x000001710428ca40} 'dispatchEventImpl' '(Ljava/awt/AWTEvent;Ljava/lang/Object;)V' in 'java/awt/EventQueue')}
  0x00000170ad4e0bc4: 0000 0048 | be00 d8f0 | 0471 0100 | 008b becc | 0000 0083 | c702 89be | cc00 0000 | 81e7 fe07 
  0x00000170ad4e0be4: 0000 85ff | 0f84 ce1a | 0000 41c6 | 4016 014d 

  0x00000170ad4e0bf4: ;   {metadata(method data for {method} {0x000001710428ca40} 'dispatchEventImpl' '(Ljava/awt/AWTEvent;Ljava/lang/Object;)V' in 'java/awt/EventQueue')}
  0x00000170ad4e0bf4: 85c0 48bb | 00d8 f004 | 7101 0000 | 750c 808b | 0901 0000 | 01e9 cb00 | 0000 418b | 4008 49ba 
  0x00000170ad4e0c14: 0000 00c3 | 7001 0000 | 4903 c248 | 3b83 1801 | 0000 750d | 4883 8320 | 0100 0001 | e960 0000 
  0x00000170ad4e0c34: 0048 3b83 | 2801 0000 | 750d 4883 | 8330 0100 | 0001 e94a | 0000 0048 | 83bb 1801 | 0000 0075 
  0x00000170ad4e0c54: 1748 8983 | 1801 0000 | 48c7 8320 | 0100 0001 | 0000 00e9 | 2900 0000 | 4883 bb28 | 0100 0000 
  0x00000170ad4e0c74: 7517 4889 | 8328 0100 | 0048 c783 | 3001 0000 | 0100 0000 | e908 0000 | 0048 8383 | 1001 0000 
  0x00000170ad4e0c94: ;   {metadata('java/awt/ActiveEvent')}
  0x00000170ad4e0c94: 0148 b898 | 4c4c 0471 | 0100 0041 | 8b58 0849 | ba00 0000 | c370 0100 | 0049 03da | 483b 4320 
  0x00000170ad4e0cb4: 0f84 2400 | 0000 483b | d80f 841b | 0000 0053 

  0x00000170ad4e0cc4: ;   {runtime_call C1 Runtime slow_subtype_check_blob}
  0x00000170ad4e0cc4: 50e8 7602 | 2d07 5b5b | 85db 0f84 | 0500 0000 | e905 0000 | 0048 33f6 | eb05 be01 | 0000 0085 
  0x00000170ad4e0ce4: ;   {metadata(method data for {method} {0x000001710428ca40} 'dispatchEventImpl' '(Ljava/awt/AWTEvent;Ljava/lang/Object;)V' in 'java/awt/EventQueue')}
  0x00000170ad4e0ce4: f648 be00 | d8f0 0471 | 0100 00bf | 5001 0000 | 7505 bf40 | 0100 0048 | 8b1c 3e48 | 8d5b 0148 
  0x00000170ad4e0d04: 891c 3e0f | 856b 1500 | 004d 85c9 

  0x00000170ad4e0d10: ;   {metadata(method data for {method} {0x000001710428ca40} 'dispatchEventImpl' '(Ljava/awt/AWTEvent;Ljava/lang/Object;)V' in 'java/awt/EventQueue')}
  0x00000170ad4e0d10: 48bb 00d8 | f004 7101 | 0000 750c | 808b 0102 | 0000 01e9 | b100 0000 | 418b 4108 | 49ba 0000 
  0x00000170ad4e0d30: 00c3 7001 | 0000 4903 | c248 3b83 | 1002 0000 | 750d 4883 | 8318 0200 | 0001 e960 | 0000 0048 
  0x00000170ad4e0d50: 3b83 2002 | 0000 750d | 4883 8328 | 0200 0001 | e94a 0000 | 0048 83bb | 1002 0000 | 0075 1748 
  0x00000170ad4e0d70: 8983 1002 | 0000 48c7 | 8318 0200 | 0001 0000 | 00e9 2900 | 0000 4883 | bb20 0200 | 0000 7517 
  0x00000170ad4e0d90: 4889 8320 | 0200 0048 | c783 2802 | 0000 0100 | 0000 e908 | 0000 0048 | 8383 0802 

  0x00000170ad4e0dac: ;   {metadata('java/awt/Component')}
  0x00000170ad4e0dac: 0000 0148 | b848 5209 | 0471 0100 | 0041 8b59 | 0849 ba00 | 0000 c370 | 0100 0049 | 03da 483b 
  0x00000170ad4e0dcc: 4338 0f85 | 0500 0000 | e905 0000 | 0048 33f6 | eb05 be01 | 0000 0085 

  0x00000170ad4e0de4: ;   {metadata(method data for {method} {0x000001710428ca40} 'dispatchEventImpl' '(Ljava/awt/AWTEvent;Ljava/lang/Object;)V' in 'java/awt/EventQueue')}
  0x00000170ad4e0de4: f648 be00 | d8f0 0471 | 0100 00bf | 3802 0000 | 7405 bf48 | 0200 0048 | 8b1c 3e48 | 8d5b 0148 
  0x00000170ad4e0e04: 891c 3e0f | 84dc 0600 | 004d 85c9 

  0x00000170ad4e0e10: ;   {metadata(method data for {method} {0x000001710428ca40} 'dispatchEventImpl' '(Ljava/awt/AWTEvent;Ljava/lang/Object;)V' in 'java/awt/EventQueue')}
  0x00000170ad4e0e10: 48bf 00d8 | f004 7101 | 0000 750c | 808f 5102 | 0000 01e9 | b100 0000 | 418b 5908 | 49ba 0000 
  0x00000170ad4e0e30: 00c3 7001 | 0000 4903 | da48 3b9f | 6002 0000 | 750d 4883 | 8768 0200 | 0001 e960 | 0000 0048 
  0x00000170ad4e0e50: 3b9f 7002 | 0000 750d | 4883 8778 | 0200 0001 | e94a 0000 | 0048 83bf | 6002 0000 | 0075 1748 
  0x00000170ad4e0e70: 899f 6002 | 0000 48c7 | 8768 0200 | 0001 0000 | 00e9 2900 | 0000 4883 | bf70 0200 | 0000 7517 
  0x00000170ad4e0e90: 4889 9f70 | 0200 0048 | c787 7802 | 0000 0100 | 0000 e908 | 0000 0048 | 8387 5802 

  0x00000170ad4e0eac: ;   {metadata('java/awt/Component')}
  0x00000170ad4e0eac: 0000 0148 | bb48 5209 | 0471 0100 | 0041 8b79 | 0849 ba00 | 0000 c370 | 0100 0049 | 03fa 483b 
  0x00000170ad4e0ecc: 5f38 0f85 | 0e18 0000 | e900 0000 | 0049 8bd1 

  0x00000170ad4e0edc: ; implicit exception: dispatches to 0x00000170ad4e26eb
  0x00000170ad4e0edc: 483b 0248 

  0x00000170ad4e0ee0: ;   {metadata(method data for {method} {0x000001710428ca40} 'dispatchEventImpl' '(Ljava/awt/AWTEvent;Ljava/lang/Object;)V' in 'java/awt/EventQueue')}
  0x00000170ad4e0ee0: 8bf2 48bf | 00d8 f004 | 7101 0000 | 8b76 0849 | ba00 0000 | c370 0100 | 0049 03f2 | 483b b790 
  0x00000170ad4e0f00: 0200 0075 | 0d48 8387 | 9802 0000 | 01e9 6000 | 0000 483b | b7a0 0200 | 0075 0d48 | 8387 a802 
  0x00000170ad4e0f20: 0000 01e9 | 4a00 0000 | 4883 bf90 | 0200 0000 | 7517 4889 | b790 0200 | 0048 c787 | 9802 0000 
  0x00000170ad4e0f40: 0100 0000 | e929 0000 | 0048 83bf | a002 0000 | 0075 1748 | 89b7 a002 | 0000 48c7 | 87a8 0200 
  0x00000170ad4e0f60: 0001 0000 | 00e9 0800 | 0000 4883 | 8788 0200 

  0x00000170ad4e0f70: ;   {metadata(method data for {method} {0x00000171040886d8} 'dispatchEvent' '(Ljava/awt/AWTEvent;)V' in 'java/awt/Component')}
  0x00000170ad4e0f70: 0001 48be | a8de f004 | 7101 0000 | 8bbe cc00 | 0000 83c7 | 0289 becc | 0000 0081 | e7fe ff1f 
  0x00000170ad4e0f90: 0085 ff0f | 8457 1700 | 0048 8bf2 

  0x00000170ad4e0f9c: ;   {metadata(method data for {method} {0x00000171040886d8} 'dispatchEvent' '(Ljava/awt/AWTEvent;)V' in 'java/awt/Component')}
  0x00000170ad4e0f9c: 48bf a8de | f004 7101 | 0000 8b76 | 0849 ba00 | 0000 c370 | 0100 0049 | 03f2 483b | b718 0100 
  0x00000170ad4e0fbc: 0075 0d48 | 8387 2001 | 0000 01e9 | 6000 0000 | 483b b728 | 0100 0075 | 0d48 8387 | 3001 0000 
  0x00000170ad4e0fdc: 01e9 4a00 | 0000 4883 | bf18 0100 | 0000 7517 | 4889 b718 | 0100 0048 | c787 2001 | 0000 0100 
  0x00000170ad4e0ffc: 0000 e929 | 0000 0048 | 83bf 2801 | 0000 0075 | 1748 89b7 | 2801 0000 | 48c7 8730 | 0100 0001 
  0x00000170ad4e101c: 0000 00e9 | 0800 0000 | 4883 8710 | 0100 0001 | 498b f04c | 8bc6 6666 | 9048 b830 | a1f9 0c71 
  0x00000170ad4e103c: ;   {virtual_call}
  0x00000170ad4e103c: 0100 00e8 

  0x00000170ad4e1040: ; ImmutableOopMap {[168]=Oop }
                      ;*invokevirtual dispatchEventImpl {reexecute=0 rethrow=0 return_oop=0}
                      ; - java.awt.Component::dispatchEvent@2 (line 4790)
                      ; - java.awt.EventQueue::dispatchEventImpl@41 (line 725)
  0x00000170ad4e1040: fc8c 3407 

  0x00000170ad4e1044: ;   {post_call_nop}
  0x00000170ad4e1044: 0f1f 8400 | 3c08 0000 | 4c8b 8424 | a800 0000 

  0x00000170ad4e1054: ;   {metadata(method data for {method} {0x000001710428ca40} 'dispatchEventImpl' '(Ljava/awt/AWTEvent;Ljava/lang/Object;)V' in 'java/awt/EventQueue')}
  0x00000170ad4e1054: 48be 00d8 | f004 7101 | 0000 458b | 4008 49ba | 0000 00c3 | 7001 0000 | 4d03 c24c | 3b86 c002 
  0x00000170ad4e1074: 0000 750d | 4883 86c8 | 0200 0001 | e960 0000 | 004c 3b86 | d002 0000 | 750d 4883 | 86d8 0200 
  0x00000170ad4e1094: 0001 e94a | 0000 0048 | 83be c002 | 0000 0075 | 174c 8986 | c002 0000 | 48c7 86c8 | 0200 0001 
  0x00000170ad4e10b4: 0000 00e9 | 2900 0000 | 4883 bed0 | 0200 0000 | 7517 4c89 | 86d0 0200 | 0048 c786 | d802 0000 
  0x00000170ad4e10d4: 0100 0000 | e908 0000 | 0048 8386 | b802 0000 

  0x00000170ad4e10e4: ;   {metadata(method data for {method} {0x00000171040fc718} 'dispatched' '()V' in 'java/awt/AWTEvent')}
  0x00000170ad4e10e4: 0148 be30 | e0f0 0471 | 0100 008b | becc 0000 | 0083 c702 | 89be cc00 | 0000 81e7 | feff 1f00 
  0x00000170ad4e1104: 85ff 0f84 | 0516 0000 | 4c8b 8424 | a800 0000 

  0x00000170ad4e1114: ;   {metadata(method data for {method} {0x00000171040fc718} 'dispatched' '()V' in 'java/awt/AWTEvent')}
  0x00000170ad4e1114: 4d85 c048 | bb30 e0f0 | 0471 0100 | 0075 0c80 | 8b09 0100 | 0001 e9b1 | 0000 0041 | 8b40 0849 
  0x00000170ad4e1134: ba00 0000 | c370 0100 | 0049 03c2 | 483b 8318 | 0100 0075 | 0d48 8383 | 2001 0000 | 01e9 6000 
  0x00000170ad4e1154: 0000 483b | 8328 0100 | 0075 0d48 | 8383 3001 | 0000 01e9 | 4a00 0000 | 4883 bb18 | 0100 0000 
  0x00000170ad4e1174: 7517 4889 | 8318 0100 | 0048 c783 | 2001 0000 | 0100 0000 | e929 0000 | 0048 83bb | 2801 0000 
  0x00000170ad4e1194: 0075 1748 | 8983 2801 | 0000 48c7 | 8330 0100 | 0001 0000 | 00e9 0800 | 0000 4883 | 8310 0100 
  0x00000170ad4e11b4: ;   {metadata('java/awt/event/InputEvent')}
  0x00000170ad4e11b4: 0001 48b8 | a01c 1004 | 7101 0000 | 418b 5808 | 49ba 0000 | 00c3 7001 | 0000 4903 | da48 3b43 
  0x00000170ad4e11d4: 500f 8505 | 0000 00e9 | 0500 0000 | 4833 f6eb | 05be 0100 | 0000 85f6 

  0x00000170ad4e11ec: ;   {metadata(method data for {method} {0x00000171040fc718} 'dispatched' '()V' in 'java/awt/AWTEvent')}
  0x00000170ad4e11ec: 48be 30e0 | f004 7101 | 0000 bf40 | 0100 0074 | 05bf 5001 | 0000 488b | 1c3e 488d | 5b01 4889 
  0x00000170ad4e120c: 1c3e 0f84 | 8514 0000 

  0x00000170ad4e1214: ;   {metadata(method data for {method} {0x00000171040fc718} 'dispatched' '()V' in 'java/awt/AWTEvent')}
  0x00000170ad4e1214: 48be 30e0 | f004 7101 | 0000 4883 | 8660 0100 

  0x00000170ad4e1224: ;   {metadata(method data for {method} {0x000001710411dd68} 'getInputEventAccessor' '()Lsun/awt/AWTAccessor$InputEventAccessor;' in 'sun/awt/AWTAccessor')}
  0x00000170ad4e1224: 0001 48be | 40e2 f004 | 7101 0000 | 8bbe cc00 | 0000 83c7 | 0289 becc | 0000 0081 | e7fe ff1f 
  0x00000170ad4e1244: 0085 ff0f | 84e5 1400 

  0x00000170ad4e124c: ;   {oop(a 'java/lang/Class'{0x0000000090c475a8} = 'sun/awt/AWTAccessor')}
  0x00000170ad4e124c: 0048 bea8 | 75c4 9000 | 0000 008b | b684 0000 | 0048 85f6 

  0x00000170ad4e1260: ;   {metadata(method data for {method} {0x000001710411dd68} 'getInputEventAccessor' '()Lsun/awt/AWTAccessor$InputEventAccessor;' in 'sun/awt/AWTAccessor')}
  0x00000170ad4e1260: 48bf 40e2 | f004 7101 | 0000 bb10 | 0100 0075 | 05bb 2001 | 0000 488b | 041f 488d | 4001 4889 
  0x00000170ad4e1280: 041f 0f85 | b412 0000 

  0x00000170ad4e1288: ;   {metadata(method data for {method} {0x000001710411dd68} 'getInputEventAccessor' '()Lsun/awt/AWTAccessor$InputEventAccessor;' in 'sun/awt/AWTAccessor')}
  0x00000170ad4e1288: 48be 40e2 | f004 7101 | 0000 4883 | 8630 0100 

  0x00000170ad4e1298: ;   {metadata(method data for {method} {0x0000017104120528} 'ensureClassInitialized' '(Ljava/lang/Class;)V' in 'sun/awt/AWTAccessor')}
  0x00000170ad4e1298: 0001 48be | 3876 7f04 | 7101 0000 | 8bbe cc00 | 0000 83c7 | 0289 becc | 0000 0081 | e7fe ff1f 
  0x00000170ad4e12b8: 0085 ff0f | 8492 1400 

  0x00000170ad4e12c0: ;   {metadata(method data for {method} {0x0000017104120528} 'ensureClassInitialized' '(Ljava/lang/Class;)V' in 'sun/awt/AWTAccessor')}
  0x00000170ad4e12c0: 0048 be38 | 767f 0471 | 0100 0048 | 8386 1001 

  0x00000170ad4e12d0: ;   {metadata(method data for {method} {0x00000170c344b720} 'lookup' '()Ljava/lang/invoke/MethodHandles$Lookup;' in 'java/lang/invoke/MethodHandles')}
  0x00000170ad4e12d0: 0000 0148 | bed0 7d7f | 0471 0100 | 008b becc | 0000 0083 | c702 89be | cc00 0000 | 81e7 feff 
  0x00000170ad4e12f0: 1f00 85ff | 0f84 7a14 

  0x00000170ad4e12f8: ;   {metadata(method data for {method} {0x00000170c344b720} 'lookup' '()Ljava/lang/invoke/MethodHandles$Lookup;' in 'java/lang/invoke/MethodHandles')}
  0x00000170ad4e12f8: 0000 48be | d07d 7f04 | 7101 0000 | 4883 8610 | 0100 0001 

  0x00000170ad4e130c: ;   {static_call}
  0x00000170ad4e130c: 6666 90e8 

  0x00000170ad4e1310: ; ImmutableOopMap {[168]=Oop }
                      ;*invokestatic getCallerClass {reexecute=0 rethrow=0 return_oop=0}
                      ; - java.lang.invoke.MethodHandles::lookup@0 (line 126)
                      ; - sun.awt.AWTAccessor::ensureClassInitialized@0 (line 1464)
                      ; - sun.awt.AWTAccessor::getInputEventAccessor@10 (line 963)
                      ; - java.awt.AWTEvent::dispatched@7 (line 571)
                      ; - java.awt.EventQueue::dispatchEventImpl@45 (line 726)
  0x00000170ad4e1310: 4cdd 2007 

  0x00000170ad4e1314: ;   {post_call_nop}
  0x00000170ad4e1314: 0f1f 8400 | 0c0b 0001 | 4c8b c04d 

  0x00000170ad4e1320: ;   {metadata(method data for {method} {0x00000170c344b720} 'lookup' '()Ljava/lang/invoke/MethodHandles$Lookup;' in 'java/lang/invoke/MethodHandles')}
  0x00000170ad4e1320: 85c0 48ba | d07d 7f04 | 7101 0000 | be30 0100 | 0074 05be | 2001 0000 | 488b 3c32 | 488d 7f01 
  0x00000170ad4e1340: 4889 3c32 | 0f84 1d11 

  0x00000170ad4e1348: ;   {metadata('java/lang/invoke/MethodHandles$Lookup')}
  0x00000170ad4e1348: 0000 48ba | 98b2 1ec3 | 7001 0000 | 498b 87c8 | 0100 0048 | 8d78 2049 | 3bbf d801 | 0000 0f87 
  0x00000170ad4e1368: 2914 0000 | 4989 bfc8 | 0100 0048 | c700 0100 | 0000 488b | ca49 ba00 | 0000 c370 | 0100 0049 
  0x00000170ad4e1388: 2bca 8948 | 0848 33c9 | 8948 0c48 | 33c9 4889 | 4810 4889 | 4818 4c8b 

  0x00000170ad4e13a0: ;   {metadata(method data for {method} {0x00000170c344b720} 'lookup' '()Ljava/lang/invoke/MethodHandles$Lookup;' in 'java/lang/invoke/MethodHandles')}
  0x00000170ad4e13a0: c848 bfd0 | 7d7f 0471 | 0100 0048 | 8387 5001 

  0x00000170ad4e13b0: ;   {metadata(method data for {method} {0x00000170c344f9d0} '<init>' '(Ljava/lang/Class;)V' in 'java/lang/invoke/MethodHandles$Lookup')}
  0x00000170ad4e13b0: 0000 0149 | b9b0 817f | 0471 0100 | 0041 8bb9 | cc00 0000 | 83c7 0241 | 89b9 cc00 | 0000 81e7 
  0x00000170ad4e13d0: feff 1f00 | 85ff 0f84 | c613 0000 

  0x00000170ad4e13dc: ;   {metadata(method data for {method} {0x00000170c344f9d0} '<init>' '(Ljava/lang/Class;)V' in 'java/lang/invoke/MethodHandles$Lookup')}
  0x00000170ad4e13dc: 4c8b c848 | bfb0 817f | 0471 0100 | 0048 8387 | 1001 0000 

  0x00000170ad4e13f0: ;   {oop(nullptr)}
  0x00000170ad4e13f0: 0149 b900 | 0000 0000 | 0000 00bf | 5f00 0000 | 488b d048 | 8984 24b0 | 0000 000f 

  0x00000170ad4e140c: ;   {optimized virtual_call}
  0x00000170ad4e140c: 1f40 00e8 

  0x00000170ad4e1410: ; ImmutableOopMap {[168]=Oop [176]=Oop }
                      ;*invokespecial <init> {reexecute=0 rethrow=0 return_oop=0}
                      ; - java.lang.invoke.MethodHandles$Lookup::<init>@5 (line 1534)
                      ; - java.lang.invoke.MethodHandles::lookup@23 (line 130)
                      ; - sun.awt.AWTAccessor::ensureClassInitialized@0 (line 1464)
                      ; - sun.awt.AWTAccessor::getInputEventAccessor@10 (line 963)
                      ; - java.awt.AWTEvent::dispatched@7 (line 571)
                      ; - java.awt.EventQueue::dispatchEventImpl@45 (line 726)
  0x00000170ad4e1410: 4cd6 2007 

  0x00000170ad4e1414: ;   {post_call_nop}
  0x00000170ad4e1414: 0f1f 8400 | 0c0c 0002 | 488b 8424 | b000 0000 

  0x00000170ad4e1424: ;   {metadata(method data for {method} {0x0000017104120528} 'ensureClassInitialized' '(Ljava/lang/Class;)V' in 'sun/awt/AWTAccessor')}
  0x00000170ad4e1424: 4c8b c048 | ba38 767f | 0471 0100 | 0045 8b40 | 0849 ba00 | 0000 c370 | 0100 004d | 03c2 4c3b 
  0x00000170ad4e1444: 8228 0100 | 0075 0d48 | 8382 3001 | 0000 01e9 | 6000 0000 | 4c3b 8238 | 0100 0075 | 0d48 8382 
  0x00000170ad4e1464: 4001 0000 | 01e9 4a00 | 0000 4883 | ba28 0100 | 0000 7517 | 4c89 8228 | 0100 0048 | c782 3001 
  0x00000170ad4e1484: 0000 0100 | 0000 e929 | 0000 0048 | 83ba 3801 | 0000 0075 | 174c 8982 | 3801 0000 | 48c7 8240 
  0x00000170ad4e14a4: 0100 0001 | 0000 00e9 | 0800 0000 | 4883 8220 | 0100 0001 

  0x00000170ad4e14b8: ;   {oop(a 'java/lang/Class'{0x0000000090c3ee30} = 'java/awt/event/InputEvent')}
  0x00000170ad4e14b8: 49b8 30ee | c390 0000 | 0000 488b 

  0x00000170ad4e14c4: ;   {optimized virtual_call}
  0x00000170ad4e14c4: d066 90e8 

  0x00000170ad4e14c8: ; ImmutableOopMap {[168]=Oop }
                      ;*invokevirtual ensureInitialized {reexecute=0 rethrow=0 return_oop=0}
                      ; - sun.awt.AWTAccessor::ensureClassInitialized@4 (line 1464)
                      ; - sun.awt.AWTAccessor::getInputEventAccessor@10 (line 963)
                      ; - java.awt.AWTEvent::dispatched@7 (line 571)
                      ; - java.awt.EventQueue::dispatchEventImpl@45 (line 726)
  0x00000170ad4e14c8: 94d5 2007 

  0x00000170ad4e14cc: ;   {post_call_nop}
  0x00000170ad4e14cc: 0f1f 8400 | c40c 0003 

  0x00000170ad4e14d4: ;   {metadata(method data for {method} {0x0000017104120528} 'ensureClassInitialized' '(Ljava/lang/Class;)V' in 'sun/awt/AWTAccessor')}
  0x00000170ad4e14d4: 48ba 3876 | 7f04 7101 | 0000 ff82 | 5001 0000 | e943 1000 | 004d 85c9 

  0x00000170ad4e14ec: ;   {metadata(method data for {method} {0x000001710428ca40} 'dispatchEventImpl' '(Ljava/awt/AWTEvent;Ljava/lang/Object;)V' in 'java/awt/EventQueue')}
  0x00000170ad4e14ec: 48bb 00d8 | f004 7101 | 0000 750c | 808b f902 | 0000 01e9 | b000 0000 | 418b 4108 | 49ba 0000 
  0x00000170ad4e150c: 00c3 7001 | 0000 4903 | c248 3b83 | 0803 0000 | 750d 4883 | 8310 0300 | 0001 e960 | 0000 0048 
  0x00000170ad4e152c: 3b83 1803 | 0000 750d | 4883 8320 | 0300 0001 | e94a 0000 | 0048 83bb | 0803 0000 | 0075 1748 
  0x00000170ad4e154c: 8983 0803 | 0000 48c7 | 8310 0300 | 0001 0000 | 00e9 2900 | 0000 4883 | bb18 0300 | 0000 7517 
  0x00000170ad4e156c: 4889 8318 | 0300 0048 | c783 2003 | 0000 0100 | 0000 e908 | 0000 0048 | 8383 0003 

  0x00000170ad4e1588: ;   {metadata('java/awt/MenuComponent')}
  0x00000170ad4e1588: 0000 0148 | b868 9092 | 0471 0100 | 0041 8b79 | 0849 ba00 | 0000 c370 | 0100 0049 | 03fa 483b 
  0x00000170ad4e15a8: c70f 8505 | 0000 00e9 | 0500 0000 | 4833 f6eb | 05be 0100 | 0000 85f6 

  0x00000170ad4e15c0: ;   {metadata(method data for {method} {0x000001710428ca40} 'dispatchEventImpl' '(Ljava/awt/AWTEvent;Ljava/lang/Object;)V' in 'java/awt/EventQueue')}
  0x00000170ad4e15c0: 48be 00d8 | f004 7101 | 0000 bf40 | 0300 0075 | 05bf 3003 | 0000 488b | 1c3e 488d | 5b01 4889 
  0x00000170ad4e15e0: 1c3e 0f85 | f00a 0000 

  0x00000170ad4e15e8: ;   {metadata(method data for {method} {0x000001710428ca40} 'dispatchEventImpl' '(Ljava/awt/AWTEvent;Ljava/lang/Object;)V' in 'java/awt/EventQueue')}
  0x00000170ad4e15e8: 4d85 c948 | bb00 d8f0 | 0471 0100 | 0075 0c80 | 8bc1 0300 | 0001 e9dd | 0000 0041 | 8b41 0849 
  0x00000170ad4e1608: ba00 0000 | c370 0100 | 0049 03c2 | 483b 83d0 | 0300 0075 | 0d48 8383 | d803 0000 | 01e9 6000 
  0x00000170ad4e1628: 0000 483b | 83e0 0300 | 0075 0d48 | 8383 e803 | 0000 01e9 | 4a00 0000 | 4883 bbd0 | 0300 0000 
  0x00000170ad4e1648: 7517 4889 | 83d0 0300 | 0048 c783 | d803 0000 | 0100 0000 | e929 0000 | 0048 83bb | e003 0000 
  0x00000170ad4e1668: 0075 1748 | 8983 e003 | 0000 48c7 | 83e8 0300 | 0001 0000 | 00e9 0800 | 0000 4883 | 83c8 0300 
  0x00000170ad4e1688: 0001 660f | 1f44 0000 

  0x00000170ad4e1690: ;   {no_reloc}
  0x00000170ad4e1690: e93d 1100 | 0000 0000 | 0000 418b | 5908 49ba | 0000 00c3 | 7001 0000 | 4903 da48 | 3bd8 0f84 
  0x00000170ad4e16b0: 3100 0000 | 8b78 1448 | 3b04 3b0f | 8424 0000 | 0083 ff20 | 0f85 1600 | 0000 5350 

  0x00000170ad4e16cc: ;   {runtime_call C1 Runtime slow_subtype_check_blob}
  0x00000170ad4e16cc: e86f f82c | 075b 5885 | c00f 8405 | 0000 00e9 | 0500 0000 | 4833 f6eb | 05be 0100 | 0000 85f6 
  0x00000170ad4e16ec: ;   {metadata(method data for {method} {0x000001710428ca40} 'dispatchEventImpl' '(Ljava/awt/AWTEvent;Ljava/lang/Object;)V' in 'java/awt/EventQueue')}
  0x00000170ad4e16ec: 48be 00d8 | f004 7101 | 0000 bf08 | 0400 0075 | 05bf f803 | 0000 488b | 1c3e 488d | 5b01 4889 
  0x00000170ad4e170c: 1c3e 0f85 | 8a08 0000 

  0x00000170ad4e1714: ;   {metadata(method data for {method} {0x000001710428ca40} 'dispatchEventImpl' '(Ljava/awt/AWTEvent;Ljava/lang/Object;)V' in 'java/awt/EventQueue')}
  0x00000170ad4e1714: 4d85 c948 | bb00 d8f0 | 0471 0100 | 0075 0c80 | 8b89 0400 | 0001 e9b0 | 0000 0041 | 8b41 0849 
  0x00000170ad4e1734: ba00 0000 | c370 0100 | 0049 03c2 | 483b 8398 | 0400 0075 | 0d48 8383 | a004 0000 | 01e9 6000 
  0x00000170ad4e1754: 0000 483b | 83a8 0400 | 0075 0d48 | 8383 b004 | 0000 01e9 | 4a00 0000 | 4883 bb98 | 0400 0000 
  0x00000170ad4e1774: 7517 4889 | 8398 0400 | 0048 c783 | a004 0000 | 0100 0000 | e929 0000 | 0048 83bb | a804 0000 
  0x00000170ad4e1794: 0075 1748 | 8983 a804 | 0000 48c7 | 83b0 0400 | 0001 0000 | 00e9 0800 | 0000 4883 | 8390 0400 
  0x00000170ad4e17b4: ;   {metadata('sun/awt/AWTAutoShutdown')}
  0x00000170ad4e17b4: 0001 48b8 | 6899 06c4 | 7001 0000 | 418b 7908 | 49ba 0000 | 00c3 7001 | 0000 4903 | fa48 3bc7 
  0x00000170ad4e17d4: 0f85 0500 | 0000 e905 | 0000 0048 | 33f6 eb05 | be01 0000 

  0x00000170ad4e17e8: ;   {metadata(method data for {method} {0x000001710428ca40} 'dispatchEventImpl' '(Ljava/awt/AWTEvent;Ljava/lang/Object;)V' in 'java/awt/EventQueue')}
  0x00000170ad4e17e8: 0085 f648 | be00 d8f0 | 0471 0100 | 00bf c004 | 0000 7405 | bfd0 0400 | 0048 8b1c | 3e48 8d5b 
  0x00000170ad4e1808: 0148 891c | 3e0f 843c | 0100 0048 

  0x00000170ad4e1814: ;   {metadata(method data for {method} {0x000001710428ca40} 'dispatchEventImpl' '(Ljava/awt/AWTEvent;Ljava/lang/Object;)V' in 'java/awt/EventQueue')}
  0x00000170ad4e1814: 8bf2 48bf | 00d8 f004 | 7101 0000 | 4883 87e0 | 0400 0001 

  0x00000170ad4e1828: ;   {metadata(method data for {method} {0x000001710428c078} 'noEvents' '()Z' in 'java/awt/EventQueue')}
  0x00000170ad4e1828: 48be f8e4 | f004 7101 | 0000 8bbe | cc00 0000 | 83c7 0289 | becc 0000 | 0081 e7fe | ff1f 0085 
  0x00000170ad4e1848: ff0f 848d | 0f00 00be | 0000 0000 | e988 0000 | 000f 1f80 | 0000 0000 | 8b7a 203b | 770c 0f83 
  0x00000170ad4e1868: 9b0f 0000 | 4863 de8b | 7c9f 108b | 7f0c 4885 

  0x00000170ad4e1878: ;   {metadata(method data for {method} {0x000001710428c078} 'noEvents' '()Z' in 'java/awt/EventQueue')}
  0x00000170ad4e1878: ff48 bff8 | e4f0 0471 | 0100 00bb | 4001 0000 | 7505 bb30 | 0100 0048 | 8b04 1f48 | 8d40 0148 
  0x00000170ad4e1898: 8904 1f0f | 8570 0000 

  0x00000170ad4e18a0: ;   {metadata(method data for {method} {0x000001710428c078} 'noEvents' '()Z' in 'java/awt/EventQueue')}
  0x00000170ad4e18a0: 00ff c648 | bff8 e4f0 | 0471 0100 | 008b 9fd0 | 0000 0083 | c302 899f | d000 0000 | 81e3 fe3f 
  0x00000170ad4e18c0: 0000 85db | 0f84 500f | 0000 4d8b 

  0x00000170ad4e18cc: ; ImmutableOopMap {rdx=Oop }
                      ;*goto {reexecute=1 rethrow=0 return_oop=0}
                      ; - (reexecute) java.awt.EventQueue::noEvents@24 (line 520)
                      ; - java.awt.EventQueue::dispatchEventImpl@95 (line 732)
                      ;   {poll}
  0x00000170ad4e18cc: 5730 4185 

  0x00000170ad4e18d0: ;   {metadata(method data for {method} {0x000001710428c078} 'noEvents' '()Z' in 'java/awt/EventQueue')}
  0x00000170ad4e18d0: 0248 bff8 | e4f0 0471 | 0100 00ff | 8750 0100 | 0083 fe04 

  0x00000170ad4e18e4: ;   {metadata(method data for {method} {0x000001710428c078} 'noEvents' '()Z' in 'java/awt/EventQueue')}
  0x00000170ad4e18e4: 48bf f8e4 | f004 7101 | 0000 bb10 | 0100 007d | 05bb 2001 | 0000 488b | 041f 488d | 4001 4889 
  0x00000170ad4e1904: 041f 0f8d | 0f00 0000 | e94f ffff | ffbe 0000 | 0000 e905 | 0000 00be | 0100 0000 

  0x00000170ad4e1920: ;   {metadata(method data for {method} {0x000001710428ca40} 'dispatchEventImpl' '(Ljava/awt/AWTEvent;Ljava/lang/Object;)V' in 'java/awt/EventQueue')}
  0x00000170ad4e1920: 85f6 48be | 00d8 f004 | 7101 0000 | bf10 0500 | 0074 05bf | 2005 0000 | 488b 1c3e | 488d 5b01 
  0x00000170ad4e1940: 4889 1c3e | 0f84 5f0d | 0000 e9c8 

  0x00000170ad4e194c: ;   {metadata(method data for {method} {0x000001710428ca40} 'dispatchEventImpl' '(Ljava/awt/AWTEvent;Ljava/lang/Object;)V' in 'java/awt/EventQueue')}
  0x00000170ad4e194c: 0500 0048 | ba00 d8f0 | 0471 0100 | 0048 8382 | 7805 0000 

  0x00000170ad4e1960: ;   {metadata(method data for {method} {0x000001710428ae48} 'getEventLog' '()Lsun/util/logging/PlatformLogger;' in 'java/awt/EventQueue')}
  0x00000170ad4e1960: 0148 bad8 | e7f0 0471 | 0100 008b | b2cc 0000 | 0083 c602 | 89b2 cc00 | 0000 81e6 | feff 1f00 
  0x00000170ad4e1980: 85f6 0f84 | b30e 0000 

  0x00000170ad4e1988: ;   {oop(a 'java/lang/Class'{0x0000000090cdf4b0} = 'java/awt/EventQueue')}
  0x00000170ad4e1988: 48ba b0f4 | cd90 0000 | 0000 8b52 | 7848 85d2 

  0x00000170ad4e1998: ;   {metadata(method data for {method} {0x000001710428ae48} 'getEventLog' '()Lsun/util/logging/PlatformLogger;' in 'java/awt/EventQueue')}
  0x00000170ad4e1998: 48ba d8e7 | f004 7101 | 0000 be10 | 0100 0075 | 05be 2001 | 0000 488b | 3c32 488d | 7f01 4889 
  0x00000170ad4e19b8: 3c32 0f85 | 6400 0000 

  0x00000170ad4e19c0: ;   {metadata(method data for {method} {0x000001710428ae48} 'getEventLog' '()Lsun/util/logging/PlatformLogger;' in 'java/awt/EventQueue')}
  0x00000170ad4e19c0: 48ba d8e7 | f004 7101 | 0000 4883 | 8230 0100 

  0x00000170ad4e19d0: ;   {oop("java.awt.event.EventQueue"{0x0000000090d00868})}
  0x00000170ad4e19d0: 0001 48ba | 6808 d090 | 0000 0000 

  0x00000170ad4e19dc: ;   {static_call}
  0x00000170ad4e19dc: 6666 90e8 

  0x00000170ad4e19e0: ; ImmutableOopMap {[168]=Oop }
                      ;*invokestatic getLogger {reexecute=0 rethrow=0 return_oop=0}
                      ; - java.awt.EventQueue::getEventLog@8 (line 181)
                      ; - java.awt.EventQueue::dispatchEventImpl@111 (line 736)
  0x00000170ad4e19e0: 7cd6 2007 

  0x00000170ad4e19e4: ;   {post_call_nop}
  0x00000170ad4e19e4: 0f1f 8400 | dc11 0005 

  0x00000170ad4e19ec: ;   {oop(a 'java/lang/Class'{0x0000000090cdf4b0} = 'java/awt/EventQueue')}
  0x00000170ad4e19ec: 49b8 b0f4 | cd90 0000 | 0000 410f | be57 4885 | d20f 8559 | 0e00 004c | 8bd0 4589 | 5078 f083 
  0x00000170ad4e1a0c: 4424 c000 | 498b d048 | 33d0 48c1 | ea14 4883 | fa00 0f85 | 540e 0000 

  0x00000170ad4e1a24: ;   {oop(a 'java/lang/Class'{0x0000000090cdf4b0} = 'java/awt/EventQueue')}
  0x00000170ad4e1a24: 49b8 b0f4 | cd90 0000 | 0000 458b | 4078 493b | 0049 8bd0 

  0x00000170ad4e1a38: ;   {metadata(method data for {method} {0x000001710428ca40} 'dispatchEventImpl' '(Ljava/awt/AWTEvent;Ljava/lang/Object;)V' in 'java/awt/EventQueue')}
  0x00000170ad4e1a38: 48be 00d8 | f004 7101 

  0x00000170ad4e1a40: ;   {metadata('sun/util/logging/PlatformLogger')}
  0x00000170ad4e1a40: 0000 49ba | d801 05c4 | 7001 0000 | 4c89 9690 | 0500 0048 | 8386 9805 

  0x00000170ad4e1a58: ;   {metadata(method data for {method} {0x0000017104102d48} 'isLoggable' '(Lsun/util/logging/PlatformLogger$Level;)Z' in 'sun/util/logging/PlatformLogger')}
  0x00000170ad4e1a58: 0000 0148 | bac8 fc76 | 0471 0100 | 008b b2cc | 0000 0083 | c602 89b2 | cc00 0000 | 81e6 feff 
  0x00000170ad4e1a78: 1f00 85f6 | 0f84 130e 

  0x00000170ad4e1a80: ;   {metadata(method data for {method} {0x0000017104102d48} 'isLoggable' '(Lsun/util/logging/PlatformLogger$Level;)Z' in 'sun/util/logging/PlatformLogger')}
  0x00000170ad4e1a80: 0000 48ba | c8fc 7604 | 7101 0000 | ff82 1001 | 0000 418b | 500c 483b | 024c 8bc2 

  0x00000170ad4e1a9c: ;   {metadata(method data for {method} {0x0000017104102d48} 'isLoggable' '(Lsun/util/logging/PlatformLogger$Level;)Z' in 'sun/util/logging/PlatformLogger')}
  0x00000170ad4e1a9c: 48be c8fc | 7604 7101 | 0000 458b | 4008 49ba | 0000 00c3 | 7001 0000 | 4d03 c24c | 3b86 4801 
  0x00000170ad4e1abc: 0000 750d | 4883 8650 | 0100 0001 | e960 0000 | 004c 3b86 | 5801 0000 | 750d 4883 | 8660 0100 
  0x00000170ad4e1adc: 0001 e94a | 0000 0048 | 83be 4801 | 0000 0075 | 174c 8986 | 4801 0000 | 48c7 8650 | 0100 0001 
  0x00000170ad4e1afc: 0000 00e9 | 2900 0000 | 4883 be58 | 0100 0000 | 7517 4c89 | 8658 0100 | 0048 c786 | 6001 0000 
  0x00000170ad4e1b1c: 0100 0000 | e908 0000 | 0048 8386 | 4001 0000 

  0x00000170ad4e1b2c: ;   {oop(a 'sun/util/logging/PlatformLogger$Level'{0x0000000090c3fbd0})}
  0x00000170ad4e1b2c: 0149 b8d0 | fbc3 9000 | 0000 0066 | 0f1f 4400 | 0048 b858 | a1f9 0c71 

  0x00000170ad4e1b44: ;   {virtual_call}
  0x00000170ad4e1b44: 0100 00e8 

  0x00000170ad4e1b48: ; ImmutableOopMap {[168]=Oop }
                      ;*invokeinterface isLoggable {reexecute=0 rethrow=0 return_oop=0}
                      ; - sun.util.logging.PlatformLogger::isLoggable@17 (line 340)
                      ; - java.awt.EventQueue::dispatchEventImpl@117 (line 736)
  0x00000170ad4e1b48: 14d2 2007 

  0x00000170ad4e1b4c: ;   {post_call_nop}
  0x00000170ad4e1b4c: 0f1f 8400 | 4413 0006 | 83e0 0185 

  0x00000170ad4e1b58: ;   {metadata(method data for {method} {0x000001710428ca40} 'dispatchEventImpl' '(Ljava/awt/AWTEvent;Ljava/lang/Object;)V' in 'java/awt/EventQueue')}
  0x00000170ad4e1b58: c048 ba00 | d8f0 0471 | 0100 00be | b805 0000 | 7405 bec8 | 0500 0048 | 8b3c 3248 | 8d7f 0148 
  0x00000170ad4e1b78: 893c 320f | 8428 0b00 

  0x00000170ad4e1b80: ;   {metadata(method data for {method} {0x000001710428ca40} 'dispatchEventImpl' '(Ljava/awt/AWTEvent;Ljava/lang/Object;)V' in 'java/awt/EventQueue')}
  0x00000170ad4e1b80: 0048 ba00 | d8f0 0471 | 0100 0048 | 8382 d805 

  0x00000170ad4e1b90: ;   {metadata(method data for {method} {0x000001710428ae48} 'getEventLog' '()Lsun/util/logging/PlatformLogger;' in 'java/awt/EventQueue')}
  0x00000170ad4e1b90: 0000 0148 | bad8 e7f0 | 0471 0100 | 008b b2cc | 0000 0083 | c602 89b2 | cc00 0000 | 81e6 feff 
  0x00000170ad4e1bb0: 1f00 85f6 | 0f84 010d 

  0x00000170ad4e1bb8: ;   {oop(a 'java/lang/Class'{0x0000000090cdf4b0} = 'java/awt/EventQueue')}
  0x00000170ad4e1bb8: 0000 48ba | b0f4 cd90 | 0000 0000 | 8b52 7848 

  0x00000170ad4e1bc8: ;   {metadata(method data for {method} {0x000001710428ae48} 'getEventLog' '()Lsun/util/logging/PlatformLogger;' in 'java/awt/EventQueue')}
  0x00000170ad4e1bc8: 85d2 48ba | d8e7 f004 | 7101 0000 | be10 0100 | 0075 05be | 2001 0000 | 488b 3c32 | 488d 7f01 
  0x00000170ad4e1be8: 4889 3c32 | 0f85 6200 

  0x00000170ad4e1bf0: ;   {metadata(method data for {method} {0x000001710428ae48} 'getEventLog' '()Lsun/util/logging/PlatformLogger;' in 'java/awt/EventQueue')}
  0x00000170ad4e1bf0: 0000 48ba | d8e7 f004 | 7101 0000 | 4883 8230 | 0100 0001 

  0x00000170ad4e1c04: ;   {oop("java.awt.event.EventQueue"{0x0000000090d00868})}
  0x00000170ad4e1c04: 48ba 6808 | d090 0000 

  0x00000170ad4e1c0c: ;   {static_call}
  0x00000170ad4e1c0c: 0000 90e8 

  0x00000170ad4e1c10: ; ImmutableOopMap {[168]=Oop }
                      ;*invokestatic getLogger {reexecute=0 rethrow=0 return_oop=0}
                      ; - java.awt.EventQueue::getEventLog@8 (line 181)
                      ; - java.awt.EventQueue::dispatchEventImpl@123 (line 737)
  0x00000170ad4e1c10: 4cd4 2007 

  0x00000170ad4e1c14: ;   {post_call_nop}
  0x00000170ad4e1c14: 0f1f 8400 | 0c14 0007 

  0x00000170ad4e1c1c: ;   {oop(a 'java/lang/Class'{0x0000000090cdf4b0} = 'java/awt/EventQueue')}
  0x00000170ad4e1c1c: 48ba b0f4 | cd90 0000 | 0000 410f | be77 4885 | f60f 85a9 | 0c00 004c | 8bd0 4489 | 5278 f083 
  0x00000170ad4e1c3c: 4424 c000 | 488b f248 | 33f0 48c1 | ee14 4883 | fe00 0f85 | a30c 0000 

  0x00000170ad4e1c54: ;   {oop(a 'java/lang/Class'{0x0000000090cdf4b0} = 'java/awt/EventQueue')}
  0x00000170ad4e1c54: 48ba b0f4 | cd90 0000 | 0000 8b72 | 7848 89b4 | 24b8 0000 | 004c 8b84 | 24a8 0000 

  0x00000170ad4e1c70: ;   {metadata(method data for {method} {0x000001710428ca40} 'dispatchEventImpl' '(Ljava/awt/AWTEvent;Ljava/lang/Object;)V' in 'java/awt/EventQueue')}
  0x00000170ad4e1c70: 0048 ba00 | d8f0 0471 | 0100 0048 | 8382 e805 

  0x00000170ad4e1c80: ;   {metadata(method data for {method} {0x00000170c347f488} 'valueOf' '(Ljava/lang/Object;)Ljava/lang/String;' in 'java/lang/String')}
  0x00000170ad4e1c80: 0000 0148 | ba38 412b | 0471 0100 | 008b bacc | 0000 0083 | c702 89ba | cc00 0000 | 81e7 feff 
  0x00000170ad4e1ca0: 1f00 85ff | 0f84 650c | 0000 4d85 

  0x00000170ad4e1cac: ;   {metadata(method data for {method} {0x00000170c347f488} 'valueOf' '(Ljava/lang/Object;)Ljava/lang/String;' in 'java/lang/String')}
  0x00000170ad4e1cac: c048 ba38 | 412b 0471 | 0100 00bf | 1001 0000 | 7505 bf20 | 0100 0048 | 8b1c 3a48 | 8d5b 0148 
  0x00000170ad4e1ccc: 891c 3a0f | 851f 0000 

  0x00000170ad4e1cd4: ;   {metadata(method data for {method} {0x00000170c347f488} 'valueOf' '(Ljava/lang/Object;)Ljava/lang/String;' in 'java/lang/String')}
  0x00000170ad4e1cd4: 0048 ba38 | 412b 0471 | 0100 00ff | 8230 0100 

  0x00000170ad4e1ce4: ;   {oop("null"{0x00000000ffe1cbb0})}
  0x00000170ad4e1ce4: 0048 bfb0 | cbe1 ff00 | 0000 00e9 | ab00 0000 

  0x00000170ad4e1cf4: ;   {metadata(method data for {method} {0x00000170c347f488} 'valueOf' '(Ljava/lang/Object;)Ljava/lang/String;' in 'java/lang/String')}
  0x00000170ad4e1cf4: 498b d048 | bf38 412b | 0471 0100 | 008b 5208 | 49ba 0000 | 00c3 7001 | 0000 4903 | d248 3b97 
  0x00000170ad4e1d14: 5001 0000 | 750d 4883 | 8758 0100 | 0001 e960 | 0000 0048 | 3b97 6001 | 0000 750d | 4883 8768 
  0x00000170ad4e1d34: 0100 0001 | e94a 0000 | 0048 83bf | 5001 0000 | 0075 1748 | 8997 5001 | 0000 48c7 | 8758 0100 
  0x00000170ad4e1d54: 0001 0000 | 00e9 2900 | 0000 4883 | bf60 0100 | 0000 7517 | 4889 9760 | 0100 0048 | c787 6801 
  0x00000170ad4e1d74: 0000 0100 | 0000 e908 | 0000 0048 | 8387 4801 | 0000 0149 | 8bd0 0f1f 

  0x00000170ad4e1d8c: ;   {optimized virtual_call}
  0x00000170ad4e1d8c: 4400 00e8 

  0x00000170ad4e1d90: ; ImmutableOopMap {[184]=Oop }
                      ;*invokevirtual toString {reexecute=0 rethrow=0 return_oop=0}
                      ; - java.lang.String::valueOf@11 (line 4543)
                      ; - java.awt.EventQueue::dispatchEventImpl@127 (line 737)
  0x00000170ad4e1d90: cccc 2007 

  0x00000170ad4e1d94: ;   {post_call_nop}
  0x00000170ad4e1d94: 0f1f 8400 | 8c15 0008 | 488b f890 

  0x00000170ad4e1da0: ;   {no_reloc}
  0x00000170ad4e1da0: e99a 0b00 | 0090 9090 | 9090 488b 

  0x00000170ad4e1dac: ;   {static_call}
  0x00000170ad4e1dac: d766 90e8 

  0x00000170ad4e1db0: ; ImmutableOopMap {[184]=Oop }
                      ;*invokedynamic {reexecute=0 rethrow=0 return_oop=0}
                      ; - java.awt.EventQueue::dispatchEventImpl@130 (line 737)
  0x00000170ad4e1db0: acd2 2007 

  0x00000170ad4e1db4: ;   {post_call_nop}
  0x00000170ad4e1db4: 0f1f 8400 | ac15 0009 

  0x00000170ad4e1dbc: ;   {metadata(method data for {method} {0x000001710428ca40} 'dispatchEventImpl' '(Ljava/awt/AWTEvent;Ljava/lang/Object;)V' in 'java/awt/EventQueue')}
  0x00000170ad4e1dbc: 49b8 00d8 | f004 7101 | 0000 4d8d | 8018 0600 | 0048 85c0 | 750b 41f6 | 0001 7505 | f049 8308 
  0x00000170ad4e1ddc: 0148 8bb4 | 24b8 0000 | 0048 3b06 

  0x00000170ad4e1de8: ;   {metadata(method data for {method} {0x000001710428ca40} 'dispatchEventImpl' '(Ljava/awt/AWTEvent;Ljava/lang/Object;)V' in 'java/awt/EventQueue')}
  0x00000170ad4e1de8: 4c8b c649 | b900 d8f0 | 0471 0100 

  0x00000170ad4e1df4: ;   {metadata('sun/util/logging/PlatformLogger')}
  0x00000170ad4e1df4: 0049 bad8 | 0105 c470 | 0100 004d | 8991 3006 | 0000 4983 | 8138 0600 

  0x00000170ad4e1e0c: ;   {metadata(method data for {method} {0x00000171041039a0} 'fine' '(Ljava/lang/String;)V' in 'sun/util/logging/PlatformLogger')}
  0x00000170ad4e1e0c: 0001 49b8 | d8e5 dd04 | 7101 0000 | 458b 88cc | 0000 0041 | 83c1 0245 | 8988 cc00 | 0000 4181 
  0x00000170ad4e1e2c: e1fe ff1f | 0045 85c9 | 0f84 140b | 0000 8b56 | 0c48 3b02 

  0x00000170ad4e1e40: ;   {metadata(method data for {method} {0x00000171041039a0} 'fine' '(Ljava/lang/String;)V' in 'sun/util/logging/PlatformLogger')}
  0x00000170ad4e1e40: 4c8b c249 | b9d8 e5dd | 0471 0100 | 0045 8b40 | 0849 ba00 | 0000 c370 | 0100 004d | 03c2 4d3b 
  0x00000170ad4e1e60: 8148 0100 | 0075 0d49 | 8381 5001 | 0000 01e9 | 6000 0000 | 4d3b 8158 | 0100 0075 | 0d49 8381 
  0x00000170ad4e1e80: 6001 0000 | 01e9 4a00 | 0000 4983 | b948 0100 | 0000 7517 | 4d89 8148 | 0100 0049 | c781 5001 
  0x00000170ad4e1ea0: 0000 0100 | 0000 e929 | 0000 0049 | 83b9 5801 | 0000 0075 | 174d 8981 | 5801 0000 | 49c7 8160 
  0x00000170ad4e1ec0: 0100 0001 | 0000 00e9 | 0800 0000 | 4983 8140 | 0100 0001 

  0x00000170ad4e1ed4: ;   {oop(a 'sun/util/logging/PlatformLogger$Level'{0x0000000090c3fbd0})}
  0x00000170ad4e1ed4: 49b8 d0fb | c390 0000 | 0000 4c8b 

  0x00000170ad4e1ee0: ;   {oop(nullptr)}
  0x00000170ad4e1ee0: c848 bf00 | 0000 0000 | 0000 0066 | 9048 b880 | a1f9 0c71 

  0x00000170ad4e1ef4: ;   {virtual_call}
  0x00000170ad4e1ef4: 0100 00e8 

  0x00000170ad4e1ef8: ; ImmutableOopMap {}
                      ;*invokeinterface log {reexecute=0 rethrow=0 return_oop=0}
                      ; - sun.util.logging.PlatformLogger::fine@12 (line 449)
                      ; - java.awt.EventQueue::dispatchEventImpl@135 (line 737)
  0x00000170ad4e1ef8: 64ce 2007 

  0x00000170ad4e1efc: ;   {post_call_nop}
  0x00000170ad4e1efc: 0f1f 8400 | f416 000a | 4881 c4d0 | 0000 005d 

  0x00000170ad4e1f0c: ;   {poll_return}
  0x00000170ad4e1f0c: 493b 6728 | 0f87 5e0a | 0000 c344 | 8b42 3449 | 3b00 498b 

  0x00000170ad4e1f20: ;   {metadata(method data for {method} {0x000001710428ca40} 'dispatchEventImpl' '(Ljava/awt/AWTEvent;Ljava/lang/Object;)V' in 'java/awt/EventQueue')}
  0x00000170ad4e1f20: d048 be00 | d8f0 0471 

  0x00000170ad4e1f28: ;   {metadata('java/awt/EventDispatchThread')}
  0x00000170ad4e1f28: 0100 0049 | baf0 6a09 | c470 0100 | 004c 8996 | 3805 0000 | 4883 8640 | 0500 0001 

  0x00000170ad4e1f44: ;   {metadata(method data for {method} {0x00000171044c77c0} 'stopDispatching' '()V' in 'java/awt/EventDispatchThread')}
  0x00000170ad4e1f44: 48ba a0e6 | f004 7101 | 0000 8bb2 | cc00 0000 | 83c6 0289 | b2cc 0000 | 0081 e6fe | ff1f 0085 
  0x00000170ad4e1f64: f60f 8424 | 0a00 00ba | 0000 0000 | 4188 5070 | f083 4424 

  0x00000170ad4e1f78: ;   {metadata(method data for {method} {0x000001710428ca40} 'dispatchEventImpl' '(Ljava/awt/AWTEvent;Ljava/lang/Object;)V' in 'java/awt/EventQueue')}
  0x00000170ad4e1f78: c000 49b8 | 00d8 f004 | 7101 0000 | 41ff 8060 | 0500 0048 | 81c4 d000 

  0x00000170ad4e1f90: ;   {poll_return}
  0x00000170ad4e1f90: 0000 5d49 | 3b67 280f | 8713 0a00 | 00c3 4c8b | 8424 a800 | 0000 4d85 

  0x00000170ad4e1fa8: ;   {metadata(method data for {method} {0x000001710428ca40} 'dispatchEventImpl' '(Ljava/awt/AWTEvent;Ljava/lang/Object;)V' in 'java/awt/EventQueue')}
  0x00000170ad4e1fa8: c948 bf00 | d8f0 0471 | 0100 0075 | 0c80 8f11 | 0400 0001 | e9d7 0000 | 0041 8b59 | 0849 ba00 
  0x00000170ad4e1fc8: 0000 c370 | 0100 0049 | 03da 483b | 9f20 0400 | 0075 0d48 | 8387 2804 | 0000 01e9 | 6000 0000 
  0x00000170ad4e1fe8: 483b 9f30 | 0400 0075 | 0d48 8387 | 3804 0000 | 01e9 4a00 | 0000 4883 | bf20 0400 | 0000 7517 
  0x00000170ad4e2008: 4889 9f20 | 0400 0048 | c787 2804 | 0000 0100 | 0000 e929 | 0000 0048 | 83bf 3004 | 0000 0075 
  0x00000170ad4e2028: 1748 899f | 3004 0000 | 48c7 8738 | 0400 0001 | 0000 00e9 | 0800 0000 | 4883 8718 | 0400 0001 
  0x00000170ad4e2048: ;   {no_reloc}
  0x00000170ad4e2048: e988 0900 | 0000 0000 | 0000 418b | 7908 49ba | 0000 00c3 | 7001 0000 | 4903 fa48 | 3bfb 0f84 
  0x00000170ad4e2068: 2c00 0000 | 8b73 1448 | 3b1c 370f | 841f 0000 | 0083 fe20 | 0f85 5d09 | 0000 5753 

  0x00000170ad4e2084: ;   {runtime_call C1 Runtime slow_subtype_check_blob}
  0x00000170ad4e2084: e8b7 ee2c | 075f 5b85 | db0f 844c | 0900 00e9 | 0000 0000 | 498b d166 | 9048 b8a8 | a1f9 0c71 
  0x00000170ad4e20a4: ;   {virtual_call}
  0x00000170ad4e20a4: 0100 00e8 

  0x00000170ad4e20a8: ; ImmutableOopMap {}
                      ;*invokevirtual dispatchEvent {reexecute=0 rethrow=0 return_oop=0}
                      ; - java.awt.EventQueue::dispatchEventImpl@81 (line 730)
  0x00000170ad4e20a8: b4cc 2007 

  0x00000170ad4e20ac: ;   {post_call_nop}
  0x00000170ad4e20ac: 0f1f 8400 | a418 000b 

  0x00000170ad4e20b4: ;   {metadata(method data for {method} {0x000001710428ca40} 'dispatchEventImpl' '(Ljava/awt/AWTEvent;Ljava/lang/Object;)V' in 'java/awt/EventQueue')}
  0x00000170ad4e20b4: 49b8 00d8 | f004 7101 | 0000 41ff | 8078 0400 | 0048 81c4 | d000 0000 

  0x00000170ad4e20cc: ;   {poll_return}
  0x00000170ad4e20cc: 5d49 3b67 | 280f 8711 | 0900 00c3 | 4c8b 8424 | a800 0000 

  0x00000170ad4e20e0: ;   {metadata(method data for {method} {0x000001710428ca40} 'dispatchEventImpl' '(Ljava/awt/AWTEvent;Ljava/lang/Object;)V' in 'java/awt/EventQueue')}
  0x00000170ad4e20e0: 4d85 c948 | bf00 d8f0 | 0471 0100 | 0075 0c80 | 8f49 0300 | 0001 e9b0 | 0000 0041 | 8b59 0849 
  0x00000170ad4e2100: ba00 0000 | c370 0100 | 0049 03da | 483b 9f58 | 0300 0075 | 0d48 8387 | 6003 0000 | 01e9 6000 
  0x00000170ad4e2120: 0000 483b | 9f68 0300 | 0075 0d48 | 8387 7003 | 0000 01e9 | 4a00 0000 | 4883 bf58 | 0300 0000 
  0x00000170ad4e2140: 7517 4889 | 9f58 0300 | 0048 c787 | 6003 0000 | 0100 0000 | e929 0000 | 0048 83bf | 6803 0000 
  0x00000170ad4e2160: 0075 1748 | 899f 6803 | 0000 48c7 | 8770 0300 | 0001 0000 | 00e9 0800 | 0000 4883 | 8750 0300 
  0x00000170ad4e2180: ;   {metadata('java/awt/MenuComponent')}
  0x00000170ad4e2180: 0001 48bb | 6890 9204 | 7101 0000 | 418b 7108 | 49ba 0000 | 00c3 7001 | 0000 4903 | f248 3bde 
  0x00000170ad4e21a0: 0f85 5808 | 0000 e900 | 0000 0049 | 8bd1 483b | 0248 8bf2 

  0x00000170ad4e21b4: ;   {metadata(method data for {method} {0x000001710428ca40} 'dispatchEventImpl' '(Ljava/awt/AWTEvent;Ljava/lang/Object;)V' in 'java/awt/EventQueue')}
  0x00000170ad4e21b4: 48bf 00d8 | f004 7101 | 0000 8b76 | 0849 ba00 | 0000 c370 | 0100 0049 | 03f2 483b | b788 0300 
  0x00000170ad4e21d4: 0075 0d48 | 8387 9003 | 0000 01e9 | 6000 0000 | 483b b798 | 0300 0075 | 0d48 8387 | a003 0000 
  0x00000170ad4e21f4: 01e9 4a00 | 0000 4883 | bf88 0300 | 0000 7517 | 4889 b788 | 0300 0048 | c787 9003 | 0000 0100 
  0x00000170ad4e2214: 0000 e929 | 0000 0048 | 83bf 9803 | 0000 0075 | 1748 89b7 | 9803 0000 | 48c7 87a0 | 0300 0001 
  0x00000170ad4e2234: 0000 00e9 | 0800 0000 | 4883 8780 | 0300 0001 

  0x00000170ad4e2244: ;   {optimized virtual_call}
  0x00000170ad4e2244: 6666 90e8 

  0x00000170ad4e2248: ; ImmutableOopMap {}
                      ;*invokevirtual dispatchEvent {reexecute=0 rethrow=0 return_oop=0}
                      ; - java.awt.EventQueue::dispatchEventImpl@63 (line 728)
  0x00000170ad4e2248: 14c8 2007 

  0x00000170ad4e224c: ;   {post_call_nop}
  0x00000170ad4e224c: 0f1f 8400 | 441a 000c 

  0x00000170ad4e2254: ;   {metadata(method data for {method} {0x000001710428ca40} 'dispatchEventImpl' '(Ljava/awt/AWTEvent;Ljava/lang/Object;)V' in 'java/awt/EventQueue')}
  0x00000170ad4e2254: 49b8 00d8 | f004 7101 | 0000 41ff | 80b0 0300 | 0048 81c4 | d000 0000 

  0x00000170ad4e226c: ;   {poll_return}
  0x00000170ad4e226c: 5d49 3b67 | 280f 8795 | 0700 00c3 

  0x00000170ad4e2278: ;   {metadata(method data for {method} {0x000001710428ca40} 'dispatchEventImpl' '(Ljava/awt/AWTEvent;Ljava/lang/Object;)V' in 'java/awt/EventQueue')}
  0x00000170ad4e2278: 488b f248 | bf00 d8f0 | 0471 0100 | 0048 8387 | 6001 0000 | 0149 8bf0 | 4c8b c60f 

  0x00000170ad4e2294: ;   {optimized virtual_call}
  0x00000170ad4e2294: 1f40 00e8 

  0x00000170ad4e2298: ; ImmutableOopMap {[168]=Oop }
                      ;*invokevirtual setCurrentEventAndMostRecentTimeImpl {reexecute=0 rethrow=0 return_oop=0}
                      ; - java.awt.EventQueue::dispatchEventImpl@14 (line 722)
  0x00000170ad4e2298: a499 ffff 

  0x00000170ad4e229c: ;   {post_call_nop}
  0x00000170ad4e229c: 0f1f 8400 | 941a 000d | 4c8b 8424 | a800 0000 

  0x00000170ad4e22ac: ;   {metadata(method data for {method} {0x000001710428ca40} 'dispatchEventImpl' '(Ljava/awt/AWTEvent;Ljava/lang/Object;)V' in 'java/awt/EventQueue')}
  0x00000170ad4e22ac: 4d85 c048 | bf00 d8f0 | 0471 0100 | 0075 0c80 | 8f89 0100 | 0001 e9cb | 0000 0041 | 8b58 0849 
  0x00000170ad4e22cc: ba00 0000 | c370 0100 | 0049 03da | 483b 9f98 | 0100 0075 | 0d48 8387 | a001 0000 | 01e9 6000 
  0x00000170ad4e22ec: 0000 483b | 9fa8 0100 | 0075 0d48 | 8387 b001 | 0000 01e9 | 4a00 0000 | 4883 bf98 | 0100 0000 
  0x00000170ad4e230c: 7517 4889 | 9f98 0100 | 0048 c787 | a001 0000 | 0100 0000 | e929 0000 | 0048 83bf | a801 0000 
  0x00000170ad4e232c: 0075 1748 | 899f a801 | 0000 48c7 | 87b0 0100 | 0001 0000 | 00e9 0800 | 0000 4883 | 8790 0100 
  0x00000170ad4e234c: ;   {metadata('java/awt/ActiveEvent')}
  0x00000170ad4e234c: 0001 48bb | 984c 4c04 | 7101 0000 | 418b 7808 | 49ba 0000 | 00c3 7001 | 0000 4903 | fa48 3b5f 
  0x00000170ad4e236c: 200f 841f | 0000 0048 | 3bfb 0f84 | 1600 0000 

  0x00000170ad4e237c: ;   {runtime_call C1 Runtime slow_subtype_check_blob}
  0x00000170ad4e237c: 5753 e8bd | eb2c 075f | 5f85 ff0f | 8495 0600 | 00e9 0000 | 0000 498b | d048 3b02 

  0x00000170ad4e2398: ;   {metadata(method data for {method} {0x000001710428ca40} 'dispatchEventImpl' '(Ljava/awt/AWTEvent;Ljava/lang/Object;)V' in 'java/awt/EventQueue')}
  0x00000170ad4e2398: 488b f248 | bf00 d8f0 | 0471 0100 | 008b 7608 | 49ba 0000 | 00c3 7001 | 0000 4903 | f248 3bb7 
  0x00000170ad4e23b8: c801 0000 | 750d 4883 | 87d0 0100 | 0001 e960 | 0000 0048 | 3bb7 d801 | 0000 750d | 4883 87e0 
  0x00000170ad4e23d8: 0100 0001 | e94a 0000 | 0048 83bf | c801 0000 | 0075 1748 | 89b7 c801 | 0000 48c7 | 87d0 0100 
  0x00000170ad4e23f8: 0001 0000 | 00e9 2900 | 0000 4883 | bfd8 0100 | 0000 7517 | 4889 b7d8 | 0100 0048 | c787 e001 
  0x00000170ad4e2418: 0000 0100 | 0000 e908 | 0000 0048 | 8387 c001 | 0000 0166 | 9048 b8d0 | a1f9 0c71 

  0x00000170ad4e2434: ;   {virtual_call}
  0x00000170ad4e2434: 0100 00e8 

  0x00000170ad4e2438: ; ImmutableOopMap {}
                      ;*invokeinterface dispatch {reexecute=0 rethrow=0 return_oop=0}
                      ; - java.awt.EventQueue::dispatchEventImpl@21 (line 723)
  0x00000170ad4e2438: 1497 2d07 

  0x00000170ad4e243c: ;   {post_call_nop}
  0x00000170ad4e243c: 0f1f 8400 | 341c 000e 

  0x00000170ad4e2444: ;   {metadata(method data for {method} {0x000001710428ca40} 'dispatchEventImpl' '(Ljava/awt/AWTEvent;Ljava/lang/Object;)V' in 'java/awt/EventQueue')}
  0x00000170ad4e2444: 48ba 00d8 | f004 7101 | 0000 ff82 | f001 0000 | 4881 c4d0 | 0000 005d 

  0x00000170ad4e245c: ;   {poll_return}
  0x00000170ad4e245c: 493b 6728 | 0f87 ca05 | 0000 c390 

  0x00000170ad4e2468: ;   {no_reloc}
  0x00000170ad4e2468: e9e8 0500 | 0000 0000 | 0000 80ba | 4001 0000 | 040f 85e5 | 0500 0049 | 8b87 c801 | 0000 488d 
  0x00000170ad4e2488: 7828 493b | bfd8 0100 | 000f 87cd | 0500 0049 | 89bf c801 | 0000 48c7 | 0001 0000 | 0048 8bca 
  0x00000170ad4e24a8: 49ba 0000 | 00c3 7001 | 0000 492b | ca89 4808 | 4833 c989 | 480c 4833 | c948 8948 | 1048 8948 
  0x00000170ad4e24c8: 1848 8948 | 2048 8bd0 

  0x00000170ad4e24d0: ;   {metadata(method data for {method} {0x00000170c344b720} 'lookup' '()Ljava/lang/invoke/MethodHandles$Lookup;' in 'java/lang/invoke/MethodHandles')}
  0x00000170ad4e24d0: 48be d07d | 7f04 7101 | 0000 4883 | 8640 0100 

  0x00000170ad4e24e0: ;   {oop("no caller frame"{0x00000000ffe27428})}
  0x00000170ad4e24e0: 0001 49b8 | 2874 e2ff | 0000 0000 | 488b d048 | 8984 24c0 

  0x00000170ad4e24f4: ;   {optimized virtual_call}
  0x00000170ad4e24f4: 0000 00e8 

  0x00000170ad4e24f8: ; ImmutableOopMap {[168]=Oop [192]=Oop }
                      ;*invokespecial <init> {reexecute=0 rethrow=0 return_oop=0}
                      ; - java.lang.invoke.MethodHandles::lookup@14 (line 128)
                      ; - sun.awt.AWTAccessor::ensureClassInitialized@0 (line 1464)
                      ; - sun.awt.AWTAccessor::getInputEventAccessor@10 (line 963)
                      ; - java.awt.AWTEvent::dispatched@7 (line 571)
                      ; - java.awt.EventQueue::dispatchEventImpl@45 (line 726)
  0x00000170ad4e24f8: 64c5 2007 

  0x00000170ad4e24fc: ;   {post_call_nop}
  0x00000170ad4e24fc: 0f1f 8400 | f41c 000f | 488b 8424 | c000 0000 | e9cc 0500 | 0049 8b87 | 0805 0000 | 4d33 d24d 
  0x00000170ad4e251c: 8997 0805 | 0000 4d33 | d24d 8997 | 1005 0000 

  0x00000170ad4e252c: ;   {oop(a 'java/lang/Class'{0x0000000090c475a8} = 'sun/awt/AWTAccessor')}
  0x00000170ad4e252c: 48be a875 | c490 0000 | 0000 8bb6 | 8400 0000 | 4c8b 8424 | a800 0000 

  0x00000170ad4e2544: ;   {metadata(method data for {method} {0x00000171040fc718} 'dispatched' '()V' in 'java/awt/AWTEvent')}
  0x00000170ad4e2544: 4d85 c048 | b830 e0f0 | 0471 0100 | 0075 0c80 | 8869 0100 | 0001 e9b1 | 0000 0041 | 8b50 0849 
  0x00000170ad4e2564: ba00 0000 | c370 0100 | 0049 03d2 | 483b 9078 | 0100 0075 | 0d48 8380 | 8001 0000 | 01e9 6000 
  0x00000170ad4e2584: 0000 483b | 9088 0100 | 0075 0d48 | 8380 9001 | 0000 01e9 | 4a00 0000 | 4883 b878 | 0100 0000 
  0x00000170ad4e25a4: 7517 4889 | 9078 0100 | 0048 c780 | 8001 0000 | 0100 0000 | e929 0000 | 0048 83b8 | 8801 0000 
  0x00000170ad4e25c4: 0075 1748 | 8990 8801 | 0000 48c7 | 8090 0100 | 0001 0000 | 00e9 0800 | 0000 4883 | 8070 0100 
  0x00000170ad4e25e4: ;   {metadata('java/awt/event/InputEvent')}
  0x00000170ad4e25e4: 0001 48ba | a01c 1004 | 7101 0000 | 418b 4008 | 49ba 0000 | 00c3 7001 | 0000 4903 | c248 3b50 
  0x00000170ad4e2604: 500f 8566 | 0400 00e9 | 0000 0000 | 498b f848 | 85f6 0f84 | 2900 0000 

  0x00000170ad4e261c: ;   {metadata('java/awt/event/InputEvent$1')}
  0x00000170ad4e261c: 48b9 f846 | 05c4 7001 | 0000 8b56 | 0849 ba00 | 0000 c370 | 0100 0049 | 03d2 483b | 4a38 0f85 
  0x00000170ad4e263c: 3a04 0000 | e900 0000 | 0048 8bde 

  0x00000170ad4e2648: ; implicit exception: dispatches to 0x00000170ad4e2a7f
                      ;   {metadata(method data for {method} {0x00000171040fc718} 'dispatched' '()V' in 'java/awt/AWTEvent')}
  0x00000170ad4e2648: 483b 0648 | bb30 e0f0 | 0471 0100 

  0x00000170ad4e2654: ;   {metadata('java/awt/event/InputEvent$1')}
  0x00000170ad4e2654: 0049 baf8 | 4605 c470 | 0100 004c | 8993 a801 | 0000 4883 | 83b0 0100 

  0x00000170ad4e266c: ;   {metadata(method data for {method} {0x0000017104138378} 'setCanAccessSystemClipboard' '(Ljava/awt/event/InputEvent;Z)V' in 'java/awt/event/InputEvent$1')}
  0x00000170ad4e266c: 0001 48be | b8e3 f004 | 7101 0000 | 8b9e cc00 | 0000 83c3 | 0289 9ecc | 0000 0081 | e3fe ff1f 
  0x00000170ad4e268c: 0085 db0f | 84ef 0300 | 00c6 4728 

  0x00000170ad4e2698: ;   {metadata(method data for {method} {0x000001710428ca40} 'dispatchEventImpl' '(Ljava/awt/AWTEvent;Ljava/lang/Object;)V' in 'java/awt/EventQueue')}
  0x00000170ad4e2698: 0048 be00 | d8f0 0471 | 0100 00ff | 86e8 0200 | 0048 81c4 | d000 0000 

  0x00000170ad4e26b0: ;   {poll_return}
  0x00000170ad4e26b0: 5d49 3b67 | 280f 87ef | 0300 00c3 

  0x00000170ad4e26bc: ;   {metadata({method} {0x000001710428ca40} 'dispatchEventImpl' '(Ljava/awt/AWTEvent;Ljava/lang/Object;)V' in 'java/awt/EventQueue')}
  0x00000170ad4e26bc: 49ba 38ca | 2804 7101 | 0000 4c89 | 5424 0848 | c704 24ff 

  0x00000170ad4e26d0: ;   {runtime_call C1 Runtime counter_overflow_blob}
  0x00000170ad4e26d0: ffff ffe8 

  0x00000170ad4e26d4: ; ImmutableOopMap {rdx=Oop r8=Oop r9=Oop [168]=Oop }
                      ;*synchronization entry
                      ; - java.awt.EventQueue::dispatchEventImpl@-1 (line 719)
  0x00000170ad4e26d4: 880f 2d07 | e911 e5ff 

  0x00000170ad4e26dc: ;   {runtime_call C1 Runtime throw_null_pointer_exception_blob}
  0x00000170ad4e26dc: ffe8 feb5 

  0x00000170ad4e26e0: ; ImmutableOopMap {rdx=Oop r8=Oop r9=Oop [168]=Oop }
                      ;*putfield isPosted {reexecute=1 rethrow=0 return_oop=0}
                      ; - (reexecute) java.awt.EventQueue::dispatchEventImpl@2 (line 719)
  0x00000170ad4e26e0: 2c07 4c89 

  0x00000170ad4e26e4: ;   {runtime_call C1 Runtime throw_class_cast_exception_blob}
  0x00000170ad4e26e4: 0c24 e875 

  0x00000170ad4e26e8: ; ImmutableOopMap {r8=Oop [168]=Oop }
                      ;*checkcast {reexecute=0 rethrow=0 return_oop=0}
                      ; - java.awt.EventQueue::dispatchEventImpl@37 (line 725)
                      ;   {runtime_call C1 Runtime throw_null_pointer_exception_blob}
  0x00000170ad4e26e8: e22c 07e8 

  0x00000170ad4e26ec: ; ImmutableOopMap {r8=Oop rdx=Oop [168]=Oop }
                      ;*invokevirtual dispatchEvent {reexecute=0 rethrow=0 return_oop=0}
                      ; - java.awt.EventQueue::dispatchEventImpl@41 (line 725)
  0x00000170ad4e26ec: f0b5 2c07 

  0x00000170ad4e26f0: ;   {metadata({method} {0x00000171040886d8} 'dispatchEvent' '(Ljava/awt/AWTEvent;)V' in 'java/awt/Component')}
  0x00000170ad4e26f0: 49ba d086 | 0804 7101 | 0000 4c89 | 5424 0848 | c704 24ff 

  0x00000170ad4e2704: ;   {runtime_call C1 Runtime counter_overflow_blob}
  0x00000170ad4e2704: ffff ffe8 

  0x00000170ad4e2708: ; ImmutableOopMap {r8=Oop rdx=Oop [168]=Oop }
                      ;*synchronization entry
                      ; - java.awt.Component::dispatchEvent@-1 (line 4790)
                      ; - java.awt.EventQueue::dispatchEventImpl@41 (line 725)
  0x00000170ad4e2708: 540f 2d07 | e988 e8ff 

  0x00000170ad4e2710: ;   {metadata({method} {0x00000171040fc718} 'dispatched' '()V' in 'java/awt/AWTEvent')}
  0x00000170ad4e2710: ff49 ba10 | c70f 0471 | 0100 004c | 8954 2408 | 48c7 0424 | ffff ffff 

  0x00000170ad4e2728: ;   {runtime_call C1 Runtime counter_overflow_blob}
  0x00000170ad4e2728: e833 0f2d 

  0x00000170ad4e272c: ; ImmutableOopMap {[168]=Oop }
                      ;*synchronization entry
                      ; - java.awt.AWTEvent::dispatched@-1 (line 570)
                      ; - java.awt.EventQueue::dispatchEventImpl@45 (line 726)
  0x00000170ad4e272c: 07e9 dae9 

  0x00000170ad4e2730: ;   {metadata({method} {0x000001710411dd68} 'getInputEventAccessor' '()Lsun/awt/AWTAccessor$InputEventAccessor;' in 'sun/awt/AWTAccessor')}
  0x00000170ad4e2730: ffff 49ba | 60dd 1104 | 7101 0000 | 4c89 5424 | 0848 c704 | 24ff ffff 

  0x00000170ad4e2748: ;   {runtime_call C1 Runtime counter_overflow_blob}
  0x00000170ad4e2748: ffe8 120f 

  0x00000170ad4e274c: ; ImmutableOopMap {r8=Oop [168]=Oop }
                      ;*synchronization entry
                      ; - sun.awt.AWTAccessor::getInputEventAccessor@-1 (line 961)
                      ; - java.awt.AWTEvent::dispatched@7 (line 571)
                      ; - java.awt.EventQueue::dispatchEventImpl@45 (line 726)
  0x00000170ad4e274c: 2d07 e9fa 

  0x00000170ad4e2750: ;   {metadata({method} {0x0000017104120528} 'ensureClassInitialized' '(Ljava/lang/Class;)V' in 'sun/awt/AWTAccessor')}
  0x00000170ad4e2750: eaff ff49 | ba20 0512 | 0471 0100 | 004c 8954 | 2408 48c7 | 0424 ffff 

  0x00000170ad4e2768: ;   {runtime_call C1 Runtime counter_overflow_blob}
  0x00000170ad4e2768: ffff e8f1 

  0x00000170ad4e276c: ; ImmutableOopMap {[168]=Oop }
                      ;*synchronization entry
                      ; - sun.awt.AWTAccessor::ensureClassInitialized@-1 (line 1464)
                      ; - sun.awt.AWTAccessor::getInputEventAccessor@10 (line 963)
                      ; - java.awt.AWTEvent::dispatched@7 (line 571)
                      ; - java.awt.EventQueue::dispatchEventImpl@45 (line 726)
  0x00000170ad4e276c: 0e2d 07e9 | 4deb ffff 

  0x00000170ad4e2774: ;   {metadata({method} {0x00000170c344b720} 'lookup' '()Ljava/lang/invoke/MethodHandles$Lookup;' in 'java/lang/invoke/MethodHandles')}
  0x00000170ad4e2774: 49ba 18b7 | 44c3 7001 | 0000 4c89 | 5424 0848 | c704 24ff 

  0x00000170ad4e2788: ;   {runtime_call C1 Runtime counter_overflow_blob}
  0x00000170ad4e2788: ffff ffe8 

  0x00000170ad4e278c: ; ImmutableOopMap {[168]=Oop }
                      ;*synchronization entry
                      ; - java.lang.invoke.MethodHandles::lookup@-1 (line 126)
                      ; - sun.awt.AWTAccessor::ensureClassInitialized@0 (line 1464)
                      ; - sun.awt.AWTAccessor::getInputEventAccessor@10 (line 963)
                      ; - java.awt.AWTEvent::dispatched@7 (line 571)
                      ; - java.awt.EventQueue::dispatchEventImpl@45 (line 726)
  0x00000170ad4e278c: d00e 2d07 | e965 ebff | ff48 8bd2 

  0x00000170ad4e2798: ;   {runtime_call C1 Runtime fast_new_instance_blob}
  0x00000170ad4e2798: e843 be2c 

  0x00000170ad4e279c: ; ImmutableOopMap {r8=Oop [168]=Oop }
                      ;*new {reexecute=0 rethrow=0 return_oop=0}
                      ; - java.lang.invoke.MethodHandles::lookup@18 (line 130)
                      ; - sun.awt.AWTAccessor::ensureClassInitialized@0 (line 1464)
                      ; - sun.awt.AWTAccessor::getInputEventAccessor@10 (line 963)
                      ; - java.awt.AWTEvent::dispatched@7 (line 571)
                      ; - java.awt.EventQueue::dispatchEventImpl@45 (line 726)
  0x00000170ad4e279c: 07e9 fceb 

  0x00000170ad4e27a0: ;   {metadata({method} {0x00000170c344f9d0} '<init>' '(Ljava/lang/Class;)V' in 'java/lang/invoke/MethodHandles$Lookup')}
  0x00000170ad4e27a0: ffff 49ba | c8f9 44c3 | 7001 0000 | 4c89 5424 | 0848 c704 | 24ff ffff 

  0x00000170ad4e27b8: ;   {runtime_call C1 Runtime counter_overflow_blob}
  0x00000170ad4e27b8: ffe8 a20e 

  0x00000170ad4e27bc: ; ImmutableOopMap {r8=Oop rax=Oop [168]=Oop }
                      ;*synchronization entry
                      ; - java.lang.invoke.MethodHandles$Lookup::<init>@-1 (line 1534)
                      ; - java.lang.invoke.MethodHandles::lookup@23 (line 130)
                      ; - sun.awt.AWTAccessor::ensureClassInitialized@0 (line 1464)
                      ; - sun.awt.AWTAccessor::getInputEventAccessor@10 (line 963)
                      ; - java.awt.AWTEvent::dispatched@7 (line 571)
                      ; - java.awt.EventQueue::dispatchEventImpl@45 (line 726)
  0x00000170ad4e27bc: 2d07 e919 

  0x00000170ad4e27c0: ;   {metadata(nullptr)}
  0x00000170ad4e27c0: ecff ff48 | b800 0000 | 0000 0000 | 00b8 000f 

  0x00000170ad4e27d0: ;   {runtime_call C1 Runtime load_klass_patching_blob}
  0x00000170ad4e27d0: 050a e809 

  0x00000170ad4e27d4: ; ImmutableOopMap {rdx=Oop r9=Oop [168]=Oop }
                      ;*instanceof {reexecute=1 rethrow=0 return_oop=0}
                      ; - (reexecute) java.awt.EventQueue::dispatchEventImpl@70 (line 729)
  0x00000170ad4e27d4: fe2c 07e9 | b4ee ffff 

  0x00000170ad4e27dc: ;   {metadata({method} {0x000001710428c078} 'noEvents' '()Z' in 'java/awt/EventQueue')}
  0x00000170ad4e27dc: 49ba 70c0 | 2804 7101 | 0000 4c89 | 5424 0848 | c704 24ff 

  0x00000170ad4e27f0: ;   {runtime_call C1 Runtime counter_overflow_blob}
  0x00000170ad4e27f0: ffff ffe8 

  0x00000170ad4e27f4: ; ImmutableOopMap {rdx=Oop }
                      ;*synchronization entry
                      ; - java.awt.EventQueue::noEvents@-1 (line 520)
                      ; - java.awt.EventQueue::dispatchEventImpl@95 (line 732)
  0x00000170ad4e27f4: 680e 2d07 | e952 f0ff 

  0x00000170ad4e27fc: ;   {runtime_call C1 Runtime throw_null_pointer_exception_blob}
  0x00000170ad4e27fc: ffe8 deb4 

  0x00000170ad4e2800: ; ImmutableOopMap {rdx=Oop rdi=Oop }
                      ;*aaload {reexecute=0 rethrow=0 return_oop=0}
                      ; - java.awt.EventQueue::noEvents@12 (line 521)
                      ; - java.awt.EventQueue::dispatchEventImpl@95 (line 732)
                      ;   {runtime_call C1 Runtime throw_null_pointer_exception_blob}
  0x00000170ad4e2800: 2c07 e8d9 

  0x00000170ad4e2804: ; ImmutableOopMap {rdx=Oop rdi=Oop }
                      ;*aaload {reexecute=0 rethrow=0 return_oop=0}
                      ; - java.awt.EventQueue::noEvents@12 (line 521)
                      ; - java.awt.EventQueue::dispatchEventImpl@95 (line 732)
  0x00000170ad4e2804: b42c 0748 | 8934 2448 | 897c 2408 

  0x00000170ad4e2810: ;   {runtime_call C1 Runtime throw_range_check_failed_blob}
  0x00000170ad4e2810: e8cb ab2c 

  0x00000170ad4e2814: ; ImmutableOopMap {rdx=Oop rdi=Oop }
                      ;*aaload {reexecute=0 rethrow=0 return_oop=0}
                      ; - java.awt.EventQueue::noEvents@12 (line 521)
                      ; - java.awt.EventQueue::dispatchEventImpl@95 (line 732)
                      ;   {runtime_call C1 Runtime throw_null_pointer_exception_blob}
  0x00000170ad4e2814: 07e8 c6b4 

  0x00000170ad4e2818: ; ImmutableOopMap {rdx=Oop }
                      ;*getfield head {reexecute=1 rethrow=0 return_oop=0}
                      ; - (reexecute) java.awt.EventQueue::noEvents@13 (line 521)
                      ; - java.awt.EventQueue::dispatchEventImpl@95 (line 732)
                      ;   {metadata({method} {0x000001710428c078} 'noEvents' '()Z' in 'java/awt/EventQueue')}
  0x00000170ad4e2818: 2c07 49ba | 70c0 2804 | 7101 0000 | 4c89 5424 | 0848 c704 | 2418 0000 

  0x00000170ad4e2830: ;   {runtime_call C1 Runtime counter_overflow_blob}
  0x00000170ad4e2830: 00e8 2a0e 

  0x00000170ad4e2834: ; ImmutableOopMap {rdx=Oop }
                      ;*goto {reexecute=1 rethrow=0 return_oop=0}
                      ; - (reexecute) java.awt.EventQueue::noEvents@24 (line 520)
                      ; - java.awt.EventQueue::dispatchEventImpl@95 (line 732)
  0x00000170ad4e2834: 2d07 e98f 

  0x00000170ad4e2838: ;   {metadata({method} {0x000001710428ae48} 'getEventLog' '()Lsun/util/logging/PlatformLogger;' in 'java/awt/EventQueue')}
  0x00000170ad4e2838: f0ff ff49 | ba40 ae28 | 0471 0100 | 004c 8954 | 2408 48c7 | 0424 ffff 

  0x00000170ad4e2850: ;   {runtime_call C1 Runtime counter_overflow_blob}
  0x00000170ad4e2850: ffff e809 

  0x00000170ad4e2854: ; ImmutableOopMap {[168]=Oop }
                      ;*synchronization entry
                      ; - java.awt.EventQueue::getEventLog@-1 (line 180)
                      ; - java.awt.EventQueue::dispatchEventImpl@111 (line 736)
  0x00000170ad4e2854: 0e2d 07e9 | 2cf1 ffff | 418b 5078 | 4883 fa00 | 0f84 99f1 | ffff 4889 

  0x00000170ad4e286c: ;   {runtime_call g1_pre_barrier_slow}
  0x00000170ad4e286c: 1424 e8ed | 132d 07e9 | 8bf1 ffff | 4883 f800 | 0f84 a2f1 | ffff 4c89 

  0x00000170ad4e2884: ;   {runtime_call g1_post_barrier_slow}
  0x00000170ad4e2884: 0424 e8d5 | 162d 07e9 | 94f1 ffff 

  0x00000170ad4e2890: ;   {runtime_call C1 Runtime throw_null_pointer_exception_blob}
  0x00000170ad4e2890: e84b b42c 

  0x00000170ad4e2894: ; ImmutableOopMap {r8=Oop [168]=Oop }
                      ;*invokevirtual isLoggable {reexecute=0 rethrow=0 return_oop=0}
                      ; - java.awt.EventQueue::dispatchEventImpl@117 (line 736)
                      ;   {metadata({method} {0x0000017104102d48} 'isLoggable' '(Lsun/util/logging/PlatformLogger$Level;)Z' in 'sun/util/logging/PlatformLogger')}
  0x00000170ad4e2894: 0749 ba40 | 2d10 0471 | 0100 004c | 8954 2408 | 48c7 0424 | ffff ffff 

  0x00000170ad4e28ac: ;   {runtime_call C1 Runtime counter_overflow_blob}
  0x00000170ad4e28ac: e8af 0d2d 

  0x00000170ad4e28b0: ; ImmutableOopMap {r8=Oop [168]=Oop }
                      ;*synchronization entry
                      ; - sun.util.logging.PlatformLogger::isLoggable@-1 (line 336)
                      ; - java.awt.EventQueue::dispatchEventImpl@117 (line 736)
  0x00000170ad4e28b0: 07e9 ccf1 

  0x00000170ad4e28b4: ;   {runtime_call C1 Runtime throw_null_pointer_exception_blob}
  0x00000170ad4e28b4: ffff e825 

  0x00000170ad4e28b8: ; ImmutableOopMap {rdx=Oop [168]=Oop }
                      ;*invokeinterface isLoggable {reexecute=0 rethrow=0 return_oop=0}
                      ; - sun.util.logging.PlatformLogger::isLoggable@17 (line 340)
                      ; - java.awt.EventQueue::dispatchEventImpl@117 (line 736)
                      ;   {metadata({method} {0x000001710428ae48} 'getEventLog' '()Lsun/util/logging/PlatformLogger;' in 'java/awt/EventQueue')}
  0x00000170ad4e28b8: b42c 0749 | ba40 ae28 | 0471 0100 | 004c 8954 | 2408 48c7 | 0424 ffff 

  0x00000170ad4e28d0: ;   {runtime_call C1 Runtime counter_overflow_blob}
  0x00000170ad4e28d0: ffff e889 

  0x00000170ad4e28d4: ; ImmutableOopMap {[168]=Oop }
                      ;*synchronization entry
                      ; - java.awt.EventQueue::getEventLog@-1 (line 180)
                      ; - java.awt.EventQueue::dispatchEventImpl@123 (line 737)
  0x00000170ad4e28d4: 0d2d 07e9 | def2 ffff | 8b72 7848 | 83fe 000f | 844a f3ff | ff48 8934 

  0x00000170ad4e28ec: ;   {runtime_call g1_pre_barrier_slow}
  0x00000170ad4e28ec: 24e8 6e13 | 2d07 e93c | f3ff ff48 | 83f8 000f | 8453 f3ff | ff48 8914 

  0x00000170ad4e2904: ;   {runtime_call g1_post_barrier_slow}
  0x00000170ad4e2904: 24e8 5616 | 2d07 e945 

  0x00000170ad4e290c: ;   {metadata({method} {0x00000170c347f488} 'valueOf' '(Ljava/lang/Object;)Ljava/lang/String;' in 'java/lang/String')}
  0x00000170ad4e290c: f3ff ff49 | ba80 f447 | c370 0100 | 004c 8954 | 2408 48c7 | 0424 ffff 

  0x00000170ad4e2924: ;   {runtime_call C1 Runtime counter_overflow_blob}
  0x00000170ad4e2924: ffff e835 

  0x00000170ad4e2928: ; ImmutableOopMap {rsi=Oop r8=Oop [168]=Oop [184]=Oop }
                      ;*synchronization entry
                      ; - java.lang.String::valueOf@-1 (line 4543)
                      ; - java.awt.EventQueue::dispatchEventImpl@127 (line 737)
  0x00000170ad4e2928: 0d2d 07e9 | 7af3 ffff | 49b8 0000 | 0000 0000 | 0000 b800 

  0x00000170ad4e293c: ;   {runtime_call C1 Runtime load_appendix_patching_blob}
  0x00000170ad4e293c: 0f05 0ae8 

  0x00000170ad4e2940: ; ImmutableOopMap {rdi=Oop [184]=Oop }
                      ;*invokedynamic {reexecute=1 rethrow=0 return_oop=0}
                      ; - (reexecute) java.awt.EventQueue::dispatchEventImpl@130 (line 737)
  0x00000170ad4e2940: 9c05 2d07 | e957 f4ff 

  0x00000170ad4e2948: ;   {runtime_call C1 Runtime throw_null_pointer_exception_blob}
  0x00000170ad4e2948: ffe8 92b3 

  0x00000170ad4e294c: ; ImmutableOopMap {rax=Oop rsi=Oop [184]=Oop }
                      ;*invokevirtual fine {reexecute=0 rethrow=0 return_oop=0}
                      ; - java.awt.EventQueue::dispatchEventImpl@135 (line 737)
                      ;   {metadata({method} {0x00000171041039a0} 'fine' '(Ljava/lang/String;)V' in 'sun/util/logging/PlatformLogger')}
  0x00000170ad4e294c: 2c07 49ba | 9839 1004 | 7101 0000 | 4c89 5424 | 0848 c704 | 24ff ffff 

  0x00000170ad4e2964: ;   {runtime_call C1 Runtime counter_overflow_blob}
  0x00000170ad4e2964: ffe8 f60c 

  0x00000170ad4e2968: ; ImmutableOopMap {rax=Oop rsi=Oop [184]=Oop }
                      ;*synchronization entry
                      ; - sun.util.logging.PlatformLogger::fine@-1 (line 449)
                      ; - java.awt.EventQueue::dispatchEventImpl@135 (line 737)
  0x00000170ad4e2968: 2d07 e9cb 

  0x00000170ad4e296c: ;   {runtime_call C1 Runtime throw_null_pointer_exception_blob}
  0x00000170ad4e296c: f4ff ffe8 

  0x00000170ad4e2970: ; ImmutableOopMap {rax=Oop rdx=Oop }
                      ;*invokeinterface log {reexecute=0 rethrow=0 return_oop=0}
                      ; - sun.util.logging.PlatformLogger::fine@12 (line 449)
                      ; - java.awt.EventQueue::dispatchEventImpl@135 (line 737)
  0x00000170ad4e2970: 6cb3 2c07 

  0x00000170ad4e2974: ;   {internal_word}
  0x00000170ad4e2974: 49ba 0c1f | 4ead 7001 | 0000 4d89 | 9760 0400 

  0x00000170ad4e2984: ;   {runtime_call SafepointBlob}
  0x00000170ad4e2984: 00e9 5633 

  0x00000170ad4e2988: ;   {runtime_call C1 Runtime throw_null_pointer_exception_blob}
  0x00000170ad4e2988: 2107 e851 

  0x00000170ad4e298c: ; ImmutableOopMap {r8=Oop }
                      ;*invokevirtual stopDispatching {reexecute=0 rethrow=0 return_oop=0}
                      ; - java.awt.EventQueue::dispatchEventImpl@105 (line 733)
                      ;   {metadata({method} {0x00000171044c77c0} 'stopDispatching' '()V' in 'java/awt/EventDispatchThread')}
  0x00000170ad4e298c: b32c 0749 | bab8 774c | 0471 0100 | 004c 8954 | 2408 48c7 | 0424 ffff 

  0x00000170ad4e29a4: ;   {runtime_call C1 Runtime counter_overflow_blob}
  0x00000170ad4e29a4: ffff e8b5 

  0x00000170ad4e29a8: ; ImmutableOopMap {r8=Oop }
                      ;*synchronization entry
                      ; - java.awt.EventDispatchThread::stopDispatching@-1 (line 85)
                      ; - java.awt.EventQueue::dispatchEventImpl@105 (line 733)
  0x00000170ad4e29a8: 0c2d 07e9 | bbf5 ffff 

  0x00000170ad4e29b0: ;   {internal_word}
  0x00000170ad4e29b0: 49ba 931f | 4ead 7001 | 0000 4d89 | 9760 0400 

  0x00000170ad4e29c0: ;   {runtime_call SafepointBlob}
  0x00000170ad4e29c0: 00e9 1a33 

  0x00000170ad4e29c4: ;   {metadata(nullptr)}
  0x00000170ad4e29c4: 2107 48bb | 0000 0000 | 0000 0000 | b800 0f05 

  0x00000170ad4e29d4: ;   {runtime_call C1 Runtime load_klass_patching_blob}
  0x00000170ad4e29d4: 0ae8 06fc 

  0x00000170ad4e29d8: ; ImmutableOopMap {r9=Oop r8=Oop [168]=Oop }
                      ;*checkcast {reexecute=1 rethrow=0 return_oop=0}
                      ; - (reexecute) java.awt.EventQueue::dispatchEventImpl@77 (line 730)
  0x00000170ad4e29d8: 2c07 e969 | f6ff ff4c 

  0x00000170ad4e29e0: ;   {runtime_call C1 Runtime throw_class_cast_exception_blob}
  0x00000170ad4e29e0: 890c 24e8 

  0x00000170ad4e29e4: ; ImmutableOopMap {r9=Oop r8=Oop [168]=Oop }
                      ;*checkcast {reexecute=0 rethrow=0 return_oop=0}
                      ; - java.awt.EventQueue::dispatchEventImpl@77 (line 730)
  0x00000170ad4e29e4: 78df 2c07 

  0x00000170ad4e29e8: ;   {internal_word}
  0x00000170ad4e29e8: 49ba cd20 | 4ead 7001 | 0000 4d89 | 9760 0400 

  0x00000170ad4e29f8: ;   {runtime_call SafepointBlob}
  0x00000170ad4e29f8: 00e9 e232 | 2107 4c89 

  0x00000170ad4e2a00: ;   {runtime_call C1 Runtime throw_class_cast_exception_blob}
  0x00000170ad4e2a00: 0c24 e859 

  0x00000170ad4e2a04: ; ImmutableOopMap {r8=Oop [168]=Oop }
                      ;*checkcast {reexecute=0 rethrow=0 return_oop=0}
                      ; - java.awt.EventQueue::dispatchEventImpl@59 (line 728)
                      ;   {runtime_call C1 Runtime throw_null_pointer_exception_blob}
  0x00000170ad4e2a04: df2c 07e8 

  0x00000170ad4e2a08: ; ImmutableOopMap {r8=Oop rdx=Oop [168]=Oop }
                      ;*invokevirtual dispatchEvent {reexecute=0 rethrow=0 return_oop=0}
                      ; - java.awt.EventQueue::dispatchEventImpl@63 (line 728)
  0x00000170ad4e2a08: d4b2 2c07 

  0x00000170ad4e2a0c: ;   {internal_word}
  0x00000170ad4e2a0c: 49ba 6d22 | 4ead 7001 | 0000 4d89 | 9760 0400 

  0x00000170ad4e2a1c: ;   {runtime_call SafepointBlob}
  0x00000170ad4e2a1c: 00e9 be32 | 2107 4c89 

  0x00000170ad4e2a24: ;   {runtime_call C1 Runtime throw_class_cast_exception_blob}
  0x00000170ad4e2a24: 0424 e835 

  0x00000170ad4e2a28: ; ImmutableOopMap {}
                      ;*checkcast {reexecute=0 rethrow=0 return_oop=0}
                      ; - java.awt.EventQueue::dispatchEventImpl@18 (line 723)
                      ;   {runtime_call C1 Runtime throw_null_pointer_exception_blob}
  0x00000170ad4e2a28: df2c 07e8 

  0x00000170ad4e2a2c: ; ImmutableOopMap {rdx=Oop }
                      ;*invokeinterface dispatch {reexecute=0 rethrow=0 return_oop=0}
                      ; - java.awt.EventQueue::dispatchEventImpl@21 (line 723)
  0x00000170ad4e2a2c: b0b2 2c07 

  0x00000170ad4e2a30: ;   {internal_word}
  0x00000170ad4e2a30: 49ba 5c24 | 4ead 7001 | 0000 4d89 | 9760 0400 

  0x00000170ad4e2a40: ;   {runtime_call SafepointBlob}
  0x00000170ad4e2a40: 00e9 9a32 

  0x00000170ad4e2a44: ;   {metadata(nullptr)}
  0x00000170ad4e2a44: 2107 48ba | 0000 0000 | 0000 0000 | b800 0f05 

  0x00000170ad4e2a54: ;   {runtime_call C1 Runtime load_klass_patching_blob}
  0x00000170ad4e2a54: 0ae8 86fb 

  0x00000170ad4e2a58: ; ImmutableOopMap {[168]=Oop }
                      ;*new {reexecute=1 rethrow=0 return_oop=0}
                      ; - (reexecute) java.lang.invoke.MethodHandles::lookup@8 (line 128)
                      ; - sun.awt.AWTAccessor::ensureClassInitialized@0 (line 1464)
                      ; - sun.awt.AWTAccessor::getInputEventAccessor@10 (line 963)
                      ; - java.awt.AWTEvent::dispatched@7 (line 571)
                      ; - java.awt.EventQueue::dispatchEventImpl@45 (line 726)
  0x00000170ad4e2a58: 2c07 e909 

  0x00000170ad4e2a5c: ;   {runtime_call C1 Runtime throw_null_pointer_exception_blob}
  0x00000170ad4e2a5c: faff ffe8 

  0x00000170ad4e2a60: ; ImmutableOopMap {[168]=Oop }
                      ;*new {reexecute=0 rethrow=0 return_oop=0}
                      ; - java.lang.invoke.MethodHandles::lookup@8 (line 128)
                      ; - sun.awt.AWTAccessor::ensureClassInitialized@0 (line 1464)
                      ; - sun.awt.AWTAccessor::getInputEventAccessor@10 (line 963)
                      ; - java.awt.AWTEvent::dispatched@7 (line 571)
                      ; - java.awt.EventQueue::dispatchEventImpl@45 (line 726)
  0x00000170ad4e2a60: 7cb2 2c07 

  0x00000170ad4e2a64: ;   {runtime_call C1 Runtime fast_new_instance_init_check_blob}
  0x00000170ad4e2a64: 488b d2e8 

  0x00000170ad4e2a68: ; ImmutableOopMap {[168]=Oop }
                      ;*new {reexecute=0 rethrow=0 return_oop=0}
                      ; - java.lang.invoke.MethodHandles::lookup@8 (line 128)
                      ; - sun.awt.AWTAccessor::ensureClassInitialized@0 (line 1464)
                      ; - sun.awt.AWTAccessor::getInputEventAccessor@10 (line 963)
                      ; - java.awt.AWTEvent::dispatched@7 (line 571)
                      ; - java.awt.EventQueue::dispatchEventImpl@45 (line 726)
  0x00000170ad4e2a68: f4c2 2c07 | e95c faff | ff4c 8904 

  0x00000170ad4e2a74: ;   {runtime_call C1 Runtime throw_class_cast_exception_blob}
  0x00000170ad4e2a74: 24e8 e6de 

  0x00000170ad4e2a78: ; ImmutableOopMap {rsi=Oop }
                      ;*checkcast {reexecute=0 rethrow=0 return_oop=0}
                      ; - java.awt.AWTEvent::dispatched@11 (line 571)
                      ; - java.awt.EventQueue::dispatchEventImpl@45 (line 726)
                      ;   {runtime_call C1 Runtime throw_incompatible_class_change_error_blob}
  0x00000170ad4e2a78: 2c07 e8e1 

  0x00000170ad4e2a7c: ; ImmutableOopMap {rsi=Oop rdi=Oop }
                      ;*invokeinterface setCanAccessSystemClipboard {reexecute=0 rethrow=0 return_oop=0}
                      ; - java.awt.AWTEvent::dispatched@15 (line 572)
                      ; - java.awt.EventQueue::dispatchEventImpl@45 (line 726)
                      ;   {runtime_call C1 Runtime throw_null_pointer_exception_blob}
  0x00000170ad4e2a7c: e12c 07e8 

  0x00000170ad4e2a80: ; ImmutableOopMap {rsi=Oop rdi=Oop }
                      ;*invokeinterface setCanAccessSystemClipboard {reexecute=0 rethrow=0 return_oop=0}
                      ; - java.awt.AWTEvent::dispatched@15 (line 572)
                      ; - java.awt.EventQueue::dispatchEventImpl@45 (line 726)
  0x00000170ad4e2a80: 5cb2 2c07 

  0x00000170ad4e2a84: ;   {metadata({method} {0x0000017104138378} 'setCanAccessSystemClipboard' '(Ljava/awt/event/InputEvent;Z)V' in 'java/awt/event/InputEvent$1')}
  0x00000170ad4e2a84: 49ba 7083 | 1304 7101 | 0000 4c89 | 5424 0848 | c704 24ff 

  0x00000170ad4e2a98: ;   {runtime_call C1 Runtime counter_overflow_blob}
  0x00000170ad4e2a98: ffff ffe8 

  0x00000170ad4e2a9c: ; ImmutableOopMap {rdi=Oop }
                      ;*synchronization entry
                      ; - java.awt.event.InputEvent$1::setCanAccessSystemClipboard@-1 (line 338)
                      ; - java.awt.AWTEvent::dispatched@15 (line 572)
                      ; - java.awt.EventQueue::dispatchEventImpl@45 (line 726)
  0x00000170ad4e2a9c: c00b 2d07 | e9f0 fbff 

  0x00000170ad4e2aa4: ;   {runtime_call C1 Runtime throw_null_pointer_exception_blob}
  0x00000170ad4e2aa4: ffe8 36b2 

  0x00000170ad4e2aa8: ; ImmutableOopMap {}
                      ;*putfield canAccessSystemClipboard {reexecute=1 rethrow=0 return_oop=0}
                      ; - (reexecute) java.awt.event.InputEvent$1::setCanAccessSystemClipboard@2 (line 338)
                      ; - java.awt.AWTEvent::dispatched@15 (line 572)
                      ; - java.awt.EventQueue::dispatchEventImpl@45 (line 726)
                      ;   {internal_word}
  0x00000170ad4e2aa8: 2c07 49ba | b126 4ead | 7001 0000 | 4d89 9760 

  0x00000170ad4e2ab8: ;   {runtime_call SafepointBlob}
  0x00000170ad4e2ab8: 0400 00e9 | 2032 2107 | 498b 8708 | 0500 0049 | c787 0805 | 0000 0000 | 0000 49c7 | 8710 0500 
  0x00000170ad4e2ad8: 0000 0000 | 0048 81c4 | d000 0000 

  0x00000170ad4e2ae4: ;   {runtime_call C1 Runtime unwind_exception_blob}
  0x00000170ad4e2ae4: 5de9 769f | 2c07 f4f4 | f4f4 f4f4 
[Stub Code]
  0x00000170ad4e2af0: ;   {no_reloc}
  0x00000170ad4e2af0: 0f1f 4400 

  0x00000170ad4e2af4: ;   {static_stub}
  0x00000170ad4e2af4: 0048 bb00 | 0000 0000 

  0x00000170ad4e2afc: ;   {runtime_call nmethod}
  0x00000170ad4e2afc: 0000 00e9 | fbff ffff 

  0x00000170ad4e2b04: ;   {static_stub}
  0x00000170ad4e2b04: 9048 bb00 | 0000 0000 

  0x00000170ad4e2b0c: ;   {runtime_call nmethod}
  0x00000170ad4e2b0c: 0000 00e9 | fbff ffff 

  0x00000170ad4e2b14: ;   {static_stub}
  0x00000170ad4e2b14: 9048 bb00 | 0000 0000 

  0x00000170ad4e2b1c: ;   {runtime_call nmethod}
  0x00000170ad4e2b1c: 0000 00e9 | fbff ffff 

  0x00000170ad4e2b24: ;   {static_stub}
  0x00000170ad4e2b24: 9048 bb00 | 0000 0000 

  0x00000170ad4e2b2c: ;   {runtime_call nmethod}
  0x00000170ad4e2b2c: 0000 00e9 | fbff ffff 

  0x00000170ad4e2b34: ;   {static_stub}
  0x00000170ad4e2b34: 9048 bb00 | 0000 0000 

  0x00000170ad4e2b3c: ;   {runtime_call nmethod}
  0x00000170ad4e2b3c: 0000 00e9 | fbff ffff 

  0x00000170ad4e2b44: ;   {static_stub}
  0x00000170ad4e2b44: 9048 bb00 | 0000 0000 

  0x00000170ad4e2b4c: ;   {runtime_call nmethod}
  0x00000170ad4e2b4c: 0000 00e9 | fbff ffff 

  0x00000170ad4e2b54: ;   {static_stub}
  0x00000170ad4e2b54: 9048 bb00 | 0000 0000 

  0x00000170ad4e2b5c: ;   {runtime_call nmethod}
  0x00000170ad4e2b5c: 0000 00e9 | fbff ffff 

  0x00000170ad4e2b64: ;   {static_stub}
  0x00000170ad4e2b64: 9048 bb00 | 0000 0000 

  0x00000170ad4e2b6c: ;   {runtime_call nmethod}
  0x00000170ad4e2b6c: 0000 00e9 | fbff ffff 

  0x00000170ad4e2b74: ;   {static_stub}
  0x00000170ad4e2b74: 9048 bb00 | 0000 0000 

  0x00000170ad4e2b7c: ;   {runtime_call nmethod}
  0x00000170ad4e2b7c: 0000 00e9 | fbff ffff 

  0x00000170ad4e2b84: ;   {static_stub}
  0x00000170ad4e2b84: 48bb 0000 | 0000 0000 

  0x00000170ad4e2b8c: ;   {runtime_call nmethod}
  0x00000170ad4e2b8c: 0000 e9fb 

  0x00000170ad4e2b90: ;   {static_stub}
  0x00000170ad4e2b90: ffff ff48 | bb00 0000 | 0000 0000 

  0x00000170ad4e2b9c: ;   {runtime_call nmethod}
  0x00000170ad4e2b9c: 00e9 fbff 

  0x00000170ad4e2ba0: ;   {static_stub}
  0x00000170ad4e2ba0: ffff 48bb | 0000 0000 | 0000 0000 

  0x00000170ad4e2bac: ;   {runtime_call nmethod}
  0x00000170ad4e2bac: e9fb ffff 

  0x00000170ad4e2bb0: ;   {static_stub}
  0x00000170ad4e2bb0: ff48 bb00 | 0000 0000 

  0x00000170ad4e2bb8: ;   {runtime_call nmethod}
  0x00000170ad4e2bb8: 0000 00e9 | fbff ffff 

  0x00000170ad4e2bc0: ;   {static_stub}
  0x00000170ad4e2bc0: 48bb 0000 | 0000 0000 

  0x00000170ad4e2bc8: ;   {runtime_call nmethod}
  0x00000170ad4e2bc8: 0000 e9fb 

  0x00000170ad4e2bcc: ;   {runtime_call C1 Runtime handle_exception_from_callee_blob}
  0x00000170ad4e2bcc: ffff ffe8 | 8cd7 2c07 

  0x00000170ad4e2bd4: ;   {external_word}
  0x00000170ad4e2bd4: 48b9 08ec | 5575 ff7f | 0000 4883 

  0x00000170ad4e2be0: ;   {runtime_call}
  0x00000170ad4e2be0: e4f0 48b8 | 30a8 1c75 | ff7f 0000 

  0x00000170ad4e2bec: ;   {section_word}
  0x00000170ad4e2bec: ffd0 f449 | baef 2b4e | ad70 0100 

  0x00000170ad4e2bf8: ;   {runtime_call DeoptimizationBlob}
  0x00000170ad4e2bf8: 0041 52e9 | 8026 2107 
[/MachCode]


---------------  P R O C E S S  ---------------

Threads class SMR info:
_java_thread_list=0x000001710d029510, length=18, elements={
0x00000170c1ffeaf0, 0x00000170c1fff230, 0x00000170c2003580, 0x00000170c2004570,
0x00000170c2005e90, 0x00000170c2007530, 0x00000170c2009030, 0x00000170c201bff0,
0x00000170c2147e30, 0x00000170c21c0ab0, 0x00000170c28faf50, 0x00000170c28fb690,
0x00000170c28fbdd0, 0x00000170c2a4e240, 0x00000170a2dcc370, 0x000001710cf7f650,
0x000001710cf48f70, 0x000001710d144ca0
}

Java Threads: ( => current thread )
  0x00000170c1ffeaf0 JavaThread "Reference Handler"          daemon [_thread_blocked, id=14288, stack(0x0000001d79c00000,0x0000001d79d00000) (1024K)]
  0x00000170c1fff230 JavaThread "Finalizer"                  daemon [_thread_blocked, id=5304, stack(0x0000001d79d00000,0x0000001d79e00000) (1024K)]
  0x00000170c2003580 JavaThread "Signal Dispatcher"          daemon [_thread_blocked, id=10852, stack(0x0000001d79e00000,0x0000001d79f00000) (1024K)]
  0x00000170c2004570 JavaThread "Attach Listener"            daemon [_thread_blocked, id=7228, stack(0x0000001d79f00000,0x0000001d7a000000) (1024K)]
  0x00000170c2005e90 JavaThread "Service Thread"             daemon [_thread_blocked, id=3412, stack(0x0000001d7a000000,0x0000001d7a100000) (1024K)]
  0x00000170c2007530 JavaThread "Monitor Deflation Thread"   daemon [_thread_blocked, id=4952, stack(0x0000001d7a100000,0x0000001d7a200000) (1024K)]
  0x00000170c2009030 JavaThread "C2 CompilerThread0"         daemon [_thread_blocked, id=15176, stack(0x0000001d7a200000,0x0000001d7a300000) (1024K)]
  0x00000170c201bff0 JavaThread "C1 CompilerThread0"         daemon [_thread_blocked, id=11868, stack(0x0000001d7a300000,0x0000001d7a400000) (1024K)]
  0x00000170c2147e30 JavaThread "Common-Cleaner"             daemon [_thread_blocked, id=1708, stack(0x0000001d7a400000,0x0000001d7a500000) (1024K)]
  0x00000170c21c0ab0 JavaThread "Notification Thread"        daemon [_thread_blocked, id=9988, stack(0x0000001d7a500000,0x0000001d7a600000) (1024K)]
  0x00000170c28faf50 JavaThread "Java2D Disposer"            daemon [_thread_blocked, id=3188, stack(0x0000001d7a700000,0x0000001d7a800000) (1024K)]
  0x00000170c28fb690 JavaThread "AWT-Shutdown"                      [_thread_blocked, id=2028, stack(0x0000001d7a800000,0x0000001d7a900000) (1024K)]
  0x00000170c28fbdd0 JavaThread "AWT-Windows"                daemon [_thread_in_native, id=5748, stack(0x0000001d7a900000,0x0000001d7aa00000) (1024K)]
=>0x00000170c2a4e240 JavaThread "AWT-EventQueue-0"                  [_thread_in_native, id=1104, stack(0x0000001d7a600000,0x0000001d7a700000) (1024K)]
  0x00000170a2dcc370 JavaThread "DestroyJavaVM"                     [_thread_blocked, id=7936, stack(0x0000001d79400000,0x0000001d79500000) (1024K)]
  0x000001710cf7f650 JavaThread "D3D Screen Updater"         daemon [_thread_blocked, id=1336, stack(0x0000001d7b700000,0x0000001d7b800000) (1024K)]
  0x000001710cf48f70 JavaThread "mysql-cj-abandoned-connection-cleanup" daemon [_thread_blocked, id=392, stack(0x0000001d7b500000,0x0000001d7b600000) (1024K)]
  0x000001710d144ca0 JavaThread "TimerQueue"                 daemon [_thread_blocked, id=11828, stack(0x0000001d7b800000,0x0000001d7b900000) (1024K)]
Total: 18

Other Threads:
  0x00000170c1fee920 VMThread "VM Thread"                           [id=4008, stack(0x0000001d79b00000,0x0000001d79c00000) (1024K)]
  0x00000170c1eb8640 WatcherThread "VM Periodic Task Thread"        [id=12408, stack(0x0000001d79a00000,0x0000001d79b00000) (1024K)]
  0x00000170a300aac0 WorkerThread "GC Thread#0"                     [id=2864, stack(0x0000001d79500000,0x0000001d79600000) (1024K)]
  0x00000170a3020250 ConcurrentGCThread "G1 Main Marker"            [id=13764, stack(0x0000001d79600000,0x0000001d79700000) (1024K)]
  0x00000170a3021500 WorkerThread "G1 Conc#0"                       [id=3364, stack(0x0000001d79700000,0x0000001d79800000) (1024K)]
  0x00000170a307e8b0 ConcurrentGCThread "G1 Refine#0"               [id=6416, stack(0x0000001d79800000,0x0000001d79900000) (1024K)]
  0x00000170c1ea9590 ConcurrentGCThread "G1 Service"                [id=7820, stack(0x0000001d79900000,0x0000001d79a00000) (1024K)]
Total: 7

Threads with active compile tasks:
Total: 0

VM state: not at safepoint (normal execution)

VM Mutex/Monitor currently owned by a thread: None

Heap address: 0x0000000089800000, size: 1896 MB, Compressed Oops mode: 32-bit

CDS archive(s) mapped at: [0x00000170c3000000-0x00000170c3d40000-0x00000170c3d40000), size 13893632, SharedBaseAddress: 0x00000170c3000000, ArchiveRelocationMode: 1.
Compressed class space mapped at: 0x00000170c4000000-0x0000017104000000, reserved size: 1073741824
UseCompressedClassPointers 1, UseCompactObjectHeaders 0
Narrow klass pointer bits 32, Max shift 3
Narrow klass base: 0x00000170c3000000, Narrow klass shift: 0
Encoding Range: [0x00000170c3000000 - 0x00000171c3000000), (4294967296 bytes)
Klass Range:    [0x00000170c3000000 - 0x0000017104000000), (1090519040 bytes)
Klass ID Range:  [8 - 1090519033) (1090519025)

GC Precious Log:
 CardTable entry size: 512
 Card Set container configuration: InlinePtr #cards 5 size 8 Array Of Cards #cards 10 size 36 Howl #buckets 4 coarsen threshold 1843 Howl Bitmap #cards 512 size 80 coarsen threshold 460 Card regions per heap region 1 cards per card region 2048
 CPUs: 12 total, 12 available
 Memory: 7580M
 Large Page Support: Disabled
 NUMA Support: Disabled
 Compressed Oops: Enabled (32-bit)
 Heap Region Size: 1M
 Heap Min Capacity: 8M
 Heap Initial Capacity: 120M
 Heap Max Capacity: 1896M
 Pre-touch: Disabled
 Parallel Workers: 10
 Concurrent Workers: 3
 Concurrent Refinement Workers: 10
 Periodic GC: Disabled

Heap:
 garbage-first heap   total reserved 1941504K, committed 124928K, used 49268K [0x0000000089800000, 0x0000000100000000)
  region size 1024K, 45 young (46080K), 0 survivors (0K)
 Metaspace       used 18250K, committed 18496K, reserved 1114112K
  class space    used 1717K, committed 1856K, reserved 1048576K

Heap Regions: E=young(eden), S=young(survivor), O=old, HS=humongous(starts), HC=humongous(continues), CS=collection set, F=free, TAMS=top-at-mark-start, PB=parsable bottom
|   0|0x0000000089800000, 0x0000000089900000, 0x0000000089900000|100%|HS|  |TAMS 0x0000000089800000| PB 0x0000000089800000| Complete |  0
|   1|0x0000000089900000, 0x0000000089a00000, 0x0000000089a00000|100%|HC|  |TAMS 0x0000000089900000| PB 0x0000000089900000| Complete |  0
|   2|0x0000000089a00000, 0x0000000089b00000, 0x0000000089b00000|100%|HC|  |TAMS 0x0000000089a00000| PB 0x0000000089a00000| Complete |  0
|   3|0x0000000089b00000, 0x0000000089b00000, 0x0000000089c00000|  0%| F|  |TAMS 0x0000000089b00000| PB 0x0000000089b00000| Untracked |  0
|   4|0x0000000089c00000, 0x0000000089c00000, 0x0000000089d00000|  0%| F|  |TAMS 0x0000000089c00000| PB 0x0000000089c00000| Untracked |  0
|   5|0x0000000089d00000, 0x0000000089d00000, 0x0000000089e00000|  0%| F|  |TAMS 0x0000000089d00000| PB 0x0000000089d00000| Untracked |  0
|   6|0x0000000089e00000, 0x0000000089e00000, 0x0000000089f00000|  0%| F|  |TAMS 0x0000000089e00000| PB 0x0000000089e00000| Untracked |  0
|   7|0x0000000089f00000, 0x0000000089f00000, 0x000000008a000000|  0%| F|  |TAMS 0x0000000089f00000| PB 0x0000000089f00000| Untracked |  0
|   8|0x000000008a000000, 0x000000008a000000, 0x000000008a100000|  0%| F|  |TAMS 0x000000008a000000| PB 0x000000008a000000| Untracked |  0
|   9|0x000000008a100000, 0x000000008a100000, 0x000000008a200000|  0%| F|  |TAMS 0x000000008a100000| PB 0x000000008a100000| Untracked |  0
|  10|0x000000008a200000, 0x000000008a200000, 0x000000008a300000|  0%| F|  |TAMS 0x000000008a200000| PB 0x000000008a200000| Untracked |  0
|  11|0x000000008a300000, 0x000000008a300000, 0x000000008a400000|  0%| F|  |TAMS 0x000000008a300000| PB 0x000000008a300000| Untracked |  0
|  12|0x000000008a400000, 0x000000008a400000, 0x000000008a500000|  0%| F|  |TAMS 0x000000008a400000| PB 0x000000008a400000| Untracked |  0
|  13|0x000000008a500000, 0x000000008a500000, 0x000000008a600000|  0%| F|  |TAMS 0x000000008a500000| PB 0x000000008a500000| Untracked |  0
|  14|0x000000008a600000, 0x000000008a600000, 0x000000008a700000|  0%| F|  |TAMS 0x000000008a600000| PB 0x000000008a600000| Untracked |  0
|  15|0x000000008a700000, 0x000000008a700000, 0x000000008a800000|  0%| F|  |TAMS 0x000000008a700000| PB 0x000000008a700000| Untracked |  0
|  16|0x000000008a800000, 0x000000008a800000, 0x000000008a900000|  0%| F|  |TAMS 0x000000008a800000| PB 0x000000008a800000| Untracked |  0
|  17|0x000000008a900000, 0x000000008a900000, 0x000000008aa00000|  0%| F|  |TAMS 0x000000008a900000| PB 0x000000008a900000| Untracked |  0
|  18|0x000000008aa00000, 0x000000008aa00000, 0x000000008ab00000|  0%| F|  |TAMS 0x000000008aa00000| PB 0x000000008aa00000| Untracked |  0
|  19|0x000000008ab00000, 0x000000008ab00000, 0x000000008ac00000|  0%| F|  |TAMS 0x000000008ab00000| PB 0x000000008ab00000| Untracked |  0
|  20|0x000000008ac00000, 0x000000008ac00000, 0x000000008ad00000|  0%| F|  |TAMS 0x000000008ac00000| PB 0x000000008ac00000| Untracked |  0
|  21|0x000000008ad00000, 0x000000008ad00000, 0x000000008ae00000|  0%| F|  |TAMS 0x000000008ad00000| PB 0x000000008ad00000| Untracked |  0
|  22|0x000000008ae00000, 0x000000008ae00000, 0x000000008af00000|  0%| F|  |TAMS 0x000000008ae00000| PB 0x000000008ae00000| Untracked |  0
|  23|0x000000008af00000, 0x000000008af00000, 0x000000008b000000|  0%| F|  |TAMS 0x000000008af00000| PB 0x000000008af00000| Untracked |  0
|  24|0x000000008b000000, 0x000000008b000000, 0x000000008b100000|  0%| F|  |TAMS 0x000000008b000000| PB 0x000000008b000000| Untracked |  0
|  25|0x000000008b100000, 0x000000008b100000, 0x000000008b200000|  0%| F|  |TAMS 0x000000008b100000| PB 0x000000008b100000| Untracked |  0
|  26|0x000000008b200000, 0x000000008b200000, 0x000000008b300000|  0%| F|  |TAMS 0x000000008b200000| PB 0x000000008b200000| Untracked |  0
|  27|0x000000008b300000, 0x000000008b300000, 0x000000008b400000|  0%| F|  |TAMS 0x000000008b300000| PB 0x000000008b300000| Untracked |  0
|  28|0x000000008b400000, 0x000000008b400000, 0x000000008b500000|  0%| F|  |TAMS 0x000000008b400000| PB 0x000000008b400000| Untracked |  0
|  29|0x000000008b500000, 0x000000008b500000, 0x000000008b600000|  0%| F|  |TAMS 0x000000008b500000| PB 0x000000008b500000| Untracked |  0
|  30|0x000000008b600000, 0x000000008b600000, 0x000000008b700000|  0%| F|  |TAMS 0x000000008b600000| PB 0x000000008b600000| Untracked |  0
|  31|0x000000008b700000, 0x000000008b700000, 0x000000008b800000|  0%| F|  |TAMS 0x000000008b700000| PB 0x000000008b700000| Untracked |  0
|  32|0x000000008b800000, 0x000000008b800000, 0x000000008b900000|  0%| F|  |TAMS 0x000000008b800000| PB 0x000000008b800000| Untracked |  0
|  33|0x000000008b900000, 0x000000008b900000, 0x000000008ba00000|  0%| F|  |TAMS 0x000000008b900000| PB 0x000000008b900000| Untracked |  0
|  34|0x000000008ba00000, 0x000000008ba00000, 0x000000008bb00000|  0%| F|  |TAMS 0x000000008ba00000| PB 0x000000008ba00000| Untracked |  0
|  35|0x000000008bb00000, 0x000000008bb00000, 0x000000008bc00000|  0%| F|  |TAMS 0x000000008bb00000| PB 0x000000008bb00000| Untracked |  0
|  36|0x000000008bc00000, 0x000000008bc00000, 0x000000008bd00000|  0%| F|  |TAMS 0x000000008bc00000| PB 0x000000008bc00000| Untracked |  0
|  37|0x000000008bd00000, 0x000000008bd00000, 0x000000008be00000|  0%| F|  |TAMS 0x000000008bd00000| PB 0x000000008bd00000| Untracked |  0
|  38|0x000000008be00000, 0x000000008be00000, 0x000000008bf00000|  0%| F|  |TAMS 0x000000008be00000| PB 0x000000008be00000| Untracked |  0
|  39|0x000000008bf00000, 0x000000008bf00000, 0x000000008c000000|  0%| F|  |TAMS 0x000000008bf00000| PB 0x000000008bf00000| Untracked |  0
|  40|0x000000008c000000, 0x000000008c000000, 0x000000008c100000|  0%| F|  |TAMS 0x000000008c000000| PB 0x000000008c000000| Untracked |  0
|  41|0x000000008c100000, 0x000000008c100000, 0x000000008c200000|  0%| F|  |TAMS 0x000000008c100000| PB 0x000000008c100000| Untracked |  0
|  42|0x000000008c200000, 0x000000008c200000, 0x000000008c300000|  0%| F|  |TAMS 0x000000008c200000| PB 0x000000008c200000| Untracked |  0
|  43|0x000000008c300000, 0x000000008c300000, 0x000000008c400000|  0%| F|  |TAMS 0x000000008c300000| PB 0x000000008c300000| Untracked |  0
|  44|0x000000008c400000, 0x000000008c400000, 0x000000008c500000|  0%| F|  |TAMS 0x000000008c400000| PB 0x000000008c400000| Untracked |  0
|  45|0x000000008c500000, 0x000000008c500000, 0x000000008c600000|  0%| F|  |TAMS 0x000000008c500000| PB 0x000000008c500000| Untracked |  0
|  46|0x000000008c600000, 0x000000008c600000, 0x000000008c700000|  0%| F|  |TAMS 0x000000008c600000| PB 0x000000008c600000| Untracked |  0
|  47|0x000000008c700000, 0x000000008c700000, 0x000000008c800000|  0%| F|  |TAMS 0x000000008c700000| PB 0x000000008c700000| Untracked |  0
|  48|0x000000008c800000, 0x000000008c800000, 0x000000008c900000|  0%| F|  |TAMS 0x000000008c800000| PB 0x000000008c800000| Untracked |  0
|  49|0x000000008c900000, 0x000000008c900000, 0x000000008ca00000|  0%| F|  |TAMS 0x000000008c900000| PB 0x000000008c900000| Untracked |  0
|  50|0x000000008ca00000, 0x000000008ca00000, 0x000000008cb00000|  0%| F|  |TAMS 0x000000008ca00000| PB 0x000000008ca00000| Untracked |  0
|  51|0x000000008cb00000, 0x000000008cb00000, 0x000000008cc00000|  0%| F|  |TAMS 0x000000008cb00000| PB 0x000000008cb00000| Untracked |  0
|  52|0x000000008cc00000, 0x000000008cc00000, 0x000000008cd00000|  0%| F|  |TAMS 0x000000008cc00000| PB 0x000000008cc00000| Untracked |  0
|  53|0x000000008cd00000, 0x000000008cd00000, 0x000000008ce00000|  0%| F|  |TAMS 0x000000008cd00000| PB 0x000000008cd00000| Untracked |  0
|  54|0x000000008ce00000, 0x000000008ce00000, 0x000000008cf00000|  0%| F|  |TAMS 0x000000008ce00000| PB 0x000000008ce00000| Untracked |  0
|  55|0x000000008cf00000, 0x000000008cf00000, 0x000000008d000000|  0%| F|  |TAMS 0x000000008cf00000| PB 0x000000008cf00000| Untracked |  0
|  56|0x000000008d000000, 0x000000008d000000, 0x000000008d100000|  0%| F|  |TAMS 0x000000008d000000| PB 0x000000008d000000| Untracked |  0
|  57|0x000000008d100000, 0x000000008d100000, 0x000000008d200000|  0%| F|  |TAMS 0x000000008d100000| PB 0x000000008d100000| Untracked |  0
|  58|0x000000008d200000, 0x000000008d200000, 0x000000008d300000|  0%| F|  |TAMS 0x000000008d200000| PB 0x000000008d200000| Untracked |  0
|  59|0x000000008d300000, 0x000000008d300000, 0x000000008d400000|  0%| F|  |TAMS 0x000000008d300000| PB 0x000000008d300000| Untracked |  0
|  60|0x000000008d400000, 0x000000008d400000, 0x000000008d500000|  0%| F|  |TAMS 0x000000008d400000| PB 0x000000008d400000| Untracked |  0
|  61|0x000000008d500000, 0x000000008d500000, 0x000000008d600000|  0%| F|  |TAMS 0x000000008d500000| PB 0x000000008d500000| Untracked |  0
|  62|0x000000008d600000, 0x000000008d600000, 0x000000008d700000|  0%| F|  |TAMS 0x000000008d600000| PB 0x000000008d600000| Untracked |  0
|  63|0x000000008d700000, 0x000000008d700000, 0x000000008d800000|  0%| F|  |TAMS 0x000000008d700000| PB 0x000000008d700000| Untracked |  0
|  64|0x000000008d800000, 0x000000008d800000, 0x000000008d900000|  0%| F|  |TAMS 0x000000008d800000| PB 0x000000008d800000| Untracked |  0
|  65|0x000000008d900000, 0x000000008d900000, 0x000000008da00000|  0%| F|  |TAMS 0x000000008d900000| PB 0x000000008d900000| Untracked |  0
|  66|0x000000008da00000, 0x000000008da00000, 0x000000008db00000|  0%| F|  |TAMS 0x000000008da00000| PB 0x000000008da00000| Untracked |  0
|  67|0x000000008db00000, 0x000000008db00000, 0x000000008dc00000|  0%| F|  |TAMS 0x000000008db00000| PB 0x000000008db00000| Untracked |  0
|  68|0x000000008dc00000, 0x000000008dc00000, 0x000000008dd00000|  0%| F|  |TAMS 0x000000008dc00000| PB 0x000000008dc00000| Untracked |  0
|  69|0x000000008dd00000, 0x000000008dd00000, 0x000000008de00000|  0%| F|  |TAMS 0x000000008dd00000| PB 0x000000008dd00000| Untracked |  0
|  70|0x000000008de00000, 0x000000008de00000, 0x000000008df00000|  0%| F|  |TAMS 0x000000008de00000| PB 0x000000008de00000| Untracked |  0
|  71|0x000000008df00000, 0x000000008df00000, 0x000000008e000000|  0%| F|  |TAMS 0x000000008df00000| PB 0x000000008df00000| Untracked |  0
|  72|0x000000008e000000, 0x000000008e000000, 0x000000008e100000|  0%| F|  |TAMS 0x000000008e000000| PB 0x000000008e000000| Untracked |  0
|  73|0x000000008e100000, 0x000000008e100000, 0x000000008e200000|  0%| F|  |TAMS 0x000000008e100000| PB 0x000000008e100000| Untracked |  0
|  74|0x000000008e200000, 0x000000008e200000, 0x000000008e300000|  0%| F|  |TAMS 0x000000008e200000| PB 0x000000008e200000| Untracked |  0
|  75|0x000000008e300000, 0x000000008e380000, 0x000000008e400000| 50%| E|  |TAMS 0x000000008e300000| PB 0x000000008e300000| Complete |  0
|  76|0x000000008e400000, 0x000000008e500000, 0x000000008e500000|100%| E|CS|TAMS 0x000000008e400000| PB 0x000000008e400000| Complete |  0
|  77|0x000000008e500000, 0x000000008e600000, 0x000000008e600000|100%| E|CS|TAMS 0x000000008e500000| PB 0x000000008e500000| Complete |  0
|  78|0x000000008e600000, 0x000000008e700000, 0x000000008e700000|100%| E|CS|TAMS 0x000000008e600000| PB 0x000000008e600000| Complete |  0
|  79|0x000000008e700000, 0x000000008e800000, 0x000000008e800000|100%| E|CS|TAMS 0x000000008e700000| PB 0x000000008e700000| Complete |  0
|  80|0x000000008e800000, 0x000000008e900000, 0x000000008e900000|100%| E|CS|TAMS 0x000000008e800000| PB 0x000000008e800000| Complete |  0
|  81|0x000000008e900000, 0x000000008ea00000, 0x000000008ea00000|100%| E|CS|TAMS 0x000000008e900000| PB 0x000000008e900000| Complete |  0
|  82|0x000000008ea00000, 0x000000008eb00000, 0x000000008eb00000|100%| E|CS|TAMS 0x000000008ea00000| PB 0x000000008ea00000| Complete |  0
|  83|0x000000008eb00000, 0x000000008ec00000, 0x000000008ec00000|100%| E|CS|TAMS 0x000000008eb00000| PB 0x000000008eb00000| Complete |  1
|  84|0x000000008ec00000, 0x000000008ed00000, 0x000000008ed00000|100%| E|CS|TAMS 0x000000008ec00000| PB 0x000000008ec00000| Complete |  0
|  85|0x000000008ed00000, 0x000000008ee00000, 0x000000008ee00000|100%| E|CS|TAMS 0x000000008ed00000| PB 0x000000008ed00000| Complete |  0
|  86|0x000000008ee00000, 0x000000008ef00000, 0x000000008ef00000|100%| E|CS|TAMS 0x000000008ee00000| PB 0x000000008ee00000| Complete |  0
|  87|0x000000008ef00000, 0x000000008f000000, 0x000000008f000000|100%| E|CS|TAMS 0x000000008ef00000| PB 0x000000008ef00000| Complete |  0
|  88|0x000000008f000000, 0x000000008f100000, 0x000000008f100000|100%| E|CS|TAMS 0x000000008f000000| PB 0x000000008f000000| Complete |  0
|  89|0x000000008f100000, 0x000000008f200000, 0x000000008f200000|100%| E|CS|TAMS 0x000000008f100000| PB 0x000000008f100000| Complete |  0
|  90|0x000000008f200000, 0x000000008f300000, 0x000000008f300000|100%| E|CS|TAMS 0x000000008f200000| PB 0x000000008f200000| Complete |  0
|  91|0x000000008f300000, 0x000000008f400000, 0x000000008f400000|100%| E|CS|TAMS 0x000000008f300000| PB 0x000000008f300000| Complete |  0
|  92|0x000000008f400000, 0x000000008f500000, 0x000000008f500000|100%| E|CS|TAMS 0x000000008f400000| PB 0x000000008f400000| Complete |  0
|  93|0x000000008f500000, 0x000000008f600000, 0x000000008f600000|100%| E|CS|TAMS 0x000000008f500000| PB 0x000000008f500000| Complete |  0
|  94|0x000000008f600000, 0x000000008f700000, 0x000000008f700000|100%| E|CS|TAMS 0x000000008f600000| PB 0x000000008f600000| Complete |  0
|  95|0x000000008f700000, 0x000000008f800000, 0x000000008f800000|100%| E|CS|TAMS 0x000000008f700000| PB 0x000000008f700000| Complete |  0
|  96|0x000000008f800000, 0x000000008f900000, 0x000000008f900000|100%| E|CS|TAMS 0x000000008f800000| PB 0x000000008f800000| Complete |  0
|  97|0x000000008f900000, 0x000000008fa00000, 0x000000008fa00000|100%| E|CS|TAMS 0x000000008f900000| PB 0x000000008f900000| Complete |  0
|  98|0x000000008fa00000, 0x000000008fb00000, 0x000000008fb00000|100%| E|CS|TAMS 0x000000008fa00000| PB 0x000000008fa00000| Complete |  0
|  99|0x000000008fb00000, 0x000000008fc00000, 0x000000008fc00000|100%| E|CS|TAMS 0x000000008fb00000| PB 0x000000008fb00000| Complete |  0
| 100|0x000000008fc00000, 0x000000008fd00000, 0x000000008fd00000|100%| E|CS|TAMS 0x000000008fc00000| PB 0x000000008fc00000| Complete |  0
| 101|0x000000008fd00000, 0x000000008fe00000, 0x000000008fe00000|100%| E|CS|TAMS 0x000000008fd00000| PB 0x000000008fd00000| Complete |  0
| 102|0x000000008fe00000, 0x000000008ff00000, 0x000000008ff00000|100%| E|CS|TAMS 0x000000008fe00000| PB 0x000000008fe00000| Complete |  0
| 103|0x000000008ff00000, 0x0000000090000000, 0x0000000090000000|100%| E|CS|TAMS 0x000000008ff00000| PB 0x000000008ff00000| Complete |  0
| 104|0x0000000090000000, 0x0000000090100000, 0x0000000090100000|100%| E|CS|TAMS 0x0000000090000000| PB 0x0000000090000000| Complete |  0
| 105|0x0000000090100000, 0x0000000090200000, 0x0000000090200000|100%| E|CS|TAMS 0x0000000090100000| PB 0x0000000090100000| Complete |  0
| 106|0x0000000090200000, 0x0000000090300000, 0x0000000090300000|100%| E|CS|TAMS 0x0000000090200000| PB 0x0000000090200000| Complete |  0
| 107|0x0000000090300000, 0x0000000090400000, 0x0000000090400000|100%| E|CS|TAMS 0x0000000090300000| PB 0x0000000090300000| Complete |  0
| 108|0x0000000090400000, 0x0000000090500000, 0x0000000090500000|100%| E|CS|TAMS 0x0000000090400000| PB 0x0000000090400000| Complete |  0
| 109|0x0000000090500000, 0x0000000090600000, 0x0000000090600000|100%| E|CS|TAMS 0x0000000090500000| PB 0x0000000090500000| Complete |  0
| 110|0x0000000090600000, 0x0000000090700000, 0x0000000090700000|100%| E|CS|TAMS 0x0000000090600000| PB 0x0000000090600000| Complete |  0
| 111|0x0000000090700000, 0x0000000090800000, 0x0000000090800000|100%| E|CS|TAMS 0x0000000090700000| PB 0x0000000090700000| Complete |  0
| 112|0x0000000090800000, 0x0000000090900000, 0x0000000090900000|100%| E|CS|TAMS 0x0000000090800000| PB 0x0000000090800000| Complete |  0
| 113|0x0000000090900000, 0x0000000090a00000, 0x0000000090a00000|100%| E|CS|TAMS 0x0000000090900000| PB 0x0000000090900000| Complete |  0
| 114|0x0000000090a00000, 0x0000000090b00000, 0x0000000090b00000|100%| E|CS|TAMS 0x0000000090a00000| PB 0x0000000090a00000| Complete |  0
| 115|0x0000000090b00000, 0x0000000090c00000, 0x0000000090c00000|100%| E|CS|TAMS 0x0000000090b00000| PB 0x0000000090b00000| Complete |  0
| 116|0x0000000090c00000, 0x0000000090d00000, 0x0000000090d00000|100%| E|CS|TAMS 0x0000000090c00000| PB 0x0000000090c00000| Complete |  0
| 117|0x0000000090d00000, 0x0000000090e00000, 0x0000000090e00000|100%| E|CS|TAMS 0x0000000090d00000| PB 0x0000000090d00000| Complete |  0
| 118|0x0000000090e00000, 0x0000000090f00000, 0x0000000090f00000|100%| E|CS|TAMS 0x0000000090e00000| PB 0x0000000090e00000| Complete |  0
| 119|0x0000000090f00000, 0x0000000091000000, 0x0000000091000000|100%| E|CS|TAMS 0x0000000090f00000| PB 0x0000000090f00000| Complete |  0
|1894|0x00000000ffe00000, 0x00000000fff00000, 0x00000000fff00000|100%| O|  |TAMS 0x00000000ffe00000| PB 0x00000000ffe00000| Untracked |  0
|1895|0x00000000fff00000, 0x00000000fff1d1c0, 0x0000000100000000| 11%| O|  |TAMS 0x00000000fff00000| PB 0x00000000fff00000| Untracked |  0

Card table byte_map: [0x00000170bd1d0000,0x00000170bd590000] _byte_map_base: 0x00000170bcd84000

Marking Bits: (CMBitMap*) 0x00000170a300b1d0
 Bits: [0x00000170bd590000, 0x00000170bf330000)

Polling page: 0x00000170a33b0000

Metaspace:

Usage:
  Non-class:     16.15 MB used.
      Class:      1.68 MB used.
       Both:     17.82 MB used.

Virtual space:
  Non-class space:       64.00 MB reserved,      16.25 MB ( 25%) committed,  1 nodes.
      Class space:        1.00 GB reserved,       1.81 MB ( <1%) committed,  1 nodes.
             Both:        1.06 GB reserved,      18.06 MB (  2%) committed. 

Chunk freelists:
   Non-Class:  15.00 MB
       Class:  14.10 MB
        Both:  29.10 MB

MaxMetaspaceSize: unlimited
CompressedClassSpaceSize: 1.00 GB
Initial GC threshold: 21.00 MB
Current GC threshold: 21.00 MB
CDS: on
 - commit_granule_bytes: 65536.
 - commit_granule_words: 8192.
 - virtual_space_node_default_size: 8388608.
 - enlarge_chunks_in_place: 1.
UseCompressedClassPointers 1, UseCompactObjectHeaders 0
Narrow klass pointer bits 32, Max shift 3
Narrow klass base: 0x00000170c3000000, Narrow klass shift: 0
Encoding Range: [0x00000170c3000000 - 0x00000171c3000000), (4294967296 bytes)
Klass Range:    [0x00000170c3000000 - 0x0000017104000000), (1090519040 bytes)
Klass ID Range:  [8 - 1090519033) (1090519025)


Internal statistics:

num_allocs_failed_limit: 0.
num_arena_births: 188.
num_arena_deaths: 0.
num_vsnodes_births: 2.
num_vsnodes_deaths: 0.
num_space_committed: 289.
num_space_uncommitted: 0.
num_chunks_returned_to_freelist: 0.
num_chunks_taken_from_freelist: 404.
num_chunk_merges: 0.
num_chunk_splits: 243.
num_chunks_enlarged: 133.
num_inconsistent_stats: 0.

CodeHeap 'non-profiled nmethods': size=120064Kb used=1240Kb max_used=1240Kb free=118823Kb
 bounds [0x00000170b4c30000, 0x00000170b4ea0000, 0x00000170bc170000]
CodeHeap 'profiled nmethods': size=120000Kb used=6157Kb max_used=6157Kb free=113842Kb
 bounds [0x00000170ad170000, 0x00000170ad780000, 0x00000170b46a0000]
CodeHeap 'non-nmethods': size=5696Kb used=1640Kb max_used=1714Kb free=4055Kb
 bounds [0x00000170b46a0000, 0x00000170b4910000, 0x00000170b4c30000]
CodeCache: size=245760Kb, used=9037Kb, max_used=9111Kb, free=236720Kb
 total_blobs=4322, nmethods=3510, adapters=715, full_count=0
Compilation: enabled, stopped_count=0, restarted_count=0

Compilation events (20 events):
Event: 2166.602 Thread 0x00000170c2009030 3502 % !   4       sun.java2d.d3d.D3DScreenUpdateManager::run @ 0 (267 bytes)
Event: 2166.622 Thread 0x00000170c2009030 nmethod 3502% 0x00000170b4d63e88 code [0x00000170b4d64060, 0x00000170b4d64f00]
Event: 2345.012 Thread 0x00000170c2009030 3503 % !   4       sun.java2d.d3d.D3DScreenUpdateManager::run @ 105 (267 bytes)
Event: 2345.036 Thread 0x00000170c2009030 nmethod 3503% 0x00000170b4d64f88 code [0x00000170b4d65160, 0x00000170b4d66088]
Event: 3582.846 Thread 0x00000170c201bff0 3504       3       sun.java2d.d3d.D3DSurfaceData::setSurfaceLost (29 bytes)
Event: 3582.848 Thread 0x00000170c201bff0 nmethod 3504 0x00000170ad766808 code [0x00000170ad766960, 0x00000170ad766d38]
Event: 3582.848 Thread 0x00000170c201bff0 3505       3       sun.java2d.SurfaceData::setSurfaceLost (13 bytes)
Event: 3582.848 Thread 0x00000170c201bff0 nmethod 3505 0x00000170ad766d88 code [0x00000170ad766ea0, 0x00000170ad7670c0]
Event: 3583.073 Thread 0x00000170c201bff0 3506       3       java.lang.Byte::hashCode (8 bytes)
Event: 3583.073 Thread 0x00000170c201bff0 nmethod 3506 0x00000170ad767108 code [0x00000170ad767220, 0x00000170ad767380]
Event: 3583.083 Thread 0x00000170c201bff0 3507       3       java.lang.invoke.DirectMethodHandle$Holder::invokeStatic (24 bytes)
Event: 3583.084 Thread 0x00000170c201bff0 nmethod 3507 0x00000170ad767408 code [0x00000170ad767540, 0x00000170ad767a90]
Event: 3583.084 Thread 0x00000170c201bff0 3508       3       java.lang.invoke.LambdaMetafactory::metafactory (71 bytes)
Event: 3583.086 Thread 0x00000170c201bff0 nmethod 3508 0x00000170ad767b08 code [0x00000170ad767d00, 0x00000170ad7687e8]
Event: 3583.086 Thread 0x00000170c201bff0 3509       3       java.lang.invoke.InnerClassLambdaMetafactory::<init> (263 bytes)
Event: 3583.098 Thread 0x00000170c201bff0 nmethod 3509 0x00000170ad768808 code [0x00000170ad768f00, 0x00000170ad76e648]
Event: 3583.098 Thread 0x00000170c201bff0 3510   !   3       java.lang.invoke.AbstractValidatingLambdaMetafactory::<init> (559 bytes)
Event: 3583.106 Thread 0x00000170c201bff0 nmethod 3510 0x00000170ad76e888 code [0x00000170ad76ee60, 0x00000170ad772f10]
Event: 3583.106 Thread 0x00000170c201bff0 3511       3       java.lang.invoke.AbstractValidatingLambdaMetafactory::isAdaptableToAsReturn (36 bytes)
Event: 3583.106 Thread 0x00000170c201bff0 nmethod 3511 0x00000170ad773088 code [0x00000170ad7731c0, 0x00000170ad773618]

GC Heap History (0 events):
No events

Dll operation events (10 events):
Event: 0.018 Loaded shared library C:\Program Files\Java\jdk-24\bin\java.dll
Event: 0.069 Loaded shared library C:\Program Files\Java\jdk-24\bin\jsvml.dll
Event: 0.123 Loaded shared library C:\Program Files\Java\jdk-24\bin\net.dll
Event: 0.126 Loaded shared library C:\Program Files\Java\jdk-24\bin\nio.dll
Event: 0.169 Loaded shared library C:\Program Files\Java\jdk-24\bin\zip.dll
Event: 0.203 Loaded shared library C:\Program Files\Java\jdk-24\bin\jimage.dll
Event: 0.218 Loaded shared library C:\Program Files\Java\jdk-24\bin\awt.dll
Event: 0.424 Loaded shared library C:\Program Files\Java\jdk-24\bin\freetype.dll
Event: 0.426 Loaded shared library C:\Program Files\Java\jdk-24\bin\fontmanager.dll
Event: 1.751 Loaded shared library C:\Program Files\Java\jdk-24\bin\extnet.dll

Deoptimization events (20 events):
Event: 40.937 Thread 0x00000170c2a4e240 DEOPT PACKING pc=0x00000170b4cf9120 sp=0x0000001d7a6fd410
Event: 40.937 Thread 0x00000170c2a4e240 DEOPT UNPACKING pc=0x00000170b47b4c02 sp=0x0000001d7a6fd310 mode 2
Event: 50.991 Thread 0x00000170c2a4e240 Uncommon trap: trap_request=0xfffffff4 fr.pc=0x00000170b4d2863c relative=0x00000000000013dc
Event: 50.991 Thread 0x00000170c2a4e240 Uncommon trap: reason=null_check action=make_not_entrant pc=0x00000170b4d2863c method=java.awt.Component.enableEvents(J)V @ 112 c2
Event: 50.991 Thread 0x00000170c2a4e240 DEOPT PACKING pc=0x00000170b4d2863c sp=0x0000001d7a6fd8d0
Event: 50.991 Thread 0x00000170c2a4e240 DEOPT UNPACKING pc=0x00000170b47b4c02 sp=0x0000001d7a6fd6a8 mode 2
Event: 242.806 Thread 0x000001710cf7f650 Uncommon trap: trap_request=0xffffffcc fr.pc=0x00000170b4d61c88 relative=0x00000000000002c8
Event: 242.806 Thread 0x000001710cf7f650 Uncommon trap: reason=intrinsic_or_type_checked_inlining action=make_not_entrant pc=0x00000170b4d61c88 method=java.util.Arrays.copyOf([Ljava/lang/Object;ILjava/lang/Class;)[Ljava/lang/Object; @ 35 c2
Event: 242.806 Thread 0x000001710cf7f650 DEOPT PACKING pc=0x00000170b4d61c88 sp=0x0000001d7b7ff0a0
Event: 242.806 Thread 0x000001710cf7f650 DEOPT UNPACKING pc=0x00000170b47b4c02 sp=0x0000001d7b7ff030 mode 2
Event: 502.198 Thread 0x000001710cf7f650 Uncommon trap: trap_request=0xffffffdc fr.pc=0x00000170b4d62f50 relative=0x0000000000000230
Event: 502.198 Thread 0x000001710cf7f650 Uncommon trap: reason=class_check action=make_not_entrant pc=0x00000170b4d62f50 method=java.util.ArrayList.toArray([Ljava/lang/Object;)[Ljava/lang/Object; @ 21 c2
Event: 502.198 Thread 0x000001710cf7f650 DEOPT PACKING pc=0x00000170b4d62f50 sp=0x0000001d7b7ff100
Event: 502.198 Thread 0x000001710cf7f650 DEOPT UNPACKING pc=0x00000170b47b4c02 sp=0x0000001d7b7ff0c0 mode 2
Event: 2519.711 Thread 0x000001710cf7f650 DEOPT PACKING pc=0x00000170ad762fb3 sp=0x0000001d7b7ff0a0
Event: 2519.711 Thread 0x000001710cf7f650 DEOPT UNPACKING pc=0x00000170b46f5722 sp=0x0000001d7b7fe640 mode 0
Event: 3582.875 Thread 0x000001710cf7f650 Uncommon trap: trap_request=0xffffff4d fr.pc=0x00000170b4d65aec relative=0x000000000000098c
Event: 3582.876 Thread 0x000001710cf7f650 Uncommon trap: reason=unstable_if action=reinterpret pc=0x00000170b4d65aec method=sun.java2d.d3d.D3DScreenUpdateManager.run()V @ 130 c2
Event: 3582.878 Thread 0x000001710cf7f650 DEOPT PACKING pc=0x00000170b4d65aec sp=0x0000001d7b7ff1a0
Event: 3582.878 Thread 0x000001710cf7f650 DEOPT UNPACKING pc=0x00000170b47b4c02 sp=0x0000001d7b7ff148 mode 2

Classes loaded (20 events):
Event: 13.341 Loading class java/awt/geom/EllipseIterator
Event: 13.341 Loading class java/awt/geom/EllipseIterator done
Event: 15.634 Loading class sun/awt/SunToolkit$1
Event: 15.635 Loading class sun/awt/SunToolkit$1 done
Event: 15.646 Loading class java/awt/Window$1DisposeAction
Event: 15.646 Loading class java/awt/Window$1DisposeAction done
Event: 40.925 Loading class javax/swing/text/JTextComponent$InputMethodRequestsHandler
Event: 40.926 Loading class javax/swing/text/JTextComponent$InputMethodRequestsHandler done
Event: 42.425 Loading class sun/awt/DebugSettings
Event: 42.426 Loading class sun/awt/DebugSettings done
Event: 42.426 Loading class javax/swing/JComponent$KeyboardState
Event: 42.426 Loading class javax/swing/JComponent$KeyboardState done
Event: 42.426 Loading class javax/swing/JComponent$IntVector
Event: 42.427 Loading class javax/swing/JComponent$IntVector done
Event: 42.427 Loading class javax/swing/JComponent$ActionStandin
Event: 42.427 Loading class javax/swing/JComponent$ActionStandin done
Event: 2951.768 Loading class java/awt/desktop/SystemSleepListener
Event: 2951.769 Loading class java/awt/desktop/SystemEventListener
Event: 2951.770 Loading class java/awt/desktop/SystemEventListener done
Event: 2951.771 Loading class java/awt/desktop/SystemSleepListener done

Classes unloaded (0 events):
No events

Classes redefined (0 events):
No events

Internal exceptions (20 events):
Event: 1.138 Thread 0x00000170c2a4e240 Exception <a 'java/lang/NoSuchMethodError'{0x000000008fe58500}: 'void java.lang.invoke.DelegatingMethodHandle$Holder.reinvoke_L(java.lang.Object, java.lang.Object, java.lang.Object, java.lang.Object, long, long, float)'> (0x000000008fe58500) 
thrown [s\open\src\hotspot\share\interpreter\linkResolver.cpp, line 805]
Event: 1.141 Thread 0x00000170c2a4e240 Exception <a 'java/lang/NoSuchMethodError'{0x000000008fe786b8}: 'java.lang.Object java.lang.invoke.DirectMethodHandle$Holder.invokeStatic(java.lang.Object, java.lang.Object, java.lang.Object, java.lang.Object, java.lang.Object, long)'> (0x000000008fe786b8) 
thrown [s\open\src\hotspot\share\interpreter\linkResolver.cpp, line 805]
Event: 1.147 Thread 0x00000170c2a4e240 Exception <a 'java/lang/NoSuchMethodError'{0x000000008febc208}: 'float java.lang.invoke.DelegatingMethodHandle$Holder.reinvoke_L(java.lang.Object, java.lang.Object, java.lang.Object, java.lang.Object, long, long)'> (0x000000008febc208) 
thrown [s\open\src\hotspot\share\interpreter\linkResolver.cpp, line 805]
Event: 1.201 Thread 0x00000170c2a4e240 Exception <a 'java/io/FileNotFoundException'{0x000000008fd5b110}> (0x000000008fd5b110) 
thrown [s\open\src\hotspot\share\prims\jni.cpp, line 518]
Event: 1.236 Thread 0x00000170c2a4e240 Exception <a 'java/io/FileNotFoundException'{0x000000008fdb45c8}> (0x000000008fdb45c8) 
thrown [s\open\src\hotspot\share\prims\jni.cpp, line 518]
Event: 1.270 Thread 0x00000170c28fbdd0 Exception <a 'java/lang/NoSuchMethodError'{0x0000000090b10168}: 'void java.lang.invoke.DirectMethodHandle$Holder.invokeVirtual(java.lang.Object, java.lang.Object)'> (0x0000000090b10168) 
thrown [s\open\src\hotspot\share\interpreter\linkResolver.cpp, line 805]
Event: 1.328 Thread 0x00000170c2a4e240 Exception <a 'java/lang/NoSuchMethodError'{0x000000008fdffc08}: 'void java.lang.invoke.DelegatingMethodHandle$Holder.reinvoke_L(java.lang.Object, java.lang.Object, java.lang.Object, java.lang.Object, long, long, int)'> (0x000000008fdffc08) 
thrown [s\open\src\hotspot\share\interpreter\linkResolver.cpp, line 805]
Event: 1.334 Thread 0x00000170c2a4e240 Exception <a 'java/lang/NoSuchMethodError'{0x000000008fc2e770}: 'void java.lang.invoke.DelegatingMethodHandle$Holder.reinvoke_L(java.lang.Object, java.lang.Object, java.lang.Object, java.lang.Object, long, long, long)'> (0x000000008fc2e770) 
thrown [s\open\src\hotspot\share\interpreter\linkResolver.cpp, line 805]
Event: 1.355 Thread 0x00000170c2a4e240 Exception <a 'java/lang/NoSuchMethodError'{0x000000008fc818e8}: 'void java.lang.invoke.DelegatingMethodHandle$Holder.reinvoke_L(java.lang.Object, java.lang.Object, java.lang.Object, java.lang.Object, long, long, double)'> (0x000000008fc818e8) 
thrown [s\open\src\hotspot\share\interpreter\linkResolver.cpp, line 805]
Event: 1.521 Thread 0x00000170c2a4e240 Exception <a 'java/lang/NoSuchMethodError'{0x000000008fa0a088}: 'void java.lang.invoke.DirectMethodHandle$Holder.invokeStatic(java.lang.Object, java.lang.Object)'> (0x000000008fa0a088) 
thrown [s\open\src\hotspot\share\interpreter\linkResolver.cpp, line 805]
Event: 1.564 Thread 0x00000170c2a4e240 Exception <a 'java/lang/NoSuchMethodError'{0x000000008f9419d0}: 'java.lang.Object java.lang.invoke.DirectMethodHandle$Holder.invokeInterface(java.lang.Object, java.lang.Object)'> (0x000000008f9419d0) 
thrown [s\open\src\hotspot\share\interpreter\linkResolver.cpp, line 805]
Event: 1.617 Thread 0x00000170c2a4e240 Exception <a 'java/lang/NoSuchMethodError'{0x000000008f7fa940}: 'void java.lang.invoke.DirectMethodHandle$Holder.invokeStatic(java.lang.Object, java.lang.Object, java.lang.Object)'> (0x000000008f7fa940) 
thrown [s\open\src\hotspot\share\interpreter\linkResolver.cpp, line 805]
Event: 1.620 Thread 0x00000170c2a4e240 Exception <a 'java/lang/NoSuchMethodError'{0x000000008f612698}: 'java.lang.Object java.lang.invoke.DirectMethodHandle$Holder.invokeVirtual(java.lang.Object, java.lang.Object, java.lang.Object)'> (0x000000008f612698) 
thrown [s\open\src\hotspot\share\interpreter\linkResolver.cpp, line 805]
Event: 13.327 Thread 0x00000170c2a4e240 Exception <a 'java/lang/NoSuchMethodError'{0x000000008eb26290}: 'int java.lang.invoke.DirectMethodHandle$Holder.invokeStatic(java.lang.Object)'> (0x000000008eb26290) 
thrown [s\open\src\hotspot\share\interpreter\linkResolver.cpp, line 805]
Event: 27.990 Thread 0x00000170c2a4e240 Implicit null exception at 0x00000170b4d0944d to 0x00000170b4d09a03
Event: 27.990 Thread 0x00000170c2a4e240 Implicit null exception at 0x00000170b4d05b62 to 0x00000170b4d06238
Event: 27.990 Thread 0x00000170c2a4e240 Implicit null exception at 0x00000170b4d0944d to 0x00000170b4d09a03
Event: 27.991 Thread 0x00000170c2a4e240 Implicit null exception at 0x00000170b4d05b62 to 0x00000170b4d06238
Event: 27.991 Thread 0x00000170c2a4e240 Implicit null exception at 0x00000170b4d0944d to 0x00000170b4d09a03
Event: 50.991 Thread 0x00000170c2a4e240 Implicit null exception at 0x00000170b4d280c1 to 0x00000170b4d28630

VM Operations (20 events):
Event: 0.717 Executing VM operation: HandshakeAllThreads (Deoptimize)
Event: 0.717 Executing VM operation: HandshakeAllThreads (Deoptimize) done
Event: 0.853 Executing VM operation: HandshakeAllThreads (Deoptimize)
Event: 0.853 Executing VM operation: HandshakeAllThreads (Deoptimize) done
Event: 1.369 Executing VM operation: HandshakeAllThreads (Deoptimize)
Event: 1.369 Executing VM operation: HandshakeAllThreads (Deoptimize) done
Event: 1.505 Executing VM operation: HandshakeAllThreads (Deoptimize)
Event: 1.505 Executing VM operation: HandshakeAllThreads (Deoptimize) done
Event: 1.534 Executing VM operation: HandshakeAllThreads (Deoptimize)
Event: 1.534 Executing VM operation: HandshakeAllThreads (Deoptimize) done
Event: 1.739 Executing VM operation: HandshakeAllThreads (Deoptimize)
Event: 1.739 Executing VM operation: HandshakeAllThreads (Deoptimize) done
Event: 8.225 Executing VM operation: HandshakeAllThreads (Deoptimize)
Event: 8.225 Executing VM operation: HandshakeAllThreads (Deoptimize) done
Event: 8.226 Executing VM operation: HandshakeAllThreads (Deoptimize)
Event: 8.226 Executing VM operation: HandshakeAllThreads (Deoptimize) done
Event: 60.191 Executing VM operation: HandshakeAllThreads (HandshakeForDeflation)
Event: 60.191 Executing VM operation: HandshakeAllThreads (HandshakeForDeflation) done
Event: 60.191 Executing VM operation: RendezvousGCThreads
Event: 60.191 Executing VM operation: RendezvousGCThreads done

Memory protections (0 events):
No events

Nmethod flushes (0 events):
No events

Events (20 events):
Event: 0.291 Thread 0x00000170a2dcc370 Thread added: 0x00000170c28fbdd0
Event: 0.354 Thread 0x00000170c21f2f10 Thread exited: 0x00000170c21f2f10
Event: 0.537 Thread 0x00000170a2dcc370 Thread added: 0x00000170c2a4e240
Event: 0.538 Thread 0x00000170a2dcc370 Thread exited: 0x00000170a2dcc370
Event: 0.538 Thread 0x00000170a2dcc370 Thread added: 0x00000170a2dcc370
Event: 0.797 Thread 0x00000170c2a4e240 Thread added: 0x00000170c2cd9ea0
Event: 0.926 Thread 0x00000170c201bff0 Thread added: 0x000001710cf49030
Event: 1.343 Thread 0x00000170c2a4e240 Thread added: 0x000001710cf7f650
Event: 1.518 Thread 0x000001710cf49030 Thread exited: 0x000001710cf49030
Event: 1.523 Thread 0x00000170c2a4e240 Thread added: 0x000001710cf48f70
Event: 1.577 Thread 0x00000170c2009030 Thread added: 0x000001710d1a8370
Event: 1.607 Thread 0x00000170c201bff0 Thread added: 0x000001710d2059e0
Event: 2.181 Thread 0x000001710d2059e0 Thread exited: 0x000001710d2059e0
Event: 2.181 Thread 0x000001710d1a8370 Thread exited: 0x000001710d1a8370
Event: 3.073 Thread 0x00000170c2a4e240 Thread added: 0x000001710d144ca0
Event: 6.034 Thread 0x00000170c2cd9ea0 Thread exited: 0x00000170c2cd9ea0
Event: 15.838 Thread 0x00000170c201bff0 Thread added: 0x000001710d6d3510
Event: 16.570 Thread 0x000001710d6d3510 Thread exited: 0x000001710d6d3510
Event: 33.555 Thread 0x00000170c201bff0 Thread added: 0x000001710d491cf0
Event: 35.102 Thread 0x000001710d491cf0 Thread exited: 0x000001710d491cf0


Dynamic libraries:
0x00007ff7e6920000 - 0x00007ff7e6930000 	C:\Program Files\Java\jdk-24\bin\java.exe
0x00007fffbd000000 - 0x00007fffbd267000 	C:\WINDOWS\SYSTEM32\ntdll.dll
0x00007fffbbad0000 - 0x00007fffbbb99000 	C:\WINDOWS\System32\KERNEL32.DLL
0x00007fffba7a0000 - 0x00007fffbab8f000 	C:\WINDOWS\System32\KERNELBASE.dll
0x00007fffba5a0000 - 0x00007fffba6eb000 	C:\WINDOWS\System32\ucrtbase.dll
0x00007fffb6740000 - 0x00007fffb675b000 	C:\Program Files\Java\jdk-24\bin\VCRUNTIME140.dll
0x00007fffb5240000 - 0x00007fffb5256000 	C:\Program Files\Java\jdk-24\bin\jli.dll
0x00007fffbbc60000 - 0x00007fffbbe25000 	C:\WINDOWS\System32\USER32.dll
0x00007fffaa950000 - 0x00007fffaabe3000 	C:\WINDOWS\WinSxS\amd64_microsoft.windows.common-controls_6595b64144ccf1df_6.0.26100.7309_none_3e05feeae336a044\COMCTL32.dll
0x00007fffba380000 - 0x00007fffba3a7000 	C:\WINDOWS\System32\win32u.dll
0x00007fffbb780000 - 0x00007fffbb829000 	C:\WINDOWS\System32\msvcrt.dll
0x00007fffbbe30000 - 0x00007fffbbe5b000 	C:\WINDOWS\System32\GDI32.dll
0x00007fffba470000 - 0x00007fffba59c000 	C:\WINDOWS\System32\gdi32full.dll
0x00007fffba150000 - 0x00007fffba1f3000 	C:\WINDOWS\System32\msvcp_win.dll
0x00007fffbc6e0000 - 0x00007fffbc711000 	C:\WINDOWS\System32\IMM32.DLL
0x00007fffb51c0000 - 0x00007fffb51cc000 	C:\Program Files\Java\jdk-24\bin\vcruntime140_1.dll
0x00007fffa46a0000 - 0x00007fffa472e000 	C:\Program Files\Java\jdk-24\bin\msvcp140.dll
0x00007fff74b50000 - 0x00007fff758f2000 	C:\Program Files\Java\jdk-24\bin\server\jvm.dll
0x00007fffbb390000 - 0x00007fffbb444000 	C:\WINDOWS\System32\ADVAPI32.dll
0x00007fffbaf50000 - 0x00007fffbaff6000 	C:\WINDOWS\System32\sechost.dll
0x00007fffbc5c0000 - 0x00007fffbc6d8000 	C:\WINDOWS\System32\RPCRT4.dll
0x00007fffbc820000 - 0x00007fffbc894000 	C:\WINDOWS\System32\WS2_32.dll
0x00007fffb9fb0000 - 0x00007fffba00e000 	C:\WINDOWS\SYSTEM32\POWRPROF.dll
0x00007fffb2d20000 - 0x00007fffb2d55000 	C:\WINDOWS\SYSTEM32\WINMM.dll
0x00007fffb2d60000 - 0x00007fffb2d6b000 	C:\WINDOWS\SYSTEM32\VERSION.dll
0x00007fffb9f90000 - 0x00007fffb9fa4000 	C:\WINDOWS\SYSTEM32\UMPDC.dll
0x00007fffb8ec0000 - 0x00007fffb8edb000 	C:\WINDOWS\SYSTEM32\kernel.appcore.dll
0x00007fffb51b0000 - 0x00007fffb51ba000 	C:\Program Files\Java\jdk-24\bin\jimage.dll
0x00007fffaf700000 - 0x00007fffaf942000 	C:\WINDOWS\SYSTEM32\DBGHELP.DLL
0x00007fffbb000000 - 0x00007fffbb385000 	C:\WINDOWS\System32\combase.dll
0x00007fffbb9f0000 - 0x00007fffbbac6000 	C:\WINDOWS\System32\OLEAUT32.dll
0x00007fffaa8d0000 - 0x00007fffaa90c000 	C:\WINDOWS\SYSTEM32\dbgcore.DLL
0x00007fffba6f0000 - 0x00007fffba795000 	C:\WINDOWS\System32\bcryptPrimitives.dll
0x00007fffb44d0000 - 0x00007fffb44ee000 	C:\Program Files\Java\jdk-24\bin\java.dll
0x00007fffbadb0000 - 0x00007fffbaf47000 	C:\WINDOWS\System32\ole32.dll
0x00007fffbbe60000 - 0x00007fffbc5b3000 	C:\WINDOWS\System32\SHELL32.dll
0x00007fffbaba0000 - 0x00007fffbad0a000 	C:\WINDOWS\System32\wintypes.dll
0x00007fffb7d30000 - 0x00007fffb858e000 	C:\WINDOWS\SYSTEM32\windows.storage.dll
0x00007fffbc720000 - 0x00007fffbc815000 	C:\WINDOWS\System32\SHCORE.dll
0x00007fffbb4b0000 - 0x00007fffbb516000 	C:\WINDOWS\System32\shlwapi.dll
0x00007fffba070000 - 0x00007fffba099000 	C:\WINDOWS\SYSTEM32\profapi.dll
0x00007fffb2a70000 - 0x00007fffb2b47000 	C:\Program Files\Java\jdk-24\bin\jsvml.dll
0x00007fffb44c0000 - 0x00007fffb44d0000 	C:\Program Files\Java\jdk-24\bin\net.dll
0x00007fffb9410000 - 0x00007fffb947b000 	C:\WINDOWS\system32\mswsock.dll
0x00007fffb44a0000 - 0x00007fffb44b6000 	C:\Program Files\Java\jdk-24\bin\nio.dll
0x00007fffb4480000 - 0x00007fffb4497000 	C:\Program Files\Java\jdk-24\bin\zip.dll
0x00007fffb28f0000 - 0x00007fffb2a6f000 	C:\Program Files\Java\jdk-24\bin\awt.dll
0x00007fffb7170000 - 0x00007fffb720f000 	C:\WINDOWS\SYSTEM32\apphelp.dll
0x00007fffb73d0000 - 0x00007fffb747b000 	C:\WINDOWS\system32\uxtheme.dll
0x00007fffbb830000 - 0x00007fffbb98e000 	C:\WINDOWS\System32\MSCTF.dll
0x00007fffb7680000 - 0x00007fffb76b0000 	C:\WINDOWS\system32\DWMAPI.DLL
0x00007fffa4610000 - 0x00007fffa4697000 	C:\Program Files\Java\jdk-24\bin\freetype.dll
0x00007fff930d0000 - 0x00007fff931a7000 	C:\Program Files\Java\jdk-24\bin\fontmanager.dll
0x00007fff46820000 - 0x00007fff46930000 	C:\WINDOWS\system32\opengl32.dll
0x00007fff441e0000 - 0x00007fff4420d000 	C:\WINDOWS\SYSTEM32\GLU32.dll
0x00007fffb7630000 - 0x00007fffb7674000 	C:\WINDOWS\SYSTEM32\dxcore.dll
0x00007fffbbba0000 - 0x00007fffbbc50000 	C:\WINDOWS\System32\clbcatq.dll
0x00007fffb59e0000 - 0x00007fffb5c10000 	C:\WINDOWS\SYSTEM32\WindowsCodecs.dll
0x00007fff9bb50000 - 0x00007fff9bbaa000 	C:\WINDOWS\system32\dataexchange.dll
0x00007fffaf200000 - 0x00007fffaf444000 	C:\WINDOWS\system32\twinapi.appcore.dll
0x00007fff9b930000 - 0x00007fff9ba78000 	C:\WINDOWS\SYSTEM32\textinputframework.dll
0x00007fffb88f0000 - 0x00007fffb8a1c000 	C:\WINDOWS\SYSTEM32\DNSAPI.dll
0x00007fffb88b0000 - 0x00007fffb88e4000 	C:\WINDOWS\SYSTEM32\IPHLPAPI.DLL
0x00007fffbada0000 - 0x00007fffbadaa000 	C:\WINDOWS\System32\NSI.dll
0x00007fffacc50000 - 0x00007fffacc5b000 	C:\Windows\System32\rasadhlp.dll
0x00007fffb04a0000 - 0x00007fffb0526000 	C:\WINDOWS\System32\fwpuclnt.dll
0x00007fffb4460000 - 0x00007fffb4469000 	C:\Program Files\Java\jdk-24\bin\extnet.dll
0x00007fffb6ec0000 - 0x00007fffb6fe7000 	C:\WINDOWS\SYSTEM32\CoreMessaging.dll
0x00007fffb3540000 - 0x00007fffb3822000 	C:\WINDOWS\SYSTEM32\CoreUIComponents.dll
0x00007fffb9660000 - 0x00007fffb966c000 	C:\WINDOWS\SYSTEM32\CRYPTBASE.DLL

JVMTI agents: none

dbghelp: loaded successfully - version: 4.0.5 - missing functions: none
symbol engine: initialized successfully - sym options: 0x614 - pdb path: .;C:\Program Files\Java\jdk-24\bin;C:\WINDOWS\SYSTEM32;C:\WINDOWS\WinSxS\amd64_microsoft.windows.common-controls_6595b64144ccf1df_6.0.26100.7309_none_3e05feeae336a044;C:\Program Files\Java\jdk-24\bin\server;C:\WINDOWS\System32\DriverStore\FileRepository\u0417877.inf_amd64_8b2c2b61b3f8a9e5\B417004

VM Arguments:
jvm_args: -Dfile.encoding=UTF-8 --enable-preview --module-path=C:\Users\Hype\Documents\NetBeansProjects\Hotel Management System\build\classes 
java_command: ManageRoom
java_class_path (initial): C:\Program Files\NetBeans-25\netbeans\java\modules\ext\AbsoluteLayout.jar;C:\mysql-connector-j-9.3.0\mysql-connector-j-9.3.0.jar;C:\Users\Hype\Downloads\itext-2.1.7.jar;C:\Users\Hype\Documents\NetBeansProjects\Hotel Management System\build\classes
Launcher Type: SUN_STANDARD

[Global flags]
     intx CICompilerCount                          = 4                                         {product} {ergonomic}
     uint ConcGCThreads                            = 3                                         {product} {ergonomic}
     uint G1ConcRefinementThreads                  = 10                                        {product} {ergonomic}
   size_t G1HeapRegionSize                         = 1048576                                   {product} {ergonomic}
   size_t InitialHeapSize                          = 125829120                                 {product} {ergonomic}
   size_t MarkStackSize                            = 4194304                                   {product} {ergonomic}
   size_t MarkStackSizeMax                         = 536870912                                 {product} {ergonomic}
   size_t MaxHeapSize                              = 1988100096                                {product} {ergonomic}
   size_t MaxNewSize                               = 1192230912                                {product} {ergonomic}
   size_t MinHeapDeltaBytes                        = 1048576                                   {product} {ergonomic}
   size_t MinHeapSize                              = 8388608                                   {product} {ergonomic}
    uintx NonNMethodCodeHeapSize                   = 5832704                                {pd product} {ergonomic}
    uintx NonProfiledCodeHeapSize                  = 122945536                              {pd product} {ergonomic}
    uintx ProfiledCodeHeapSize                     = 122880000                              {pd product} {ergonomic}
    uintx ReservedCodeCacheSize                    = 251658240                              {pd product} {ergonomic}
     bool SegmentedCodeCache                       = true                                      {product} {ergonomic}
   size_t SoftMaxHeapSize                          = 1988100096                             {manageable} {ergonomic}
     bool UseCompressedOops                        = true                           {product lp64_product} {ergonomic}
     bool UseG1GC                                  = true                                      {product} {ergonomic}
     bool UseLargePagesIndividualAllocation        = false                                  {pd product} {ergonomic}

Logging:
Log output configuration:
 #0: stdout all=warning uptime,level,tags foldmultilines=false
 #1: stderr all=off uptime,level,tags foldmultilines=false

Environment Variables:
JAVA_HOME=C:\Program Files\Java\jdk1.8.0_202
PATH=C:\Program Files\Common Files\Oracle\Java\javapath;C:\WINDOWS\system32;C:\WINDOWS;C:\WINDOWS\System32\Wbem;C:\WINDOWS\System32\WindowsPowerShell\v1.0\;C:\WINDOWS\System32\OpenSSH\;C:\Program Files\Java\jdk1.8.0_202\bin;C:\xampp\php;C:\Users\Hype\AppData\Local\Programs\Python\Python313\Scripts\;C:\Users\Hype\AppData\Local\Programs\Python\Python313\;C:\Users\Hype\AppData\Local\Microsoft\WindowsApps;C:\\xampp\\php\\php.exe;C:\mysql-connector-j-9.3.0;C:\Users\Hype\AppData\Local\Programs\Microsoft VS Code\bin;
USERNAME=Hype
OS=Windows_NT
PROCESSOR_IDENTIFIER=AMD64 Family 25 Model 80 Stepping 0, AuthenticAMD
TMP=C:\Users\Hype\AppData\Local\Temp
TEMP=C:\Users\Hype\AppData\Local\Temp




Periodic native trim disabled

---------------  S Y S T E M  ---------------

OS:
 Windows 11 , 64 bit Build 26100 (10.0.26100.7309)
OS uptime: 0 days 2:38 hours
Hyper-V role detected

CPU: total 12 (initial active 12) (12 cores per cpu, 2 threads per core) family 25 model 80 stepping 0 microcode 0xa50000f, cx8, cmov, fxsr, ht, mmx, 3dnowpref, sse, sse2, sse3, ssse3, sse4a, sse4.1, sse4.2, popcnt, lzcnt, tsc, tscinvbit, avx, avx2, aes, erms, clmul, bmi1, bmi2, adx, sha, fma, vzeroupper, clflush, clflushopt, hv, rdtscp, rdpid, fsrm, f16c, cet_ss
Processor Information for the first 12 processors :
  Max Mhz: 2301, Current Mhz: 2301, Mhz Limit: 2301

Memory: 4k page, system-wide physical 7580M (764M free)
TotalPageFile size 14236M (AvailPageFile size 3050M)
current process WorkingSet (physical memory assigned to process): 52M, peak: 187M
current process commit charge ("private bytes"): 246M, peak: 350M

vm_info: Java HotSpot(TM) 64-Bit Server VM (24.0.1+9-30) for windows-amd64 JRE (24.0.1+9-30), built on 2025-03-05T07:23:45Z with MS VC++ 17.6 (VS2022)

END.
