#
# A fatal error has been detected by the Java Runtime Environment:
#
#  EXCEPTION_ACCESS_VIOLATION (0xc0000005) at pc=0x00007fffb29caa89, pid=4536, tid=9220
#
# JRE version: Java(TM) SE Runtime Environment (24.0.1+9) (build 24.0.1+9-30)
# Java VM: Java HotSpot(TM) 64-Bit Server VM (24.0.1+9-30, mixed mode, sharing, tiered, compressed oops, compressed class ptrs, g1 gc, windows-amd64)
# Problematic frame:
# C  [awt.dll+0xdaa89]
#
# No core dump will be written. Minidumps are not enabled by default on client versions of Windows
#
# If you would like to submit a bug report, please visit:
#   https://bugreport.java.com/bugreport/crash.jsp
# The crash happened outside the Java Virtual Machine in native code.
# See problematic frame for where to report the bug.
#

---------------  S U M M A R Y ------------

Command Line: -Dfile.encoding=UTF-8 --enable-preview --module-path=C:\Users\Hype\Documents\NetBeansProjects\Hotel Management System\build\classes CustomerBill

Host: AMD Ryzen 5 7430U with Radeon Graphics         , 12 cores, 7G,  Windows 11 , 64 bit Build 26100 (10.0.26100.7309)
Time: Fri Dec 26 13:21:27 2025 SE Asia Standard Time elapsed time: 2221.175303 seconds (0d 0h 37m 1s)

---------------  T H R E A D  ---------------

Current thread (0x000001a1df4834c0):  JavaThread "AWT-EventQueue-0"        [_thread_in_native, id=9220, stack(0x0000006ff8a00000,0x0000006ff8b00000) (1024K)]

Stack: [0x0000006ff8a00000,0x0000006ff8b00000],  sp=0x0000006ff8afeb40,  free space=1018k
Native frames: (J=compiled Java code, j=interpreted, Vv=VM code, C=native code)
C  [awt.dll+0xdaa89]  (no source info available)
C  [awt.dll+0xd9e48]  (no source info available)
C  0x000001a18fd1ce20  (no source info available)

The last pc belongs to native method entry point (kind = native) (printed below).
Java frames: (J=compiled Java code, j=interpreted, Vv=VM code)
j  sun.awt.Win32GraphicsConfig.getBounds(I)Ljava/awt/Rectangle;+0 java.desktop@24.0.1
j  sun.awt.Win32GraphicsConfig.getBounds()Ljava/awt/Rectangle;+8 java.desktop@24.0.1
j  sun.awt.Win32GraphicsDevice.displayChanged()V+23 java.desktop@24.0.1
j  sun.java2d.d3d.D3DGraphicsDevice.displayChanged()V+1 java.desktop@24.0.1
j  sun.awt.Win32GraphicsEnvironment.displayChanged()V+271 java.desktop@24.0.1
j  sun.awt.windows.WToolkit.lambda$displayChanged$0()V+15 java.desktop@24.0.1
j  sun.awt.windows.WToolkit$$Lambda+0x000001a19b1ce198.run()V+0 java.desktop@24.0.1
J 2233 c1 java.awt.event.InvocationEvent.dispatch()V java.desktop@24.0.1 (69 bytes) @ 0x000001a188b64e94 [0x000001a188b64c80+0x0000000000000214]
J 2104 c1 java.awt.EventQueue.dispatchEventImpl(Ljava/awt/AWTEvent;Ljava/lang/Object;)V java.desktop@24.0.1 (139 bytes) @ 0x000001a188b23bbc [0x000001a188b22300+0x00000000000018bc]
J 2103 c1 java.awt.EventQueue.dispatchEvent(Ljava/awt/AWTEvent;)V java.desktop@24.0.1 (48 bytes) @ 0x000001a188b21d2c [0x000001a188b21ae0+0x000000000000024c]
J 2105 c1 java.awt.EventDispatchThread.pumpOneEventForFilters(I)V java.desktop@24.0.1 (106 bytes) @ 0x000001a188b25ad4 [0x000001a188b252c0+0x0000000000000814]
j  java.awt.EventDispatchThread.pumpEventsForFilter(ILjava/awt/Conditional;Ljava/awt/EventFilter;)V+35 java.desktop@24.0.1
j  java.awt.EventDispatchThread.pumpEventsForHierarchy(ILjava/awt/Conditional;Ljava/awt/Component;)V+11 java.desktop@24.0.1
j  java.awt.EventDispatchThread.pumpEvents(ILjava/awt/Conditional;)V+4 java.desktop@24.0.1
j  java.awt.EventDispatchThread.pumpEvents(Ljava/awt/Conditional;)V+3 java.desktop@24.0.1
j  java.awt.EventDispatchThread.run()V+9 java.desktop@24.0.1
v  ~StubRoutines::call_stub 0x000001a18fd10fcd

siginfo: EXCEPTION_ACCESS_VIOLATION (0xc0000005), reading address 0x0000000000000028


Registers:
RAX=0x0000000000000000, RBX=0x000001a1df6d3c20, RCX=0x0000000000000000, RDX=0x0000000000000000
RSP=0x0000006ff8afeb40, RBP=0x0000000000000000, RSI=0x0000000000000000, RDI=0x0000000000000000
R8 =0x0000000000000001, R9 =0x0000006ff7333000, R10=0x000001a1df47d520, R11=0x000001a1db551918
R12=0x0000000000000000, R13=0x000001a1df12a8d0, R14=0x000001a1df483eb0, R15=0x0000000000000000
RIP=0x00007fffb29caa89, EFLAGS=0x0000000000010246

XMM[0]=0x0000000000000000 0x0000000000000000
XMM[1]=0x0000000000000000 0x0000006ff8afec10
XMM[2]=0x000001a1db3473d8 0x000001a1dba40018
XMM[3]=0xfffffffe00000000 0x000001a1df4834c0
XMM[4]=0x0000000000000000 0x0000006ff8afe0d0
XMM[5]=0x000001a1df4834c0 0x0000006ff8afd501
XMM[6]=0x0000000000000000 0x4037000000000000
XMM[7]=0x0000000000000000 0x3f1a36e2eb1c432d
XMM[8]=0x0000000000000000 0x0000000041fbd9c1
XMM[9]=0x0000000000000000 0x000000003dfcd698
XMM[10]=0x0000000000000000 0x0000000000000000
XMM[11]=0x0000000000000000 0x000000003f75c28f
XMM[12]=0x0000000000000000 0x000000003f7684bd
XMM[13]=0x0000000000000000 0x0000000000000000
XMM[14]=0x0000000000000000 0x000001a1e4cb70f0
XMM[15]=0x0000000000000000 0x000000008fb7f678
  MXCSR=0x00001fa2


Register to memory mapping:

RAX=0x0 is null
RBX=0x000001a1df6d3c20 points into unknown readable memory: 0x000001a199b70b00 | 00 0b b7 99 a1 01 00 00
RCX=0x0 is null
RDX=0x0 is null
RSP=0x0000006ff8afeb40 is pointing into the stack for thread: 0x000001a1df4834c0
RBP=0x0 is null
RSI=0x0 is null
RDI=0x0 is null
R8 =0x0000000000000001 is an unknown value
R9 =0x0000006ff7333000 points into unknown readable memory: 0x0000000000000000 | 00 00 00 00 00 00 00 00
R10=0x000001a1df47d520 points into unknown readable memory: 0x0000004000000003 | 03 00 00 00 40 00 00 00
R11={method} {0x000001a1db551920} '<init>' '(IIII)V' in 'java/awt/Rectangle'
R12=0x0 is null
R13=0x000001a1df12a8d0 points into unknown readable memory: 0x000001a1db551918 | 18 19 55 db a1 01 00 00
R14=0x000001a1df483eb0 points into unknown readable memory: 0x000000009078d4e8 | e8 d4 78 90 00 00 00 00
R15=0x0 is null

Top of Stack: (sp=0x0000006ff8afeb40)
0x0000006ff8afeb40:   00007fffb2a27838 000001a1df6d3c20   8x...... <m.....
0x0000006ff8afeb50:   000001a1df483888 000001a1df6d3c20   .8H..... <m.....
0x0000006ff8afeb60:   000001a1df483888 00007fffb29c9e48   .8H.....H.......
0x0000006ff8afeb70:   000001a1df6d3c20 000001a1df6d3c20    <m..... <m.....
0x0000006ff8afeb80:   00000000000001ec 000001a1df483888   .........8H.....
0x0000006ff8afeb90:   fffffffffffffff7 000001a1db44eae6   ..........D.....
0x0000006ff8afeba0:   0000000000000003 000001a1db451f88   ..........E.....
0x0000006ff8afebb0:   0000000000000000 0000000000000000   ................
0x0000006ff8afebc0:   0000eb0dc5fa0016 0000000000000000   ................
0x0000006ff8afebd0:   000001a1df4834c0 0000006ff8afecb8   .4H.........o...
0x0000006ff8afebe0:   000001a1db44f470 0000000000000000   p.D.............
0x0000006ff8afebf0:   0000000000000120 00000000000001ec    ...............
0x0000006ff8afec00:   0000006ff8afec90 000001a18fd1ce20   ....o... .......
0x0000006ff8afec10:   0000000000000003 000001a1db44f470   ........p.D.....
0x0000006ff8afec20:   000001a1dbf3cdd0 00000000906a84a0   ..........j.....
0x0000006ff8afec30:   000001a1db4e1b30 0000000000000000   0.N.............
0x0000006ff8afec40:   0000006ff8afec70 fffffffffffffff7   p...o...........
0x0000006ff8afec50:   0000000000000000 0000000000000005   ................
0x0000006ff8afec60:   000001a1db451f88 0000000000000000   ..E.............
0x0000006ff8afec70:   00000000906bbfc8 000001a1db44f470   ..k.....p.D.....
0x0000006ff8afec80:   0000000000000000 0000006ff8afecb0   ............o...
0x0000006ff8afec90:   0000006ff8afed08 000001a18fd1899a   ....o...........
0x0000006ff8afeca0:   0000000000000000 000001a18fd1a43a   ........:.......
0x0000006ff8afecb0:   0000000000000000 000000008ea4f500   ................
0x0000006ff8afecc0:   fffffffffffffff7 000001a1db44f518   ..........D.....
0x0000006ff8afecd0:   0000000000000002 000001a1db451f88   ..........E.....
0x0000006ff8afece0:   0000000000000000 00000000906bbfc8   ..........k.....
0x0000006ff8afecf0:   000001a1db44f530 fffffffffffffff5   0.D.............
0x0000006ff8afed00:   0000006ff8afed18 0000006ff8afed68   ....o...h...o...
0x0000006ff8afed10:   000001a18fd1899a 000000008ea4f500   ................
0x0000006ff8afed20:   fffffffffffffff7 000001a1db4e29ff   .........)N.....
0x0000006ff8afed30:   0000000000000003 000001a1db4e4180   .........AN.....

Instructions: (pc=0x00007fffb29caa89)
  0x00007fffb29ca989:   cc cc cc cc cc cc cc 48 89 5c 24 08 48 89 6c 24
  0x00007fffb29ca999:   10 48 89 74 24 18 57 48 83 ec 20 41 8b f8 0f b6
  0x00007fffb29ca9a9:   f2 48 8b e9 e8 9e d3 f4 ff 48 8b d8 48 89 44 24
  0x00007fffb29ca9b9:   48 41 b8 01 00 00 00 8b d7 48 8b c8 e8 06 d3 f4
  0x00007fffb29ca9c9:   ff 48 8b c8 44 0f b6 c6 48 8b d5 e8 97 fa ff ff
  0x00007fffb29ca9d9:   48 8b f8 48 8b cb e8 2c d5 f4 ff 90 48 8b c7 48
  0x00007fffb29ca9e9:   8b 5c 24 30 48 8b 6c 24 38 48 8b 74 24 40 48 83
  0x00007fffb29ca9f9:   c4 20 5f c3 cc cc cc 48 8b 49 28 e9 07 07 00 00
  0x00007fffb29caa09:   cc cc cc cc cc cc cc 48 89 5c 24 08 57 48 83 ec
  0x00007fffb29caa19:   20 8b f9 e8 2f d3 f4 ff 48 8b d8 48 89 44 24 38
  0x00007fffb29caa29:   41 b8 01 00 00 00 8b d7 48 8b c8 e8 97 d2 f4 ff
  0x00007fffb29caa39:   48 8b 08 8b 39 48 8b cb e8 ca d4 f4 ff 90 8b c7
  0x00007fffb29caa49:   48 8b 5c 24 30 48 83 c4 20 5f c3 cc cc cc cc cc
  0x00007fffb29caa59:   cc cc cc cc cc cc cc 48 89 5c 24 08 57 48 83 ec
  0x00007fffb29caa69:   20 8b f9 e8 df d2 f4 ff 48 8b d8 48 89 44 24 38
  0x00007fffb29caa79:   41 b8 01 00 00 00 8b d7 48 8b c8 e8 47 d2 f4 ff
=>0x00007fffb29caa89:   48 8b 78 28 48 8b cb e8 7b d4 f4 ff 90 48 8b c7
  0x00007fffb29caa99:   48 8b 5c 24 30 48 83 c4 20 5f c3 cc cc cc cc cc
  0x00007fffb29caaa9:   cc cc cc cc cc cc cc 48 89 5c 24 08 57 48 83 ec
  0x00007fffb29caab9:   20 8b f9 e8 8f d2 f4 ff 48 8b d8 48 89 44 24 38
  0x00007fffb29caac9:   41 b8 01 00 00 00 8b d7 48 8b c8 e8 f7 d1 f4 ff
  0x00007fffb29caad9:   48 8b 78 30 48 8b cb e8 2b d4 f4 ff 90 48 8b c7
  0x00007fffb29caae9:   48 8b 5c 24 30 48 83 c4 20 5f c3 cc cc cc cc cc
  0x00007fffb29caaf9:   cc cc cc cc cc cc cc 48 89 5c 24 08 57 48 83 ec
  0x00007fffb29cab09:   20 8b f9 e8 3f d2 f4 ff 48 8b d8 48 89 44 24 38
  0x00007fffb29cab19:   41 b8 01 00 00 00 8b d7 48 8b c8 e8 a7 d1 f4 ff
  0x00007fffb29cab29:   48 8b 78 08 48 85 ff 74 07 48 8b bf 08 0c 00 00
  0x00007fffb29cab39:   48 8b cb e8 cf d3 f4 ff 90 48 8b c7 48 8b 5c 24
  0x00007fffb29cab49:   30 48 83 c4 20 5f c3 f3 0f 10 41 48 c3 cc cc cc
  0x00007fffb29cab59:   cc cc cc cc cc cc cc f3 0f 10 41 4c c3 cc cc cc
  0x00007fffb29cab69:   cc cc cc cc cc cc cc 48 89 5c 24 10 48 89 74 24
  0x00007fffb29cab79:   18 55 57 41 56 48 8d 6c 24 e0 48 81 ec 20 01 00


Stack slot to memory mapping:

stack at sp + 0 slots: 0x00007fffb2a27838 awt.dll
stack at sp + 1 slots: 0x000001a1df6d3c20 points into unknown readable memory: 0x000001a199b70b00 | 00 0b b7 99 a1 01 00 00
stack at sp + 2 slots: 0x000001a1df483888 points into unknown readable memory: 0x00007fff757817b0 | b0 17 78 75 ff 7f 00 00
stack at sp + 3 slots: 0x000001a1df6d3c20 points into unknown readable memory: 0x000001a199b70b00 | 00 0b b7 99 a1 01 00 00
stack at sp + 4 slots: 0x000001a1df483888 points into unknown readable memory: 0x00007fff757817b0 | b0 17 78 75 ff 7f 00 00
stack at sp + 5 slots: 0x00007fffb29c9e48 awt.dll
stack at sp + 6 slots: 0x000001a1df6d3c20 points into unknown readable memory: 0x000001a199b70b00 | 00 0b b7 99 a1 01 00 00
stack at sp + 7 slots: 0x000001a1df6d3c20 points into unknown readable memory: 0x000001a199b70b00 | 00 0b b7 99 a1 01 00 00

Lock stack of current Java thread (top to bottom):

native method entry point (kind = native)  [0x000001a18fd1ca40, 0x000001a18fd1d478]  2616 bytes
[MachCode]
  0x000001a18fd1ca40: 488b 4b08 | 0fb7 492e | 584c 8d74 | ccf8 6800 | 0000 0068 | 0000 0000 | 5055 488b | ec41 5568 
  0x000001a18fd1ca60: 0000 0000 | 4c8b 6b08 | 4d8d 6d38 | 5348 8b53 | 0848 8b52 | 0848 8b52 | 1848 8b52 | 7048 8b12 
  0x000001a18fd1ca80: 5248 8b53 | 1048 85d2 | 0f84 0700 | 0000 4881 | c208 0100 | 0052 488b | 5308 488b | 5208 488b 
  0x000001a18fd1caa0: 5210 5249 | 8bc6 482b | c548 c1e8 | 0350 6800 | 0000 0068 | f7ff ffff | 41c6 8771 | 0400 0001 
  0x000001a18fd1cac0: 488b 4310 | 4885 c074 | 208b 88cc | 0000 0083 | c102 8988 | cc00 0000 | 2388 e000 | 0000 0f84 
  0x000001a18fd1cae0: e408 0000 | e9cd 0000 | 0048 8b43 | 1848 85c0 | 0f85 b000 | 0000 e805 | 0000 00e9 | 9900 0000 
  0x000001a18fd1cb00: 488b d348 | 8d44 2408 | 4c89 6dc0 | 498b cfc5 | f877 4989 | afb8 0300 | 0049 8987 | a803 0000 
  0x000001a18fd1cb20: 4883 ec20 | 40f6 c40f | 0f84 1900 | 0000 4883 | ec08 48b8 | 6030 f674 | ff7f 0000 | ffd0 4883 
  0x000001a18fd1cb40: c408 e90c | 0000 0048 | b860 30f6 | 74ff 7f00 | 00ff d048 | 83c4 2049 | c787 a803 | 0000 0000 
  0x000001a18fd1cb60: 0000 49c7 | 87b8 0300 | 0000 0000 | 0049 c787 | b003 0000 | 0000 0000 | c5f8 7749 | 837f 0800 
  0x000001a18fd1cb80: 0f84 0500 | 0000 e935 | 43ff ff4c | 8b6d c04c | 8b75 c84e | 8d74 f500 | c348 8b43 | 1848 85c0 
  0x000001a18fd1cba0: 0f84 1000 | 0000 8b08 | 83c1 0289 | 0823 4814 | 0f84 1208 | 0000 493b | a7f0 0400 | 000f 8748 
  0x000001a18fd1cbc0: 0000 0089 | 8424 00f0 | ffff 8984 | 2400 e0ff | ff89 8424 | 00d0 ffff | 8984 2400 | c0ff ff89 
  0x000001a18fd1cbe0: 8424 00b0 | ffff 8984 | 2400 a0ff | ff89 8424 | 0090 ffff | 8984 2400 | 80ff ff49 | 3ba7 e804 
  0x000001a18fd1cc00: 0000 7607 | 4989 a7f0 | 0400 0041 | c687 7104 | 0000 0048 | 8b5d e84c | 8b5b 0845 | 0fb7 5b2e 
  0x000001a18fd1cc20: 41c1 e303 | 492b e348 | 83ec 2048 | 83e4 f04c | 8b5b 604d | 85db 0f85 | ab00 0000 | e805 0000 
  0x000001a18fd1cc40: 00e9 9900 | 0000 488b | d348 8d44 | 2408 4c89 | 6dc0 498b | cfc5 f877 | 4989 afb8 | 0300 0049 
  0x000001a18fd1cc60: 8987 a803 | 0000 4883 | ec20 40f6 | c40f 0f84 | 1900 0000 | 4883 ec08 | 48b8 a05a | f674 ff7f 
  0x000001a18fd1cc80: 0000 ffd0 | 4883 c408 | e90c 0000 | 0048 b8a0 | 5af6 74ff | 7f00 00ff | d048 83c4 | 2049 c787 
  0x000001a18fd1cca0: a803 0000 | 0000 0000 | 49c7 87b8 | 0300 0000 | 0000 0049 | c787 b003 | 0000 0000 | 0000 c5f8 
  0x000001a18fd1ccc0: 7749 837f | 0800 0f84 | 0500 0000 | e9ef 41ff | ff4c 8b6d | c04c 8b75 | c84e 8d74 | f500 c348 
  0x000001a18fd1cce0: 8b5d e84c | 8b5b 6041 | ffd3 488b | 5de8 4889 | 4518 448b | 5b28 41f6 | c308 0f84 | 1b00 0000 
  0x000001a18fd1cd00: 4c8b 5b08 | 4d8b 5b08 | 4d8b 5b18 | 4d8b 5b70 | 4d8b 1b4c | 895d 1048 | 8d55 1048 | 8b43 5849 
  0x000001a18fd1cd20: ba40 702f | 75ff 7f00 | 0049 3bc2 | 0f85 ab00 | 0000 e805 | 0000 00e9 | 9900 0000 | 488b d348 
  0x000001a18fd1cd40: 8d44 2408 | 4c89 6dc0 | 498b cfc5 | f877 4989 | afb8 0300 | 0049 8987 | a803 0000 | 4883 ec20 
  0x000001a18fd1cd60: 40f6 c40f | 0f84 1900 | 0000 4883 | ec08 48b8 | a05a f674 | ff7f 0000 | ffd0 4883 | c408 e90c 
  0x000001a18fd1cd80: 0000 0048 | b8a0 5af6 | 74ff 7f00 | 00ff d048 | 83c4 2049 | c787 a803 | 0000 0000 | 0000 49c7 
  0x000001a18fd1cda0: 87b8 0300 | 0000 0000 | 0049 c787 | b003 0000 | 0000 0000 | c5f8 7749 | 837f 0800 | 0f84 0500 
  0x000001a18fd1cdc0: 0000 e9f9 | 40ff ff4c | 8b6d c04c | 8b75 c84e | 8d74 f500 | c348 8b5d | e848 8b43 | 5849 8d8f 
  0x000001a18fd1cde0: c803 0000 | 4c8d 15d5 | 0000 004d | 8997 b003 | 0000 c5f8 | 7749 89af | b803 0000 | 4989 a7a8 
  0x000001a18fd1ce00: 0300 0041 | c787 5404 | 0000 0400 | 0000 493b | a748 0500 | 0076 0749 | 89a7 4805 | 0000 ffd0 
  0x000001a18fd1ce20: 493b a748 | 0500 0072 | 0b49 c787 | 4805 0000 | 0000 0000 | c5f8 7748 | 83ec 10c5 | fb11 0424 
  0x000001a18fd1ce40: 4883 ec10 | 4889 0424 | 48c7 4424 | 0800 0000 | 0041 c787 | 5404 0000 | 0500 0000 | f083 4424 
  0x000001a18fd1ce60: c000 493b | 6f28 0f87 | 0e00 0000 | 4183 bf50 | 0400 0000 | 0f84 2000 | 0000 498b | cf4c 8be4 
  0x000001a18fd1ce80: 4883 ec20 | 4883 e4f0 | 48b8 d0b9 | f774 ff7f | 0000 ffd0 | 498b e44d | 33e4 41c7 | 8754 0400 
  0x000001a18fd1cea0: 0008 0000 | 004d 8b97 | 7005 0000 | 4983 fa00 | 7435 49c7 | 8770 0500 | 0000 0000 | 0041 ffe2 
  0x000001a18fd1cec0: 49ba 00bb | d18f a101 | 0000 41ff | d248 83ec | 10c5 fb11 | 0424 4883 | ec10 4889 | 0424 48c7 
  0x000001a18fd1cee0: 4424 0800 | 0000 0049 | c787 a803 | 0000 0000 | 0000 49c7 | 87b8 0300 | 0000 0000 | 0049 c787 
  0x000001a18fd1cf00: b003 0000 | 0000 0000 | c5f8 774d | 8b9f 3804 | 0000 41c7 | 8300 0100 | 0000 0000 | 0049 bb3a 
  0x000001a18fd1cf20: a4d1 8fa1 | 0100 004c | 3b5d 180f | 8555 0100 | 0048 8b04 | 2448 83c4 | 1048 85c0 | 0f84 2f01 
  0x000001a18fd1cf40: 0000 a803 | 0f85 0800 | 0000 488b | 00e9 1f01 | 0000 a801 | 0f85 0900 | 0000 488b | 40fe e90e 
  0x000001a18fd1cf60: 0100 0048 | 8b40 ff41 | 807f 4800 | 0f84 ff00 | 0000 4883 | f800 0f84 | f500 0000 | 4d8b 5f38 
  0x000001a18fd1cf80: 4d85 db0f | 8414 0000 | 0049 83eb | 084d 895f | 384d 035f | 4049 8903 | e9d4 0000 | 0048 83ec 
  0x000001a18fd1cfa0: 7048 8904 | 2448 894c | 2408 4889 | 5424 104c | 8944 2418 | 4c89 4c24 | 204c 8954 | 2428 4c89 
  0x000001a18fd1cfc0: 5c24 30c5 | fb11 4424 | 40c5 fb11 | 4c24 48c5 | fb11 5424 | 50c5 fb11 | 5c24 58c5 | fb11 6424 
  0x000001a18fd1cfe0: 60c5 fb11 | 6c24 6849 | 8bd7 488b | c848 83ec | 2040 f6c4 | 0f0f 8419 | 0000 0048 | 83ec 0848 
  0x000001a18fd1d000: b890 49ea | 74ff 7f00 | 00ff d048 | 83c4 08e9 | 0c00 0000 | 48b8 9049 | ea74 ff7f | 0000 ffd0 
  0x000001a18fd1d020: 4883 c420 | c5fb 106c | 2468 c5fb | 1064 2460 | c5fb 105c | 2458 c5fb | 1054 2450 | c5fb 104c 
  0x000001a18fd1d040: 2448 c5fb | 1044 2440 | 4c8b 5c24 | 304c 8b54 | 2428 4c8b | 4c24 204c | 8b44 2418 | 488b 5424 
  0x000001a18fd1d060: 1048 8b4c | 2408 488b | 0424 4883 | c470 c5f8 | 7748 8945 | 1048 83ec | 1048 8904 | 2448 c744 
  0x000001a18fd1d080: 2408 0000 | 0000 4183 | bfd0 0400 | 0002 0f85 | bf00 0000 | 4881 ec80 | 0000 0048 | 8944 2478 
  0x000001a18fd1d0a0: 4889 4c24 | 7048 8954 | 2468 4889 | 5c24 6048 | 896c 2450 | 4889 7424 | 4848 897c | 2440 4c89 
  0x000001a18fd1d0c0: 4424 384c | 894c 2430 | 4c89 5424 | 284c 895c | 2420 4c89 | 6424 184c | 896c 2410 | 4c89 7424 
  0x000001a18fd1d0e0: 084c 893c | 244c 8be4 | 4883 ec20 | 4883 e4f0 | 48b8 d056 | 2f75 ff7f | 0000 ffd0 | 498b e44c 
  0x000001a18fd1d100: 8b3c 244c | 8b74 2408 | 4c8b 6c24 | 104c 8b64 | 2418 4c8b | 5c24 204c | 8b54 2428 | 4c8b 4c24 
  0x000001a18fd1d120: 304c 8b44 | 2438 488b | 7c24 4048 | 8b74 2448 | 488b 6c24 | 5048 8b5c | 2460 488b | 5424 6848 
  0x000001a18fd1d140: 8b4c 2470 | 488b 4424 | 7848 81c4 | 8000 0000 | 4d33 e448 | 8b5d e84c | 8b6b 084d | 8d6d 3849 
  0x000001a18fd1d160: 837f 0800 | 0f84 bb00 | 0000 e805 | 0000 00e9 | 9600 0000 | 488d 4424 | 084c 896d | c049 8bcf 
  0x000001a18fd1d180: c5f8 7749 | 89af b803 | 0000 4989 | 87a8 0300 | 0048 83ec | 2040 f6c4 | 0f0f 8419 | 0000 0048 
  0x000001a18fd1d1a0: 83ec 0848 | b840 79f6 | 74ff 7f00 | 00ff d048 | 83c4 08e9 | 0c00 0000 | 48b8 4079 | f674 ff7f 
  0x000001a18fd1d1c0: 0000 ffd0 | 4883 c420 | 49c7 87a8 | 0300 0000 | 0000 0049 | c787 b803 | 0000 0000 | 0000 49c7 
  0x000001a18fd1d1e0: 87b0 0300 | 0000 0000 | 00c5 f877 | 4983 7f08 | 000f 8405 | 0000 00e9 | c43c ffff | 4c8b 6dc0 
  0x000001a18fd1d200: 4c8b 75c8 | 4e8d 74f5 | 00c3 48b9 | 08ec 5575 | ff7f 0000 | 4883 e4f0 | 48b8 30a8 | 1c75 ff7f 
  0x000001a18fd1d220: 0000 ffd0 | f444 8b5b | 2841 f6c3 | 200f 8472 | 0100 0048 | 8d55 a84c | 8b5a 084d | 85db 0f85 
  0x000001a18fd1d240: bb00 0000 | e805 0000 | 00e9 9600 | 0000 488d | 4424 084c | 896d c049 | 8bcf c5f8 | 7749 89af 
  0x000001a18fd1d260: b803 0000 | 4989 87a8 | 0300 0048 | 83ec 2040 | f6c4 0f0f | 8419 0000 | 0048 83ec | 0848 b870 
  0x000001a18fd1d280: 78f6 74ff | 7f00 00ff | d048 83c4 | 08e9 0c00 | 0000 48b8 | 7078 f674 | ff7f 0000 | ffd0 4883 
  0x000001a18fd1d2a0: c420 49c7 | 87a8 0300 | 0000 0000 | 0049 c787 | b803 0000 | 0000 0000 | 49c7 87b0 | 0300 0000 
  0x000001a18fd1d2c0: 0000 00c5 | f877 4983 | 7f08 000f | 8405 0000 | 00e9 ea3b | ffff 4c8b | 6dc0 4c8b | 75c8 4e8d 
  0x000001a18fd1d2e0: 74f5 00c3 | 48b9 08ec | 5575 ff7f | 0000 4883 | e4f0 48b8 | 30a8 1c75 | ff7f 0000 | ffd0 f44c 
  0x000001a18fd1d300: 896d c04c | 8b4a 0848 | c742 0800 | 0000 0045 | 8b87 5806 | 0000 4f3b | 4c07 f80f | 8542 0000 
  0x000001a18fd1d320: 0041 83af | 5806 0000 | 084f 3b4c | 07f0 0f84 | 2a00 0000 | 498b 01a8 | 020f 8512 | 0000 004c 
  0x000001a18fd1d340: 8bc0 4983 | c801 f04d | 0fb1 010f | 840d 0000 | 0041 8387 | 5806 0000 | 08e9 0500 | 0000 e93e 
  0x000001a18fd1d360: 0000 004c | 894a 0848 | 8bca 4883 | ec20 40f6 | c40f 0f84 | 1900 0000 | 4883 ec08 | 48b8 904a 
  0x000001a18fd1d380: f674 ff7f | 0000 ffd0 | 4883 c408 | e90c 0000 | 0048 b890 | 4af6 74ff | 7f00 00ff | d048 83c4 
  0x000001a18fd1d3a0: 204c 8b6d | c048 8b04 | 2448 83c4 | 10c5 fb10 | 0424 4883 | c410 4c8b | 5d18 41ff | d34c 8b5d 
  0x000001a18fd1d3c0: f8c9 5f49 | 8be3 ffe7 | ba00 0000 | 00e8 0500 | 0000 e996 | 0000 0048 | 8d44 2408 | 4c89 6dc0 
  0x000001a18fd1d3e0: 498b cfc5 | f877 4989 | afb8 0300 | 0049 8987 | a803 0000 | 4883 ec20 | 40f6 c40f | 0f84 1900 
  0x000001a18fd1d400: 0000 4883 | ec08 48b8 | 303f f674 | ff7f 0000 | ffd0 4883 | c408 e90c | 0000 0048 | b830 3ff6 
  0x000001a18fd1d420: 74ff 7f00 | 00ff d048 | 83c4 2049 | c787 a803 | 0000 0000 | 0000 49c7 | 87b8 0300 | 0000 0000 
  0x000001a18fd1d440: 0049 c787 | b003 0000 | 0000 0000 | c5f8 7749 | 837f 0800 | 0f84 0500 | 0000 e961 | 3aff ff4c 
  0x000001a18fd1d460: 8b6d c04c | 8b75 c84e | 8d74 f500 | c348 8b5d | e8e9 40f7 | ffff 6690 
[/MachCode]

Compiled method (c1) 2221599 2233   !   3       java.awt.event.InvocationEvent::dispatch (69 bytes)
 total in heap  [0x000001a188b64b08,0x000001a188b652e8] = 2016
 relocation     [0x000001a188b64be0,0x000001a188b64c68] = 136
 main code      [0x000001a188b64c80,0x000001a188b65278] = 1528
 stub code      [0x000001a188b65278,0x000001a188b652e0] = 104
 metadata       [0x000001a188b652e0,0x000001a188b652e8] = 8
 immutable data [0x000001a1e4c38c80,0x000001a1e4c38e28] = 424
 dependencies   [0x000001a1e4c38c80,0x000001a1e4c38c88] = 8
 nul chk table  [0x000001a1e4c38c88,0x000001a1e4c38ca0] = 24
 handler table  [0x000001a1e4c38ca0,0x000001a1e4c38d30] = 144
 scopes pcs     [0x000001a1e4c38d30,0x000001a1e4c38dd0] = 160
 scopes data    [0x000001a1e4c38dd0,0x000001a1e4c38e28] = 88

[Constant Pool (empty)]

[MachCode]
[Instructions begin]
  0x000001a188b64c80: 660f 1f84 | 0000 0000 | 0066 0f1f | 8400 0000 | 0000 448b | 5208 443b 

  0x000001a188b64c98: ;   {runtime_call Shared Runtime ic_miss_blob}
  0x000001a188b64c98: 5008 0f85 | c09a 1f07 
[Verified Entry Point]
  0x000001a188b64ca0: 8984 2400 | 80ff ff55 | 4883 ec30 | 4181 7f20 | 0100 0000 

  0x000001a188b64cb4: ;   {runtime_call StubRoutines (final stubs)}
  0x000001a188b64cb4: 7405 e805 | 0c1e 0748 | 8954 2418 

  0x000001a188b64cc0: ;   {metadata(method data for {method} {0x000001a1db4c79f0} 'dispatch' '()V' in 'java/awt/event/InvocationEvent')}
  0x000001a188b64cc0: 48be 40d1 | f1db a101 | 0000 8bbe | cc00 0000 | 83c7 0289 | becc 0000 | 0081 e7fe | 0700 0085 
  0x000001a188b64ce0: ff0f 84b7 | 0400 000f | be72 1d85 

  0x000001a188b64cec: ;   {metadata(method data for {method} {0x000001a1db4c79f0} 'dispatch' '()V' in 'java/awt/event/InvocationEvent')}
  0x000001a188b64cec: f648 be40 | d1f1 dba1 | 0100 00bf | 1001 0000 | 7405 bf20 | 0100 0048 | 8b1c 3e48 | 8d5b 0148 
  0x000001a188b64d0c: 891c 3e0f | 84d1 0000 | 008b 7228 

  0x000001a188b64d18: ; implicit exception: dispatches to 0x000001a188b651bf
  0x000001a188b64d18: 483b 0648 

  0x000001a188b64d1c: ;   {metadata(method data for {method} {0x000001a1db4c79f0} 'dispatch' '()V' in 'java/awt/event/InvocationEvent')}
  0x000001a188b64d1c: 8bfe 48bb | 40d1 f1db | a101 0000 | 8b7f 0849 | ba00 0000 | 9aa1 0100 | 0049 03fa | 483b bb38 
  0x000001a188b64d3c: 0100 0075 | 0d48 8383 | 4001 0000 | 01e9 6000 | 0000 483b | bb48 0100 | 0075 0d48 | 8383 5001 
  0x000001a188b64d5c: 0000 01e9 | 4a00 0000 | 4883 bb38 | 0100 0000 | 7517 4889 | bb38 0100 | 0048 c783 | 4001 0000 
  0x000001a188b64d7c: 0100 0000 | e929 0000 | 0048 83bb | 4801 0000 | 0075 1748 | 89bb 4801 | 0000 48c7 | 8350 0100 
  0x000001a188b64d9c: 0001 0000 | 00e9 0800 | 0000 4883 | 8330 0100 | 0001 488b | d60f 1f40 | 0048 b820 | c5c1 e4a1 
  0x000001a188b64dbc: ;   {virtual_call}
  0x000001a188b64dbc: 0100 00e8 

  0x000001a188b64dc0: ; ImmutableOopMap {[24]=Oop }
                      ;*invokeinterface run {reexecute=0 rethrow=0 return_oop=0}
                      ; - java.awt.event.InvocationEvent::dispatch@11 (line 308)
  0x000001a188b64dc0: 9c9f 1f07 

  0x000001a188b64dc4: ;   {post_call_nop}
  0x000001a188b64dc4: 0f1f 8400 | bc02 0000 

  0x000001a188b64dcc: ;   {metadata(method data for {method} {0x000001a1db4c79f0} 'dispatch' '()V' in 'java/awt/event/InvocationEvent')}
  0x000001a188b64dcc: 48ba 40d1 | f1db a101 | 0000 ff82 | 6001 0000 | 488b 5424 | 18e9 0f03 | 0000 8b72 | 2848 3b06 
  0x000001a188b64dec: ;   {metadata(method data for {method} {0x000001a1db4c79f0} 'dispatch' '()V' in 'java/awt/event/InvocationEvent')}
  0x000001a188b64dec: 488b fe48 | bb40 d1f1 | dba1 0100 | 008b 7f08 | 49ba 0000 | 009a a101 | 0000 4903 | fa48 3bbb 
  0x000001a188b64e0c: 1802 0000 | 750d 4883 | 8320 0200 | 0001 e960 | 0000 0048 | 3bbb 2802 | 0000 750d | 4883 8330 
  0x000001a188b64e2c: 0200 0001 | e94a 0000 | 0048 83bb | 1802 0000 | 0075 1748 | 89bb 1802 | 0000 48c7 | 8320 0200 
  0x000001a188b64e4c: 0001 0000 | 00e9 2900 | 0000 4883 | bb28 0200 | 0000 7517 | 4889 bb28 | 0200 0048 | c783 3002 
  0x000001a188b64e6c: 0000 0100 | 0000 e908 | 0000 0048 | 8383 1002 | 0000 0148 | 8bd6 6666 | 9048 b848 | c5c1 e4a1 
  0x000001a188b64e8c: ;   {virtual_call}
  0x000001a188b64e8c: 0100 00e8 

  0x000001a188b64e90: ; ImmutableOopMap {[24]=Oop }
                      ;*invokeinterface run {reexecute=0 rethrow=0 return_oop=0}
                      ; - java.awt.event.InvocationEvent::dispatch@47 (line 318)
  0x000001a188b64e90: 3c72 2c07 

  0x000001a188b64e94: ;   {post_call_nop}
  0x000001a188b64e94: 0f1f 8400 | 8c03 0001 | 488b 5424 | 18e9 4f02 | 0000 498b | 8708 0500 | 004d 33d2 | 4d89 9708 
  0x000001a188b64eb4: 0500 004d | 33d2 4d89 | 9710 0500 | 0048 85c0 

  0x000001a188b64ec4: ;   {metadata(method data for {method} {0x000001a1db4c79f0} 'dispatch' '()V' in 'java/awt/event/InvocationEvent')}
  0x000001a188b64ec4: 48be 40d1 | f1db a101 | 0000 750c | 808e 7101 | 0000 01e9 | af00 0000 | 8b78 0849 | ba00 0000 
  0x000001a188b64ee4: 9aa1 0100 | 0049 03fa | 483b be80 | 0100 0075 | 0d48 8386 | 8801 0000 | 01e9 6000 | 0000 483b 
  0x000001a188b64f04: be90 0100 | 0075 0d48 | 8386 9801 | 0000 01e9 | 4a00 0000 | 4883 be80 | 0100 0000 | 7517 4889 
  0x000001a188b64f24: be80 0100 | 0048 c786 | 8801 0000 | 0100 0000 | e929 0000 | 0048 83be | 9001 0000 | 0075 1748 
  0x000001a188b64f44: 89be 9001 | 0000 48c7 | 8698 0100 | 0001 0000 | 00e9 0800 | 0000 4883 | 8678 0100 

  0x000001a188b64f60: ;   {metadata('java/lang/Exception')}
  0x000001a188b64f60: 0001 48bf | c801 1c9a | a101 0000 | 8b70 0849 | ba00 0000 | 9aa1 0100 | 0049 03f2 | 483b 7e40 
  0x000001a188b64f80: 0f85 0500 | 0000 e905 | 0000 004d | 33c0 eb06 | 41b8 0100 | 0000 4585 

  0x000001a188b64f98: ;   {metadata(method data for {method} {0x000001a1db4c79f0} 'dispatch' '()V' in 'java/awt/event/InvocationEvent')}
  0x000001a188b64f98: c049 b840 | d1f1 dba1 | 0100 00ba | a801 0000 | 7405 bab8 | 0100 0049 | 8b34 1048 | 8d76 0149 
  0x000001a188b64fb8: 8934 1048 | 8b54 2418 | 0f84 f500 | 0000 4885 

  0x000001a188b64fc8: ;   {metadata(method data for {method} {0x000001a1db4c79f0} 'dispatch' '()V' in 'java/awt/event/InvocationEvent')}
  0x000001a188b64fc8: c048 bf40 | d1f1 dba1 | 0100 0075 | 0c80 8fc1 | 0100 0001 | e9af 0000 | 008b 5808 | 49ba 0000 
  0x000001a188b64fe8: 009a a101 | 0000 4903 | da48 3b9f | d001 0000 | 750d 4883 | 87d8 0100 | 0001 e960 | 0000 0048 
  0x000001a188b65008: 3b9f e001 | 0000 750d | 4883 87e8 | 0100 0001 | e94a 0000 | 0048 83bf | d001 0000 | 0075 1748 
  0x000001a188b65028: 899f d001 | 0000 48c7 | 87d8 0100 | 0001 0000 | 00e9 2900 | 0000 4883 | bfe0 0100 | 0000 7517 
  0x000001a188b65048: 4889 9fe0 | 0100 0048 | c787 e801 | 0000 0100 | 0000 e908 | 0000 0048 | 8387 c801 

  0x000001a188b65064: ;   {metadata('java/lang/Exception')}
  0x000001a188b65064: 0000 0148 | bbc8 011c | 9aa1 0100 | 008b 7808 | 49ba 0000 | 009a a101 | 0000 4903 | fa48 3b5f 
  0x000001a188b65084: 400f 853e | 0100 00e9 | 0000 0000 | 4c8b c041 | 0fbe 7748 | 85f6 0f85 | 3201 0000 | 4d8b d044 
  0x000001a188b650a4: 8952 3448 | 8bf2 4933 | f048 c1ee | 1448 83fe | 000f 8532 | 0100 0045 | 0fbe 4748 | 4585 c00f 
  0x000001a188b650c4: 853c 0100 | 004c 8bd0 | 4489 5238 | 4c8b c24c | 33c0 49c1 | e814 4983 | f800 0f85 | 3d01 0000 
  0x000001a188b650e4: ;   {metadata(method data for {method} {0x000001a1db4c79f0} 'dispatch' '()V' in 'java/awt/event/InvocationEvent')}
  0x000001a188b650e4: 49b8 40d1 | f1db a101 | 0000 41ff | 80f8 0100 | 004c 8bc2 

  0x000001a188b650f8: ;   {metadata(method data for {method} {0x000001a1db4c79f0} 'dispatch' '()V' in 'java/awt/event/InvocationEvent')}
  0x000001a188b650f8: 48be 40d1 | f1db a101 | 0000 4883 | 8640 0200 | 0001 41b8 | 0100 0000 | 0f1f 8000 

  0x000001a188b65114: ;   {optimized virtual_call}
  0x000001a188b65114: 0000 00e8 

  0x000001a188b65118: ; ImmutableOopMap {}
                      ;*invokevirtual finishedDispatching {reexecute=0 rethrow=0 return_oop=0}
                      ; - java.awt.event.InvocationEvent::dispatch@54 (line 321)
  0x000001a188b65118: 4473 0500 

  0x000001a188b6511c: ;   {post_call_nop}
  0x000001a188b6511c: 0f1f 8400 | 1406 0002 

  0x000001a188b65124: ;   {metadata(method data for {method} {0x000001a1db4c79f0} 'dispatch' '()V' in 'java/awt/event/InvocationEvent')}
  0x000001a188b65124: 48b8 40d1 | f1db a101 | 0000 ff80 | 7002 0000 | 4883 c430 

  0x000001a188b65138: ;   {poll_return}
  0x000001a188b65138: 5d49 3b67 | 280f 87f6 | 0000 00c3 | 488b 5424 | 1849 8b87 | 0805 0000 | 4d33 d24d | 8997 0805 
  0x000001a188b65158: 0000 4d33 | d24d 8997 | 1005 0000 

  0x000001a188b65164: ;   {metadata(method data for {method} {0x000001a1db4c79f0} 'dispatch' '()V' in 'java/awt/event/InvocationEvent')}
  0x000001a188b65164: 4c8b c248 | be40 d1f1 | dba1 0100 | 0048 8386 | 8802 0000 | 0141 b801 | 0000 0048 | 8944 2420 
  0x000001a188b65184: ;   {optimized virtual_call}
  0x000001a188b65184: 6666 90e8 

  0x000001a188b65188: ; ImmutableOopMap {[32]=Oop }
                      ;*invokevirtual finishedDispatching {reexecute=0 rethrow=0 return_oop=0}
                      ; - java.awt.event.InvocationEvent::dispatch@63 (line 321)
  0x000001a188b65188: d498 1f07 

  0x000001a188b6518c: ;   {post_call_nop}
  0x000001a188b6518c: 0f1f 8400 | 8406 0003 | 488b 4424 | 20e9 ce00 

  0x000001a188b6519c: ;   {metadata({method} {0x000001a1db4c79f0} 'dispatch' '()V' in 'java/awt/event/InvocationEvent')}
  0x000001a188b6519c: 0000 49ba | e879 4cdb | a101 0000 | 4c89 5424 | 0848 c704 | 24ff ffff 

  0x000001a188b651b4: ;   {runtime_call C1 Runtime counter_overflow_blob}
  0x000001a188b651b4: ffe8 a6e4 

  0x000001a188b651b8: ; ImmutableOopMap {rdx=Oop [24]=Oop }
                      ;*synchronization entry
                      ; - java.awt.event.InvocationEvent::dispatch@-1 (line 306)
  0x000001a188b651b8: 2b07 e928 

  0x000001a188b651bc: ;   {runtime_call C1 Runtime throw_null_pointer_exception_blob}
  0x000001a188b651bc: fbff ffe8 

  0x000001a188b651c0: ; ImmutableOopMap {rdx=Oop rsi=Oop [24]=Oop }
                      ;*invokeinterface run {reexecute=0 rethrow=0 return_oop=0}
                      ; - java.awt.event.InvocationEvent::dispatch@11 (line 308)
  0x000001a188b651c0: 9c8f 2b07 

  0x000001a188b651c4: ;   {runtime_call C1 Runtime throw_null_pointer_exception_blob}
  0x000001a188b651c4: e897 8f2b 

  0x000001a188b651c8: ; ImmutableOopMap {rdx=Oop rsi=Oop [24]=Oop }
                      ;*invokeinterface run {reexecute=0 rethrow=0 return_oop=0}
                      ; - java.awt.event.InvocationEvent::dispatch@47 (line 318)
  0x000001a188b651c8: 0748 8904 

  0x000001a188b651cc: ;   {runtime_call C1 Runtime throw_class_cast_exception_blob}
  0x000001a188b651cc: 24e8 8eb7 

  0x000001a188b651d0: ; ImmutableOopMap {rax=Oop rdx=Oop [24]=Oop }
                      ;*checkcast {reexecute=0 rethrow=0 return_oop=0}
                      ; - java.awt.event.InvocationEvent::dispatch@29 (line 312)
  0x000001a188b651d0: 2b07 8b72 | 3448 83fe | 000f 84c1 | feff ff48 

  0x000001a188b651e0: ;   {runtime_call g1_pre_barrier_slow}
  0x000001a188b651e0: 8934 24e8 | 78ea 2b07 | e9b3 feff | ff49 83f8 | 000f 84c4 | feff ff48 

  0x000001a188b651f8: ;   {runtime_call g1_post_barrier_slow}
  0x000001a188b651f8: 8914 24e8 | 60ed 2b07 | e9b6 feff | ff44 8b42 | 3849 83f8 | 000f 84b6 | feff ff4c 

  0x000001a188b65214: ;   {runtime_call g1_pre_barrier_slow}
  0x000001a188b65214: 8904 24e8 | 44ea 2b07 | e9a8 feff | ff48 83f8 | 000f 84b9 | feff ff48 

  0x000001a188b6522c: ;   {runtime_call g1_post_barrier_slow}
  0x000001a188b6522c: 8914 24e8 | 2ced 2b07 | e9ab feff 

  0x000001a188b65238: ;   {internal_word}
  0x000001a188b65238: ff49 ba39 | 51b6 88a1 | 0100 004d | 8997 6004 

  0x000001a188b65248: ;   {runtime_call SafepointBlob}
  0x000001a188b65248: 0000 e991 | 0a20 0749 | 8b87 0805 | 0000 49c7 | 8708 0500 | 0000 0000 | 0049 c787 | 1005 0000 
  0x000001a188b65268: 0000 0000 | 4883 c430 

  0x000001a188b65270: ;   {runtime_call C1 Runtime unwind_exception_blob}
  0x000001a188b65270: 5de9 6a7b | 2b07 f4f4 
[Stub Code]
  0x000001a188b65278: ;   {no_reloc}
  0x000001a188b65278: 0f1f 4400 

  0x000001a188b6527c: ;   {static_stub}
  0x000001a188b6527c: 0048 bb00 | 0000 0000 

  0x000001a188b65284: ;   {runtime_call nmethod}
  0x000001a188b65284: 0000 00e9 | fbff ffff 

  0x000001a188b6528c: ;   {static_stub}
  0x000001a188b6528c: 9048 bb00 | 0000 0000 

  0x000001a188b65294: ;   {runtime_call nmethod}
  0x000001a188b65294: 0000 00e9 | fbff ffff 

  0x000001a188b6529c: ;   {static_stub}
  0x000001a188b6529c: 48bb e87d | 4cdb a101 

  0x000001a188b652a4: ;   {runtime_call I2C/C2I adapters}
  0x000001a188b652a4: 0000 e90b 

  0x000001a188b652a8: ;   {runtime_call C1 Runtime handle_exception_from_callee_blob}
  0x000001a188b652a8: f51f 07e8 | b0b0 2b07 

  0x000001a188b652b0: ;   {external_word}
  0x000001a188b652b0: 48b9 08ec | 5575 ff7f | 0000 4883 

  0x000001a188b652bc: ;   {runtime_call}
  0x000001a188b652bc: e4f0 48b8 | 30a8 1c75 | ff7f 0000 

  0x000001a188b652c8: ;   {section_word}
  0x000001a188b652c8: ffd0 f449 | bacb 52b6 | 88a1 0100 

  0x000001a188b652d4: ;   {runtime_call DeoptimizationBlob}
  0x000001a188b652d4: 0041 52e9 | a4ff 1f07 | f4f4 f4f4 
[/MachCode]


Compiled method (c1) 2221632 2104       3       java.awt.EventQueue::dispatchEventImpl (139 bytes)
 total in heap  [0x000001a188b21f88,0x000001a188b24458] = 9424
 relocation     [0x000001a188b22060,0x000001a188b22300] = 672
 main code      [0x000001a188b22300,0x000001a188b24270] = 8048
 stub code      [0x000001a188b24270,0x000001a188b24380] = 272
 oops           [0x000001a188b24380,0x000001a188b24390] = 16
 metadata       [0x000001a188b24390,0x000001a188b24458] = 200
 immutable data [0x000001a1e4bb5090,0x000001a1e4bb5818] = 1928
 dependencies   [0x000001a1e4bb5090,0x000001a1e4bb50c8] = 56
 nul chk table  [0x000001a1e4bb50c8,0x000001a1e4bb5148] = 128
 handler table  [0x000001a1e4bb5148,0x000001a1e4bb5208] = 192
 scopes pcs     [0x000001a1e4bb5208,0x000001a1e4bb55e8] = 992
 scopes data    [0x000001a1e4bb55e8,0x000001a1e4bb5818] = 560

[Constant Pool (empty)]

[MachCode]
[Instructions begin]
  0x000001a188b22300: 660f 1f84 | 0000 0000 | 0066 0f1f | 8400 0000 | 0000 448b | 5208 443b 

  0x000001a188b22318: ;   {runtime_call Shared Runtime ic_miss_blob}
  0x000001a188b22318: 5008 0f85 | 40c4 2307 
[Verified Entry Point]
  0x000001a188b22320: 8984 2400 | 80ff ff55 | 4881 ecd0 | 0000 0090 | 4181 7f20 | 0100 0000 

  0x000001a188b22338: ;   {runtime_call StubRoutines (final stubs)}
  0x000001a188b22338: 7405 e881 | 3522 074c | 8984 24a8 

  0x000001a188b22344: ;   {metadata(method data for {method} {0x000001a1db288210} 'dispatchEventImpl' '(Ljava/awt/AWTEvent;Ljava/lang/Object;)V' in 'java/awt/EventQueue')}
  0x000001a188b22344: 0000 0048 | bea0 0fdb | dba1 0100 | 008b becc | 0000 0083 | c702 89be | cc00 0000 | 81e7 fe07 
  0x000001a188b22364: 0000 85ff | 0f84 ce1a | 0000 41c6 | 4016 014d 

  0x000001a188b22374: ;   {metadata(method data for {method} {0x000001a1db288210} 'dispatchEventImpl' '(Ljava/awt/AWTEvent;Ljava/lang/Object;)V' in 'java/awt/EventQueue')}
  0x000001a188b22374: 85c0 48bb | a00f dbdb | a101 0000 | 750c 808b | 0901 0000 | 01e9 cb00 | 0000 418b | 4008 49ba 
  0x000001a188b22394: 0000 009a | a101 0000 | 4903 c248 | 3b83 1801 | 0000 750d | 4883 8320 | 0100 0001 | e960 0000 
  0x000001a188b223b4: 0048 3b83 | 2801 0000 | 750d 4883 | 8330 0100 | 0001 e94a | 0000 0048 | 83bb 1801 | 0000 0075 
  0x000001a188b223d4: 1748 8983 | 1801 0000 | 48c7 8320 | 0100 0001 | 0000 00e9 | 2900 0000 | 4883 bb28 | 0100 0000 
  0x000001a188b223f4: 7517 4889 | 8328 0100 | 0048 c783 | 3001 0000 | 0100 0000 | e908 0000 | 0048 8383 | 1001 0000 
  0x000001a188b22414: ;   {metadata('java/awt/ActiveEvent')}
  0x000001a188b22414: 0148 b8f0 | 714c dba1 | 0100 0041 | 8b58 0849 | ba00 0000 | 9aa1 0100 | 0049 03da | 483b 4320 
  0x000001a188b22434: 0f84 2400 | 0000 483b | d80f 841b | 0000 0053 

  0x000001a188b22444: ;   {runtime_call C1 Runtime slow_subtype_check_blob}
  0x000001a188b22444: 50e8 f6ea | 2f07 5b5b | 85db 0f84 | 0500 0000 | e905 0000 | 0048 33f6 | eb05 be01 | 0000 0085 
  0x000001a188b22464: ;   {metadata(method data for {method} {0x000001a1db288210} 'dispatchEventImpl' '(Ljava/awt/AWTEvent;Ljava/lang/Object;)V' in 'java/awt/EventQueue')}
  0x000001a188b22464: f648 bea0 | 0fdb dba1 | 0100 00bf | 5001 0000 | 7505 bf40 | 0100 0048 | 8b1c 3e48 | 8d5b 0148 
  0x000001a188b22484: 891c 3e0f | 856b 1500 | 004d 85c9 

  0x000001a188b22490: ;   {metadata(method data for {method} {0x000001a1db288210} 'dispatchEventImpl' '(Ljava/awt/AWTEvent;Ljava/lang/Object;)V' in 'java/awt/EventQueue')}
  0x000001a188b22490: 48bb a00f | dbdb a101 | 0000 750c | 808b 0102 | 0000 01e9 | b100 0000 | 418b 4108 | 49ba 0000 
  0x000001a188b224b0: 009a a101 | 0000 4903 | c248 3b83 | 1002 0000 | 750d 4883 | 8318 0200 | 0001 e960 | 0000 0048 
  0x000001a188b224d0: 3b83 2002 | 0000 750d | 4883 8328 | 0200 0001 | e94a 0000 | 0048 83bb | 1002 0000 | 0075 1748 
  0x000001a188b224f0: 8983 1002 | 0000 48c7 | 8318 0200 | 0001 0000 | 00e9 2900 | 0000 4883 | bb20 0200 | 0000 7517 
  0x000001a188b22510: 4889 8320 | 0200 0048 | c783 2802 | 0000 0100 | 0000 e908 | 0000 0048 | 8383 0802 

  0x000001a188b2252c: ;   {metadata('java/awt/Component')}
  0x000001a188b2252c: 0000 0148 | b8f0 5109 | dba1 0100 | 0041 8b59 | 0849 ba00 | 0000 9aa1 | 0100 0049 | 03da 483b 
  0x000001a188b2254c: 4338 0f85 | 0500 0000 | e905 0000 | 0048 33f6 | eb05 be01 | 0000 0085 

  0x000001a188b22564: ;   {metadata(method data for {method} {0x000001a1db288210} 'dispatchEventImpl' '(Ljava/awt/AWTEvent;Ljava/lang/Object;)V' in 'java/awt/EventQueue')}
  0x000001a188b22564: f648 bea0 | 0fdb dba1 | 0100 00bf | 3802 0000 | 7405 bf48 | 0200 0048 | 8b1c 3e48 | 8d5b 0148 
  0x000001a188b22584: 891c 3e0f | 84dc 0600 | 004d 85c9 

  0x000001a188b22590: ;   {metadata(method data for {method} {0x000001a1db288210} 'dispatchEventImpl' '(Ljava/awt/AWTEvent;Ljava/lang/Object;)V' in 'java/awt/EventQueue')}
  0x000001a188b22590: 48bf a00f | dbdb a101 | 0000 750c | 808f 5102 | 0000 01e9 | b100 0000 | 418b 5908 | 49ba 0000 
  0x000001a188b225b0: 009a a101 | 0000 4903 | da48 3b9f | 6002 0000 | 750d 4883 | 8768 0200 | 0001 e960 | 0000 0048 
  0x000001a188b225d0: 3b9f 7002 | 0000 750d | 4883 8778 | 0200 0001 | e94a 0000 | 0048 83bf | 6002 0000 | 0075 1748 
  0x000001a188b225f0: 899f 6002 | 0000 48c7 | 8768 0200 | 0001 0000 | 00e9 2900 | 0000 4883 | bf70 0200 | 0000 7517 
  0x000001a188b22610: 4889 9f70 | 0200 0048 | c787 7802 | 0000 0100 | 0000 e908 | 0000 0048 | 8387 5802 

  0x000001a188b2262c: ;   {metadata('java/awt/Component')}
  0x000001a188b2262c: 0000 0148 | bbf0 5109 | dba1 0100 | 0041 8b79 | 0849 ba00 | 0000 9aa1 | 0100 0049 | 03fa 483b 
  0x000001a188b2264c: 5f38 0f85 | 0e18 0000 | e900 0000 | 0049 8bd1 

  0x000001a188b2265c: ; implicit exception: dispatches to 0x000001a188b23e6b
  0x000001a188b2265c: 483b 0248 

  0x000001a188b22660: ;   {metadata(method data for {method} {0x000001a1db288210} 'dispatchEventImpl' '(Ljava/awt/AWTEvent;Ljava/lang/Object;)V' in 'java/awt/EventQueue')}
  0x000001a188b22660: 8bf2 48bf | a00f dbdb | a101 0000 | 8b76 0849 | ba00 0000 | 9aa1 0100 | 0049 03f2 | 483b b790 
  0x000001a188b22680: 0200 0075 | 0d48 8387 | 9802 0000 | 01e9 6000 | 0000 483b | b7a0 0200 | 0075 0d48 | 8387 a802 
  0x000001a188b226a0: 0000 01e9 | 4a00 0000 | 4883 bf90 | 0200 0000 | 7517 4889 | b790 0200 | 0048 c787 | 9802 0000 
  0x000001a188b226c0: 0100 0000 | e929 0000 | 0048 83bf | a002 0000 | 0075 1748 | 89b7 a002 | 0000 48c7 | 87a8 0200 
  0x000001a188b226e0: 0001 0000 | 00e9 0800 | 0000 4883 | 8788 0200 

  0x000001a188b226f0: ;   {metadata(method data for {method} {0x000001a1db088680} 'dispatchEvent' '(Ljava/awt/AWTEvent;)V' in 'java/awt/Component')}
  0x000001a188b226f0: 0001 48be | 4816 dbdb | a101 0000 | 8bbe cc00 | 0000 83c7 | 0289 becc | 0000 0081 | e7fe ff1f 
  0x000001a188b22710: 0085 ff0f | 8457 1700 | 0048 8bf2 

  0x000001a188b2271c: ;   {metadata(method data for {method} {0x000001a1db088680} 'dispatchEvent' '(Ljava/awt/AWTEvent;)V' in 'java/awt/Component')}
  0x000001a188b2271c: 48bf 4816 | dbdb a101 | 0000 8b76 | 0849 ba00 | 0000 9aa1 | 0100 0049 | 03f2 483b | b718 0100 
  0x000001a188b2273c: 0075 0d48 | 8387 2001 | 0000 01e9 | 6000 0000 | 483b b728 | 0100 0075 | 0d48 8387 | 3001 0000 
  0x000001a188b2275c: 01e9 4a00 | 0000 4883 | bf18 0100 | 0000 7517 | 4889 b718 | 0100 0048 | c787 2001 | 0000 0100 
  0x000001a188b2277c: 0000 e929 | 0000 0048 | 83bf 2801 | 0000 0075 | 1748 89b7 | 2801 0000 | 48c7 8730 | 0100 0001 
  0x000001a188b2279c: 0000 00e9 | 0800 0000 | 4883 8710 | 0100 0001 | 498b f04c | 8bc6 6666 | 9048 b870 | 9bbb e4a1 
  0x000001a188b227bc: ;   {virtual_call}
  0x000001a188b227bc: 0100 00e8 

  0x000001a188b227c0: ; ImmutableOopMap {[168]=Oop }
                      ;*invokevirtual dispatchEventImpl {reexecute=0 rethrow=0 return_oop=0}
                      ; - java.awt.Component::dispatchEvent@2 (line 4790)
                      ; - java.awt.EventQueue::dispatchEventImpl@41 (line 725)
  0x000001a188b227c0: bc8d 3707 

  0x000001a188b227c4: ;   {post_call_nop}
  0x000001a188b227c4: 0f1f 8400 | 3c08 0000 | 4c8b 8424 | a800 0000 

  0x000001a188b227d4: ;   {metadata(method data for {method} {0x000001a1db288210} 'dispatchEventImpl' '(Ljava/awt/AWTEvent;Ljava/lang/Object;)V' in 'java/awt/EventQueue')}
  0x000001a188b227d4: 48be a00f | dbdb a101 | 0000 458b | 4008 49ba | 0000 009a | a101 0000 | 4d03 c24c | 3b86 c002 
  0x000001a188b227f4: 0000 750d | 4883 86c8 | 0200 0001 | e960 0000 | 004c 3b86 | d002 0000 | 750d 4883 | 86d8 0200 
  0x000001a188b22814: 0001 e94a | 0000 0048 | 83be c002 | 0000 0075 | 174c 8986 | c002 0000 | 48c7 86c8 | 0200 0001 
  0x000001a188b22834: 0000 00e9 | 2900 0000 | 4883 bed0 | 0200 0000 | 7517 4c89 | 86d0 0200 | 0048 c786 | d802 0000 
  0x000001a188b22854: 0100 0000 | e908 0000 | 0048 8386 | b802 0000 

  0x000001a188b22864: ;   {metadata(method data for {method} {0x000001a1db0f6d80} 'dispatched' '()V' in 'java/awt/AWTEvent')}
  0x000001a188b22864: 0148 bed0 | 17db dba1 | 0100 008b | becc 0000 | 0083 c702 | 89be cc00 | 0000 81e7 | feff 1f00 
  0x000001a188b22884: 85ff 0f84 | 0516 0000 | 4c8b 8424 | a800 0000 

  0x000001a188b22894: ;   {metadata(method data for {method} {0x000001a1db0f6d80} 'dispatched' '()V' in 'java/awt/AWTEvent')}
  0x000001a188b22894: 4d85 c048 | bbd0 17db | dba1 0100 | 0075 0c80 | 8b09 0100 | 0001 e9b1 | 0000 0041 | 8b40 0849 
  0x000001a188b228b4: ba00 0000 | 9aa1 0100 | 0049 03c2 | 483b 8318 | 0100 0075 | 0d48 8383 | 2001 0000 | 01e9 6000 
  0x000001a188b228d4: 0000 483b | 8328 0100 | 0075 0d48 | 8383 3001 | 0000 01e9 | 4a00 0000 | 4883 bb18 | 0100 0000 
  0x000001a188b228f4: 7517 4889 | 8318 0100 | 0048 c783 | 2001 0000 | 0100 0000 | e929 0000 | 0048 83bb | 2801 0000 
  0x000001a188b22914: 0075 1748 | 8983 2801 | 0000 48c7 | 8330 0100 | 0001 0000 | 00e9 0800 | 0000 4883 | 8310 0100 
  0x000001a188b22934: ;   {metadata('java/awt/event/InputEvent')}
  0x000001a188b22934: 0001 48b8 | 08c3 0fdb | a101 0000 | 418b 5808 | 49ba 0000 | 009a a101 | 0000 4903 | da48 3b43 
  0x000001a188b22954: 500f 8505 | 0000 00e9 | 0500 0000 | 4833 f6eb | 05be 0100 | 0000 85f6 

  0x000001a188b2296c: ;   {metadata(method data for {method} {0x000001a1db0f6d80} 'dispatched' '()V' in 'java/awt/AWTEvent')}
  0x000001a188b2296c: 48be d017 | dbdb a101 | 0000 bf40 | 0100 0074 | 05bf 5001 | 0000 488b | 1c3e 488d | 5b01 4889 
  0x000001a188b2298c: 1c3e 0f84 | 8514 0000 

  0x000001a188b22994: ;   {metadata(method data for {method} {0x000001a1db0f6d80} 'dispatched' '()V' in 'java/awt/AWTEvent')}
  0x000001a188b22994: 48be d017 | dbdb a101 | 0000 4883 | 8660 0100 

  0x000001a188b229a4: ;   {metadata(method data for {method} {0x000001a1db1183d0} 'getInputEventAccessor' '()Lsun/awt/AWTAccessor$InputEventAccessor;' in 'sun/awt/AWTAccessor')}
  0x000001a188b229a4: 0001 48be | e019 dbdb | a101 0000 | 8bbe cc00 | 0000 83c7 | 0289 becc | 0000 0081 | e7fe ff1f 
  0x000001a188b229c4: 0085 ff0f | 84e5 1400 

  0x000001a188b229cc: ;   {oop(a 'java/lang/Class'{0x0000000090c57ea8} = 'sun/awt/AWTAccessor')}
  0x000001a188b229cc: 0048 bea8 | 7ec5 9000 | 0000 008b | b684 0000 | 0048 85f6 

  0x000001a188b229e0: ;   {metadata(method data for {method} {0x000001a1db1183d0} 'getInputEventAccessor' '()Lsun/awt/AWTAccessor$InputEventAccessor;' in 'sun/awt/AWTAccessor')}
  0x000001a188b229e0: 48bf e019 | dbdb a101 | 0000 bb10 | 0100 0075 | 05bb 2001 | 0000 488b | 041f 488d | 4001 4889 
  0x000001a188b22a00: 041f 0f85 | b412 0000 

  0x000001a188b22a08: ;   {metadata(method data for {method} {0x000001a1db1183d0} 'getInputEventAccessor' '()Lsun/awt/AWTAccessor$InputEventAccessor;' in 'sun/awt/AWTAccessor')}
  0x000001a188b22a08: 48be e019 | dbdb a101 | 0000 4883 | 8630 0100 

  0x000001a188b22a18: ;   {metadata(method data for {method} {0x000001a1db11ab90} 'ensureClassInitialized' '(Ljava/lang/Class;)V' in 'sun/awt/AWTAccessor')}
  0x000001a188b22a18: 0001 48be | 80dd 6ddb | a101 0000 | 8bbe cc00 | 0000 83c7 | 0289 becc | 0000 0081 | e7fe ff1f 
  0x000001a188b22a38: 0085 ff0f | 8492 1400 

  0x000001a188b22a40: ;   {metadata(method data for {method} {0x000001a1db11ab90} 'ensureClassInitialized' '(Ljava/lang/Class;)V' in 'sun/awt/AWTAccessor')}
  0x000001a188b22a40: 0048 be80 | dd6d dba1 | 0100 0048 | 8386 1001 

  0x000001a188b22a50: ;   {metadata(method data for {method} {0x000001a19a44b720} 'lookup' '()Ljava/lang/invoke/MethodHandles$Lookup;' in 'java/lang/invoke/MethodHandles')}
  0x000001a188b22a50: 0000 0148 | bee8 ea6d | dba1 0100 | 008b becc | 0000 0083 | c702 89be | cc00 0000 | 81e7 feff 
  0x000001a188b22a70: 1f00 85ff | 0f84 7a14 

  0x000001a188b22a78: ;   {metadata(method data for {method} {0x000001a19a44b720} 'lookup' '()Ljava/lang/invoke/MethodHandles$Lookup;' in 'java/lang/invoke/MethodHandles')}
  0x000001a188b22a78: 0000 48be | e8ea 6ddb | a101 0000 | 4883 8610 | 0100 0001 

  0x000001a188b22a8c: ;   {static_call}
  0x000001a188b22a8c: 6666 90e8 

  0x000001a188b22a90: ; ImmutableOopMap {[168]=Oop }
                      ;*invokestatic getCallerClass {reexecute=0 rethrow=0 return_oop=0}
                      ; - java.lang.invoke.MethodHandles::lookup@0 (line 126)
                      ; - sun.awt.AWTAccessor::ensureClassInitialized@0 (line 1464)
                      ; - sun.awt.AWTAccessor::getInputEventAccessor@10 (line 963)
                      ; - java.awt.AWTEvent::dispatched@7 (line 571)
                      ; - java.awt.EventQueue::dispatchEventImpl@45 (line 726)
  0x000001a188b22a90: ccc5 2307 

  0x000001a188b22a94: ;   {post_call_nop}
  0x000001a188b22a94: 0f1f 8400 | 0c0b 0001 | 4c8b c04d 

  0x000001a188b22aa0: ;   {metadata(method data for {method} {0x000001a19a44b720} 'lookup' '()Ljava/lang/invoke/MethodHandles$Lookup;' in 'java/lang/invoke/MethodHandles')}
  0x000001a188b22aa0: 85c0 48ba | e8ea 6ddb | a101 0000 | be30 0100 | 0074 05be | 2001 0000 | 488b 3c32 | 488d 7f01 
  0x000001a188b22ac0: 4889 3c32 | 0f84 1d11 

  0x000001a188b22ac8: ;   {metadata('java/lang/invoke/MethodHandles$Lookup')}
  0x000001a188b22ac8: 0000 48ba | 98b2 1e9a | a101 0000 | 498b 87c8 | 0100 0048 | 8d78 2049 | 3bbf d801 | 0000 0f87 
  0x000001a188b22ae8: 2914 0000 | 4989 bfc8 | 0100 0048 | c700 0100 | 0000 488b | ca49 ba00 | 0000 9aa1 | 0100 0049 
  0x000001a188b22b08: 2bca 8948 | 0848 33c9 | 8948 0c48 | 33c9 4889 | 4810 4889 | 4818 4c8b 

  0x000001a188b22b20: ;   {metadata(method data for {method} {0x000001a19a44b720} 'lookup' '()Ljava/lang/invoke/MethodHandles$Lookup;' in 'java/lang/invoke/MethodHandles')}
  0x000001a188b22b20: c848 bfe8 | ea6d dba1 | 0100 0048 | 8387 5001 

  0x000001a188b22b30: ;   {metadata(method data for {method} {0x000001a19a44f9d0} '<init>' '(Ljava/lang/Class;)V' in 'java/lang/invoke/MethodHandles$Lookup')}
  0x000001a188b22b30: 0000 0149 | b900 ed6d | dba1 0100 | 0041 8bb9 | cc00 0000 | 83c7 0241 | 89b9 cc00 | 0000 81e7 
  0x000001a188b22b50: feff 1f00 | 85ff 0f84 | c613 0000 

  0x000001a188b22b5c: ;   {metadata(method data for {method} {0x000001a19a44f9d0} '<init>' '(Ljava/lang/Class;)V' in 'java/lang/invoke/MethodHandles$Lookup')}
  0x000001a188b22b5c: 4c8b c848 | bf00 ed6d | dba1 0100 | 0048 8387 | 1001 0000 

  0x000001a188b22b70: ;   {oop(nullptr)}
  0x000001a188b22b70: 0149 b900 | 0000 0000 | 0000 00bf | 5f00 0000 | 488b d048 | 8984 24b0 | 0000 000f 

  0x000001a188b22b8c: ;   {optimized virtual_call}
  0x000001a188b22b8c: 1f40 00e8 

  0x000001a188b22b90: ; ImmutableOopMap {[168]=Oop [176]=Oop }
                      ;*invokespecial <init> {reexecute=0 rethrow=0 return_oop=0}
                      ; - java.lang.invoke.MethodHandles$Lookup::<init>@5 (line 1534)
                      ; - java.lang.invoke.MethodHandles::lookup@23 (line 130)
                      ; - sun.awt.AWTAccessor::ensureClassInitialized@0 (line 1464)
                      ; - sun.awt.AWTAccessor::getInputEventAccessor@10 (line 963)
                      ; - java.awt.AWTEvent::dispatched@7 (line 571)
                      ; - java.awt.EventQueue::dispatchEventImpl@45 (line 726)
  0x000001a188b22b90: ccbe 2307 

  0x000001a188b22b94: ;   {post_call_nop}
  0x000001a188b22b94: 0f1f 8400 | 0c0c 0002 | 488b 8424 | b000 0000 

  0x000001a188b22ba4: ;   {metadata(method data for {method} {0x000001a1db11ab90} 'ensureClassInitialized' '(Ljava/lang/Class;)V' in 'sun/awt/AWTAccessor')}
  0x000001a188b22ba4: 4c8b c048 | ba80 dd6d | dba1 0100 | 0045 8b40 | 0849 ba00 | 0000 9aa1 | 0100 004d | 03c2 4c3b 
  0x000001a188b22bc4: 8228 0100 | 0075 0d48 | 8382 3001 | 0000 01e9 | 6000 0000 | 4c3b 8238 | 0100 0075 | 0d48 8382 
  0x000001a188b22be4: 4001 0000 | 01e9 4a00 | 0000 4883 | ba28 0100 | 0000 7517 | 4c89 8228 | 0100 0048 | c782 3001 
  0x000001a188b22c04: 0000 0100 | 0000 e929 | 0000 0048 | 83ba 3801 | 0000 0075 | 174c 8982 | 3801 0000 | 48c7 8240 
  0x000001a188b22c24: 0100 0001 | 0000 00e9 | 0800 0000 | 4883 8220 | 0100 0001 

  0x000001a188b22c38: ;   {oop(a 'java/lang/Class'{0x0000000090c4f930} = 'java/awt/event/InputEvent')}
  0x000001a188b22c38: 49b8 30f9 | c490 0000 | 0000 488b 

  0x000001a188b22c44: ;   {optimized virtual_call}
  0x000001a188b22c44: d066 90e8 

  0x000001a188b22c48: ; ImmutableOopMap {[168]=Oop }
                      ;*invokevirtual ensureInitialized {reexecute=0 rethrow=0 return_oop=0}
                      ; - sun.awt.AWTAccessor::ensureClassInitialized@4 (line 1464)
                      ; - sun.awt.AWTAccessor::getInputEventAccessor@10 (line 963)
                      ; - java.awt.AWTEvent::dispatched@7 (line 571)
                      ; - java.awt.EventQueue::dispatchEventImpl@45 (line 726)
  0x000001a188b22c48: 14be 2307 

  0x000001a188b22c4c: ;   {post_call_nop}
  0x000001a188b22c4c: 0f1f 8400 | c40c 0003 

  0x000001a188b22c54: ;   {metadata(method data for {method} {0x000001a1db11ab90} 'ensureClassInitialized' '(Ljava/lang/Class;)V' in 'sun/awt/AWTAccessor')}
  0x000001a188b22c54: 48ba 80dd | 6ddb a101 | 0000 ff82 | 5001 0000 | e943 1000 | 004d 85c9 

  0x000001a188b22c6c: ;   {metadata(method data for {method} {0x000001a1db288210} 'dispatchEventImpl' '(Ljava/awt/AWTEvent;Ljava/lang/Object;)V' in 'java/awt/EventQueue')}
  0x000001a188b22c6c: 48bb a00f | dbdb a101 | 0000 750c | 808b f902 | 0000 01e9 | b000 0000 | 418b 4108 | 49ba 0000 
  0x000001a188b22c8c: 009a a101 | 0000 4903 | c248 3b83 | 0803 0000 | 750d 4883 | 8310 0300 | 0001 e960 | 0000 0048 
  0x000001a188b22cac: 3b83 1803 | 0000 750d | 4883 8320 | 0300 0001 | e94a 0000 | 0048 83bb | 0803 0000 | 0075 1748 
  0x000001a188b22ccc: 8983 0803 | 0000 48c7 | 8310 0300 | 0001 0000 | 00e9 2900 | 0000 4883 | bb18 0300 | 0000 7517 
  0x000001a188b22cec: 4889 8318 | 0300 0048 | c783 2003 | 0000 0100 | 0000 e908 | 0000 0048 | 8383 0003 

  0x000001a188b22d08: ;   {metadata('java/awt/MenuComponent')}
  0x000001a188b22d08: 0000 0148 | b828 9b94 | dba1 0100 | 0041 8b79 | 0849 ba00 | 0000 9aa1 | 0100 0049 | 03fa 483b 
  0x000001a188b22d28: c70f 8505 | 0000 00e9 | 0500 0000 | 4833 f6eb | 05be 0100 | 0000 85f6 

  0x000001a188b22d40: ;   {metadata(method data for {method} {0x000001a1db288210} 'dispatchEventImpl' '(Ljava/awt/AWTEvent;Ljava/lang/Object;)V' in 'java/awt/EventQueue')}
  0x000001a188b22d40: 48be a00f | dbdb a101 | 0000 bf40 | 0300 0075 | 05bf 3003 | 0000 488b | 1c3e 488d | 5b01 4889 
  0x000001a188b22d60: 1c3e 0f85 | f00a 0000 

  0x000001a188b22d68: ;   {metadata(method data for {method} {0x000001a1db288210} 'dispatchEventImpl' '(Ljava/awt/AWTEvent;Ljava/lang/Object;)V' in 'java/awt/EventQueue')}
  0x000001a188b22d68: 4d85 c948 | bba0 0fdb | dba1 0100 | 0075 0c80 | 8bc1 0300 | 0001 e9dd | 0000 0041 | 8b41 0849 
  0x000001a188b22d88: ba00 0000 | 9aa1 0100 | 0049 03c2 | 483b 83d0 | 0300 0075 | 0d48 8383 | d803 0000 | 01e9 6000 
  0x000001a188b22da8: 0000 483b | 83e0 0300 | 0075 0d48 | 8383 e803 | 0000 01e9 | 4a00 0000 | 4883 bbd0 | 0300 0000 
  0x000001a188b22dc8: 7517 4889 | 83d0 0300 | 0048 c783 | d803 0000 | 0100 0000 | e929 0000 | 0048 83bb | e003 0000 
  0x000001a188b22de8: 0075 1748 | 8983 e003 | 0000 48c7 | 83e8 0300 | 0001 0000 | 00e9 0800 | 0000 4883 | 83c8 0300 
  0x000001a188b22e08: 0001 660f | 1f44 0000 

  0x000001a188b22e10: ;   {no_reloc}
  0x000001a188b22e10: e93d 1100 | 0000 0000 | 0000 418b | 5908 49ba | 0000 009a | a101 0000 | 4903 da48 | 3bd8 0f84 
  0x000001a188b22e30: 3100 0000 | 8b78 1448 | 3b04 3b0f | 8424 0000 | 0083 ff20 | 0f85 1600 | 0000 5350 

  0x000001a188b22e4c: ;   {runtime_call C1 Runtime slow_subtype_check_blob}
  0x000001a188b22e4c: e8ef e02f | 075b 5885 | c00f 8405 | 0000 00e9 | 0500 0000 | 4833 f6eb | 05be 0100 | 0000 85f6 
  0x000001a188b22e6c: ;   {metadata(method data for {method} {0x000001a1db288210} 'dispatchEventImpl' '(Ljava/awt/AWTEvent;Ljava/lang/Object;)V' in 'java/awt/EventQueue')}
  0x000001a188b22e6c: 48be a00f | dbdb a101 | 0000 bf08 | 0400 0075 | 05bf f803 | 0000 488b | 1c3e 488d | 5b01 4889 
  0x000001a188b22e8c: 1c3e 0f85 | 8a08 0000 

  0x000001a188b22e94: ;   {metadata(method data for {method} {0x000001a1db288210} 'dispatchEventImpl' '(Ljava/awt/AWTEvent;Ljava/lang/Object;)V' in 'java/awt/EventQueue')}
  0x000001a188b22e94: 4d85 c948 | bba0 0fdb | dba1 0100 | 0075 0c80 | 8b89 0400 | 0001 e9b0 | 0000 0041 | 8b41 0849 
  0x000001a188b22eb4: ba00 0000 | 9aa1 0100 | 0049 03c2 | 483b 8398 | 0400 0075 | 0d48 8383 | a004 0000 | 01e9 6000 
  0x000001a188b22ed4: 0000 483b | 83a8 0400 | 0075 0d48 | 8383 b004 | 0000 01e9 | 4a00 0000 | 4883 bb98 | 0400 0000 
  0x000001a188b22ef4: 7517 4889 | 8398 0400 | 0048 c783 | a004 0000 | 0100 0000 | e929 0000 | 0048 83bb | a804 0000 
  0x000001a188b22f14: 0075 1748 | 8983 a804 | 0000 48c7 | 83b0 0400 | 0001 0000 | 00e9 0800 | 0000 4883 | 8390 0400 
  0x000001a188b22f34: ;   {metadata('sun/awt/AWTAutoShutdown')}
  0x000001a188b22f34: 0001 48b8 | 1097 069b | a101 0000 | 418b 7908 | 49ba 0000 | 009a a101 | 0000 4903 | fa48 3bc7 
  0x000001a188b22f54: 0f85 0500 | 0000 e905 | 0000 0048 | 33f6 eb05 | be01 0000 

  0x000001a188b22f68: ;   {metadata(method data for {method} {0x000001a1db288210} 'dispatchEventImpl' '(Ljava/awt/AWTEvent;Ljava/lang/Object;)V' in 'java/awt/EventQueue')}
  0x000001a188b22f68: 0085 f648 | bea0 0fdb | dba1 0100 | 00bf c004 | 0000 7405 | bfd0 0400 | 0048 8b1c | 3e48 8d5b 
  0x000001a188b22f88: 0148 891c | 3e0f 843c | 0100 0048 

  0x000001a188b22f94: ;   {metadata(method data for {method} {0x000001a1db288210} 'dispatchEventImpl' '(Ljava/awt/AWTEvent;Ljava/lang/Object;)V' in 'java/awt/EventQueue')}
  0x000001a188b22f94: 8bf2 48bf | a00f dbdb | a101 0000 | 4883 87e0 | 0400 0001 

  0x000001a188b22fa8: ;   {metadata(method data for {method} {0x000001a1db287848} 'noEvents' '()Z' in 'java/awt/EventQueue')}
  0x000001a188b22fa8: 48be 981c | dbdb a101 | 0000 8bbe | cc00 0000 | 83c7 0289 | becc 0000 | 0081 e7fe | ff1f 0085 
  0x000001a188b22fc8: ff0f 848d | 0f00 00be | 0000 0000 | e988 0000 | 000f 1f80 | 0000 0000 | 8b7a 203b | 770c 0f83 
  0x000001a188b22fe8: 9b0f 0000 | 4863 de8b | 7c9f 108b | 7f0c 4885 

  0x000001a188b22ff8: ;   {metadata(method data for {method} {0x000001a1db287848} 'noEvents' '()Z' in 'java/awt/EventQueue')}
  0x000001a188b22ff8: ff48 bf98 | 1cdb dba1 | 0100 00bb | 4001 0000 | 7505 bb30 | 0100 0048 | 8b04 1f48 | 8d40 0148 
  0x000001a188b23018: 8904 1f0f | 8570 0000 

  0x000001a188b23020: ;   {metadata(method data for {method} {0x000001a1db287848} 'noEvents' '()Z' in 'java/awt/EventQueue')}
  0x000001a188b23020: 00ff c648 | bf98 1cdb | dba1 0100 | 008b 9fd0 | 0000 0083 | c302 899f | d000 0000 | 81e3 fe3f 
  0x000001a188b23040: 0000 85db | 0f84 500f | 0000 4d8b 

  0x000001a188b2304c: ; ImmutableOopMap {rdx=Oop }
                      ;*goto {reexecute=1 rethrow=0 return_oop=0}
                      ; - (reexecute) java.awt.EventQueue::noEvents@24 (line 520)
                      ; - java.awt.EventQueue::dispatchEventImpl@95 (line 732)
                      ;   {poll}
  0x000001a188b2304c: 5730 4185 

  0x000001a188b23050: ;   {metadata(method data for {method} {0x000001a1db287848} 'noEvents' '()Z' in 'java/awt/EventQueue')}
  0x000001a188b23050: 0248 bf98 | 1cdb dba1 | 0100 00ff | 8750 0100 | 0083 fe04 

  0x000001a188b23064: ;   {metadata(method data for {method} {0x000001a1db287848} 'noEvents' '()Z' in 'java/awt/EventQueue')}
  0x000001a188b23064: 48bf 981c | dbdb a101 | 0000 bb10 | 0100 007d | 05bb 2001 | 0000 488b | 041f 488d | 4001 4889 
  0x000001a188b23084: 041f 0f8d | 0f00 0000 | e94f ffff | ffbe 0000 | 0000 e905 | 0000 00be | 0100 0000 

  0x000001a188b230a0: ;   {metadata(method data for {method} {0x000001a1db288210} 'dispatchEventImpl' '(Ljava/awt/AWTEvent;Ljava/lang/Object;)V' in 'java/awt/EventQueue')}
  0x000001a188b230a0: 85f6 48be | a00f dbdb | a101 0000 | bf10 0500 | 0074 05bf | 2005 0000 | 488b 1c3e | 488d 5b01 
  0x000001a188b230c0: 4889 1c3e | 0f84 5f0d | 0000 e9c8 

  0x000001a188b230cc: ;   {metadata(method data for {method} {0x000001a1db288210} 'dispatchEventImpl' '(Ljava/awt/AWTEvent;Ljava/lang/Object;)V' in 'java/awt/EventQueue')}
  0x000001a188b230cc: 0500 0048 | baa0 0fdb | dba1 0100 | 0048 8382 | 7805 0000 

  0x000001a188b230e0: ;   {metadata(method data for {method} {0x000001a1db286618} 'getEventLog' '()Lsun/util/logging/PlatformLogger;' in 'java/awt/EventQueue')}
  0x000001a188b230e0: 0148 ba78 | 1fdb dba1 | 0100 008b | b2cc 0000 | 0083 c602 | 89b2 cc00 | 0000 81e6 | feff 1f00 
  0x000001a188b23100: 85f6 0f84 | b30e 0000 

  0x000001a188b23108: ;   {oop(a 'java/lang/Class'{0x0000000090cf0ba0} = 'java/awt/EventQueue')}
  0x000001a188b23108: 48ba a00b | cf90 0000 | 0000 8b52 | 7848 85d2 

  0x000001a188b23118: ;   {metadata(method data for {method} {0x000001a1db286618} 'getEventLog' '()Lsun/util/logging/PlatformLogger;' in 'java/awt/EventQueue')}
  0x000001a188b23118: 48ba 781f | dbdb a101 | 0000 be10 | 0100 0075 | 05be 2001 | 0000 488b | 3c32 488d | 7f01 4889 
  0x000001a188b23138: 3c32 0f85 | 6400 0000 

  0x000001a188b23140: ;   {metadata(method data for {method} {0x000001a1db286618} 'getEventLog' '()Lsun/util/logging/PlatformLogger;' in 'java/awt/EventQueue')}
  0x000001a188b23140: 48ba 781f | dbdb a101 | 0000 4883 | 8230 0100 

  0x000001a188b23150: ;   {oop("java.awt.event.EventQueue"{0x0000000090d005b0})}
  0x000001a188b23150: 0001 48ba | b005 d090 | 0000 0000 

  0x000001a188b2315c: ;   {static_call}
  0x000001a188b2315c: 6666 90e8 

  0x000001a188b23160: ; ImmutableOopMap {[168]=Oop }
                      ;*invokestatic getLogger {reexecute=0 rethrow=0 return_oop=0}
                      ; - java.awt.EventQueue::getEventLog@8 (line 181)
                      ; - java.awt.EventQueue::dispatchEventImpl@111 (line 736)
  0x000001a188b23160: fcbe 2307 

  0x000001a188b23164: ;   {post_call_nop}
  0x000001a188b23164: 0f1f 8400 | dc11 0005 

  0x000001a188b2316c: ;   {oop(a 'java/lang/Class'{0x0000000090cf0ba0} = 'java/awt/EventQueue')}
  0x000001a188b2316c: 49b8 a00b | cf90 0000 | 0000 410f | be57 4885 | d20f 8559 | 0e00 004c | 8bd0 4589 | 5078 f083 
  0x000001a188b2318c: 4424 c000 | 498b d048 | 33d0 48c1 | ea14 4883 | fa00 0f85 | 540e 0000 

  0x000001a188b231a4: ;   {oop(a 'java/lang/Class'{0x0000000090cf0ba0} = 'java/awt/EventQueue')}
  0x000001a188b231a4: 49b8 a00b | cf90 0000 | 0000 458b | 4078 493b | 0049 8bd0 

  0x000001a188b231b8: ;   {metadata(method data for {method} {0x000001a1db288210} 'dispatchEventImpl' '(Ljava/awt/AWTEvent;Ljava/lang/Object;)V' in 'java/awt/EventQueue')}
  0x000001a188b231b8: 48be a00f | dbdb a101 

  0x000001a188b231c0: ;   {metadata('sun/util/logging/PlatformLogger')}
  0x000001a188b231c0: 0000 49ba | 80ff 049b | a101 0000 | 4c89 9690 | 0500 0048 | 8386 9805 

  0x000001a188b231d8: ;   {metadata(method data for {method} {0x000001a1db0fd3b0} 'isLoggable' '(Lsun/util/logging/PlatformLogger$Level;)Z' in 'sun/util/logging/PlatformLogger')}
  0x000001a188b231d8: 0000 0148 | ba00 3f81 | dba1 0100 | 008b b2cc | 0000 0083 | c602 89b2 | cc00 0000 | 81e6 feff 
  0x000001a188b231f8: 1f00 85f6 | 0f84 130e 

  0x000001a188b23200: ;   {metadata(method data for {method} {0x000001a1db0fd3b0} 'isLoggable' '(Lsun/util/logging/PlatformLogger$Level;)Z' in 'sun/util/logging/PlatformLogger')}
  0x000001a188b23200: 0000 48ba | 003f 81db | a101 0000 | ff82 1001 | 0000 418b | 500c 483b | 024c 8bc2 

  0x000001a188b2321c: ;   {metadata(method data for {method} {0x000001a1db0fd3b0} 'isLoggable' '(Lsun/util/logging/PlatformLogger$Level;)Z' in 'sun/util/logging/PlatformLogger')}
  0x000001a188b2321c: 48be 003f | 81db a101 | 0000 458b | 4008 49ba | 0000 009a | a101 0000 | 4d03 c24c | 3b86 4801 
  0x000001a188b2323c: 0000 750d | 4883 8650 | 0100 0001 | e960 0000 | 004c 3b86 | 5801 0000 | 750d 4883 | 8660 0100 
  0x000001a188b2325c: 0001 e94a | 0000 0048 | 83be 4801 | 0000 0075 | 174c 8986 | 4801 0000 | 48c7 8650 | 0100 0001 
  0x000001a188b2327c: 0000 00e9 | 2900 0000 | 4883 be58 | 0100 0000 | 7517 4c89 | 8658 0100 | 0048 c786 | 6001 0000 
  0x000001a188b2329c: 0100 0000 | e908 0000 | 0048 8386 | 4001 0000 

  0x000001a188b232ac: ;   {oop(a 'sun/util/logging/PlatformLogger$Level'{0x0000000090c504d0})}
  0x000001a188b232ac: 0149 b8d0 | 04c5 9000 | 0000 0066 | 0f1f 4400 | 0048 b898 | 9bbb e4a1 

  0x000001a188b232c4: ;   {virtual_call}
  0x000001a188b232c4: 0100 00e8 

  0x000001a188b232c8: ; ImmutableOopMap {[168]=Oop }
                      ;*invokeinterface isLoggable {reexecute=0 rethrow=0 return_oop=0}
                      ; - sun.util.logging.PlatformLogger::isLoggable@17 (line 340)
                      ; - java.awt.EventQueue::dispatchEventImpl@117 (line 736)
  0x000001a188b232c8: 94ba 2307 

  0x000001a188b232cc: ;   {post_call_nop}
  0x000001a188b232cc: 0f1f 8400 | 4413 0006 | 83e0 0185 

  0x000001a188b232d8: ;   {metadata(method data for {method} {0x000001a1db288210} 'dispatchEventImpl' '(Ljava/awt/AWTEvent;Ljava/lang/Object;)V' in 'java/awt/EventQueue')}
  0x000001a188b232d8: c048 baa0 | 0fdb dba1 | 0100 00be | b805 0000 | 7405 bec8 | 0500 0048 | 8b3c 3248 | 8d7f 0148 
  0x000001a188b232f8: 893c 320f | 8428 0b00 

  0x000001a188b23300: ;   {metadata(method data for {method} {0x000001a1db288210} 'dispatchEventImpl' '(Ljava/awt/AWTEvent;Ljava/lang/Object;)V' in 'java/awt/EventQueue')}
  0x000001a188b23300: 0048 baa0 | 0fdb dba1 | 0100 0048 | 8382 d805 

  0x000001a188b23310: ;   {metadata(method data for {method} {0x000001a1db286618} 'getEventLog' '()Lsun/util/logging/PlatformLogger;' in 'java/awt/EventQueue')}
  0x000001a188b23310: 0000 0148 | ba78 1fdb | dba1 0100 | 008b b2cc | 0000 0083 | c602 89b2 | cc00 0000 | 81e6 feff 
  0x000001a188b23330: 1f00 85f6 | 0f84 010d 

  0x000001a188b23338: ;   {oop(a 'java/lang/Class'{0x0000000090cf0ba0} = 'java/awt/EventQueue')}
  0x000001a188b23338: 0000 48ba | a00b cf90 | 0000 0000 | 8b52 7848 

  0x000001a188b23348: ;   {metadata(method data for {method} {0x000001a1db286618} 'getEventLog' '()Lsun/util/logging/PlatformLogger;' in 'java/awt/EventQueue')}
  0x000001a188b23348: 85d2 48ba | 781f dbdb | a101 0000 | be10 0100 | 0075 05be | 2001 0000 | 488b 3c32 | 488d 7f01 
  0x000001a188b23368: 4889 3c32 | 0f85 6200 

  0x000001a188b23370: ;   {metadata(method data for {method} {0x000001a1db286618} 'getEventLog' '()Lsun/util/logging/PlatformLogger;' in 'java/awt/EventQueue')}
  0x000001a188b23370: 0000 48ba | 781f dbdb | a101 0000 | 4883 8230 | 0100 0001 

  0x000001a188b23384: ;   {oop("java.awt.event.EventQueue"{0x0000000090d005b0})}
  0x000001a188b23384: 48ba b005 | d090 0000 

  0x000001a188b2338c: ;   {static_call}
  0x000001a188b2338c: 0000 90e8 

  0x000001a188b23390: ; ImmutableOopMap {[168]=Oop }
                      ;*invokestatic getLogger {reexecute=0 rethrow=0 return_oop=0}
                      ; - java.awt.EventQueue::getEventLog@8 (line 181)
                      ; - java.awt.EventQueue::dispatchEventImpl@123 (line 737)
  0x000001a188b23390: ccbc 2307 

  0x000001a188b23394: ;   {post_call_nop}
  0x000001a188b23394: 0f1f 8400 | 0c14 0007 

  0x000001a188b2339c: ;   {oop(a 'java/lang/Class'{0x0000000090cf0ba0} = 'java/awt/EventQueue')}
  0x000001a188b2339c: 48ba a00b | cf90 0000 | 0000 410f | be77 4885 | f60f 85a9 | 0c00 004c | 8bd0 4489 | 5278 f083 
  0x000001a188b233bc: 4424 c000 | 488b f248 | 33f0 48c1 | ee14 4883 | fe00 0f85 | a30c 0000 

  0x000001a188b233d4: ;   {oop(a 'java/lang/Class'{0x0000000090cf0ba0} = 'java/awt/EventQueue')}
  0x000001a188b233d4: 48ba a00b | cf90 0000 | 0000 8b72 | 7848 89b4 | 24b8 0000 | 004c 8b84 | 24a8 0000 

  0x000001a188b233f0: ;   {metadata(method data for {method} {0x000001a1db288210} 'dispatchEventImpl' '(Ljava/awt/AWTEvent;Ljava/lang/Object;)V' in 'java/awt/EventQueue')}
  0x000001a188b233f0: 0048 baa0 | 0fdb dba1 | 0100 0048 | 8382 e805 

  0x000001a188b23400: ;   {metadata(method data for {method} {0x000001a19a47f488} 'valueOf' '(Ljava/lang/Object;)Ljava/lang/String;' in 'java/lang/String')}
  0x000001a188b23400: 0000 0148 | bab0 ef2a | dba1 0100 | 008b bacc | 0000 0083 | c702 89ba | cc00 0000 | 81e7 feff 
  0x000001a188b23420: 1f00 85ff | 0f84 650c | 0000 4d85 

  0x000001a188b2342c: ;   {metadata(method data for {method} {0x000001a19a47f488} 'valueOf' '(Ljava/lang/Object;)Ljava/lang/String;' in 'java/lang/String')}
  0x000001a188b2342c: c048 bab0 | ef2a dba1 | 0100 00bf | 1001 0000 | 7505 bf20 | 0100 0048 | 8b1c 3a48 | 8d5b 0148 
  0x000001a188b2344c: 891c 3a0f | 851f 0000 

  0x000001a188b23454: ;   {metadata(method data for {method} {0x000001a19a47f488} 'valueOf' '(Ljava/lang/Object;)Ljava/lang/String;' in 'java/lang/String')}
  0x000001a188b23454: 0048 bab0 | ef2a dba1 | 0100 00ff | 8230 0100 

  0x000001a188b23464: ;   {oop("null"{0x00000000ffe1cbb0})}
  0x000001a188b23464: 0048 bfb0 | cbe1 ff00 | 0000 00e9 | ab00 0000 

  0x000001a188b23474: ;   {metadata(method data for {method} {0x000001a19a47f488} 'valueOf' '(Ljava/lang/Object;)Ljava/lang/String;' in 'java/lang/String')}
  0x000001a188b23474: 498b d048 | bfb0 ef2a | dba1 0100 | 008b 5208 | 49ba 0000 | 009a a101 | 0000 4903 | d248 3b97 
  0x000001a188b23494: 5001 0000 | 750d 4883 | 8758 0100 | 0001 e960 | 0000 0048 | 3b97 6001 | 0000 750d | 4883 8768 
  0x000001a188b234b4: 0100 0001 | e94a 0000 | 0048 83bf | 5001 0000 | 0075 1748 | 8997 5001 | 0000 48c7 | 8758 0100 
  0x000001a188b234d4: 0001 0000 | 00e9 2900 | 0000 4883 | bf60 0100 | 0000 7517 | 4889 9760 | 0100 0048 | c787 6801 
  0x000001a188b234f4: 0000 0100 | 0000 e908 | 0000 0048 | 8387 4801 | 0000 0149 | 8bd0 0f1f 

  0x000001a188b2350c: ;   {optimized virtual_call}
  0x000001a188b2350c: 4400 00e8 

  0x000001a188b23510: ; ImmutableOopMap {[184]=Oop }
                      ;*invokevirtual toString {reexecute=0 rethrow=0 return_oop=0}
                      ; - java.lang.String::valueOf@11 (line 4543)
                      ; - java.awt.EventQueue::dispatchEventImpl@127 (line 737)
  0x000001a188b23510: 4cb5 2307 

  0x000001a188b23514: ;   {post_call_nop}
  0x000001a188b23514: 0f1f 8400 | 8c15 0008 | 488b f890 

  0x000001a188b23520: ;   {no_reloc}
  0x000001a188b23520: e99a 0b00 | 0090 9090 | 9090 488b 

  0x000001a188b2352c: ;   {static_call}
  0x000001a188b2352c: d766 90e8 

  0x000001a188b23530: ; ImmutableOopMap {[184]=Oop }
                      ;*invokedynamic {reexecute=0 rethrow=0 return_oop=0}
                      ; - java.awt.EventQueue::dispatchEventImpl@130 (line 737)
  0x000001a188b23530: 2cbb 2307 

  0x000001a188b23534: ;   {post_call_nop}
  0x000001a188b23534: 0f1f 8400 | ac15 0009 

  0x000001a188b2353c: ;   {metadata(method data for {method} {0x000001a1db288210} 'dispatchEventImpl' '(Ljava/awt/AWTEvent;Ljava/lang/Object;)V' in 'java/awt/EventQueue')}
  0x000001a188b2353c: 49b8 a00f | dbdb a101 | 0000 4d8d | 8018 0600 | 0048 85c0 | 750b 41f6 | 0001 7505 | f049 8308 
  0x000001a188b2355c: 0148 8bb4 | 24b8 0000 | 0048 3b06 

  0x000001a188b23568: ;   {metadata(method data for {method} {0x000001a1db288210} 'dispatchEventImpl' '(Ljava/awt/AWTEvent;Ljava/lang/Object;)V' in 'java/awt/EventQueue')}
  0x000001a188b23568: 4c8b c649 | b9a0 0fdb | dba1 0100 

  0x000001a188b23574: ;   {metadata('sun/util/logging/PlatformLogger')}
  0x000001a188b23574: 0049 ba80 | ff04 9ba1 | 0100 004d | 8991 3006 | 0000 4983 | 8138 0600 

  0x000001a188b2358c: ;   {metadata(method data for {method} {0x000001a1db0fe008} 'fine' '(Ljava/lang/String;)V' in 'sun/util/logging/PlatformLogger')}
  0x000001a188b2358c: 0001 49b8 | c027 dbdb | a101 0000 | 458b 88cc | 0000 0041 | 83c1 0245 | 8988 cc00 | 0000 4181 
  0x000001a188b235ac: e1fe ff1f | 0045 85c9 | 0f84 140b | 0000 8b56 | 0c48 3b02 

  0x000001a188b235c0: ;   {metadata(method data for {method} {0x000001a1db0fe008} 'fine' '(Ljava/lang/String;)V' in 'sun/util/logging/PlatformLogger')}
  0x000001a188b235c0: 4c8b c249 | b9c0 27db | dba1 0100 | 0045 8b40 | 0849 ba00 | 0000 9aa1 | 0100 004d | 03c2 4d3b 
  0x000001a188b235e0: 8148 0100 | 0075 0d49 | 8381 5001 | 0000 01e9 | 6000 0000 | 4d3b 8158 | 0100 0075 | 0d49 8381 
  0x000001a188b23600: 6001 0000 | 01e9 4a00 | 0000 4983 | b948 0100 | 0000 7517 | 4d89 8148 | 0100 0049 | c781 5001 
  0x000001a188b23620: 0000 0100 | 0000 e929 | 0000 0049 | 83b9 5801 | 0000 0075 | 174d 8981 | 5801 0000 | 49c7 8160 
  0x000001a188b23640: 0100 0001 | 0000 00e9 | 0800 0000 | 4983 8140 | 0100 0001 

  0x000001a188b23654: ;   {oop(a 'sun/util/logging/PlatformLogger$Level'{0x0000000090c504d0})}
  0x000001a188b23654: 49b8 d004 | c590 0000 | 0000 4c8b 

  0x000001a188b23660: ;   {oop(nullptr)}
  0x000001a188b23660: c848 bf00 | 0000 0000 | 0000 0066 | 9048 b8c0 | 9bbb e4a1 

  0x000001a188b23674: ;   {virtual_call}
  0x000001a188b23674: 0100 00e8 

  0x000001a188b23678: ; ImmutableOopMap {}
                      ;*invokeinterface log {reexecute=0 rethrow=0 return_oop=0}
                      ; - sun.util.logging.PlatformLogger::fine@12 (line 449)
                      ; - java.awt.EventQueue::dispatchEventImpl@135 (line 737)
  0x000001a188b23678: e4b6 2307 

  0x000001a188b2367c: ;   {post_call_nop}
  0x000001a188b2367c: 0f1f 8400 | f416 000a | 4881 c4d0 | 0000 005d 

  0x000001a188b2368c: ;   {poll_return}
  0x000001a188b2368c: 493b 6728 | 0f87 5e0a | 0000 c344 | 8b42 3449 | 3b00 498b 

  0x000001a188b236a0: ;   {metadata(method data for {method} {0x000001a1db288210} 'dispatchEventImpl' '(Ljava/awt/AWTEvent;Ljava/lang/Object;)V' in 'java/awt/EventQueue')}
  0x000001a188b236a0: d048 bea0 | 0fdb dba1 

  0x000001a188b236a8: ;   {metadata('java/awt/EventDispatchThread')}
  0x000001a188b236a8: 0100 0049 | ba90 7e09 | 9ba1 0100 | 004c 8996 | 3805 0000 | 4883 8640 | 0500 0001 

  0x000001a188b236c4: ;   {metadata(method data for {method} {0x000001a1db4c9d18} 'stopDispatching' '()V' in 'java/awt/EventDispatchThread')}
  0x000001a188b236c4: 48ba 401e | dbdb a101 | 0000 8bb2 | cc00 0000 | 83c6 0289 | b2cc 0000 | 0081 e6fe | ff1f 0085 
  0x000001a188b236e4: f60f 8424 | 0a00 00ba | 0000 0000 | 4188 5070 | f083 4424 

  0x000001a188b236f8: ;   {metadata(method data for {method} {0x000001a1db288210} 'dispatchEventImpl' '(Ljava/awt/AWTEvent;Ljava/lang/Object;)V' in 'java/awt/EventQueue')}
  0x000001a188b236f8: c000 49b8 | a00f dbdb | a101 0000 | 41ff 8060 | 0500 0048 | 81c4 d000 

  0x000001a188b23710: ;   {poll_return}
  0x000001a188b23710: 0000 5d49 | 3b67 280f | 8713 0a00 | 00c3 4c8b | 8424 a800 | 0000 4d85 

  0x000001a188b23728: ;   {metadata(method data for {method} {0x000001a1db288210} 'dispatchEventImpl' '(Ljava/awt/AWTEvent;Ljava/lang/Object;)V' in 'java/awt/EventQueue')}
  0x000001a188b23728: c948 bfa0 | 0fdb dba1 | 0100 0075 | 0c80 8f11 | 0400 0001 | e9d7 0000 | 0041 8b59 | 0849 ba00 
  0x000001a188b23748: 0000 9aa1 | 0100 0049 | 03da 483b | 9f20 0400 | 0075 0d48 | 8387 2804 | 0000 01e9 | 6000 0000 
  0x000001a188b23768: 483b 9f30 | 0400 0075 | 0d48 8387 | 3804 0000 | 01e9 4a00 | 0000 4883 | bf20 0400 | 0000 7517 
  0x000001a188b23788: 4889 9f20 | 0400 0048 | c787 2804 | 0000 0100 | 0000 e929 | 0000 0048 | 83bf 3004 | 0000 0075 
  0x000001a188b237a8: 1748 899f | 3004 0000 | 48c7 8738 | 0400 0001 | 0000 00e9 | 0800 0000 | 4883 8718 | 0400 0001 
  0x000001a188b237c8: ;   {no_reloc}
  0x000001a188b237c8: e988 0900 | 0000 0000 | 0000 418b | 7908 49ba | 0000 009a | a101 0000 | 4903 fa48 | 3bfb 0f84 
  0x000001a188b237e8: 2c00 0000 | 8b73 1448 | 3b1c 370f | 841f 0000 | 0083 fe20 | 0f85 5d09 | 0000 5753 

  0x000001a188b23804: ;   {runtime_call C1 Runtime slow_subtype_check_blob}
  0x000001a188b23804: e837 d72f | 075f 5b85 | db0f 844c | 0900 00e9 | 0000 0000 | 498b d166 | 9048 b8e8 | 9bbb e4a1 
  0x000001a188b23824: ;   {virtual_call}
  0x000001a188b23824: 0100 00e8 

  0x000001a188b23828: ; ImmutableOopMap {}
                      ;*invokevirtual dispatchEvent {reexecute=0 rethrow=0 return_oop=0}
                      ; - java.awt.EventQueue::dispatchEventImpl@81 (line 730)
  0x000001a188b23828: 34b5 2307 

  0x000001a188b2382c: ;   {post_call_nop}
  0x000001a188b2382c: 0f1f 8400 | a418 000b 

  0x000001a188b23834: ;   {metadata(method data for {method} {0x000001a1db288210} 'dispatchEventImpl' '(Ljava/awt/AWTEvent;Ljava/lang/Object;)V' in 'java/awt/EventQueue')}
  0x000001a188b23834: 49b8 a00f | dbdb a101 | 0000 41ff | 8078 0400 | 0048 81c4 | d000 0000 

  0x000001a188b2384c: ;   {poll_return}
  0x000001a188b2384c: 5d49 3b67 | 280f 8711 | 0900 00c3 | 4c8b 8424 | a800 0000 

  0x000001a188b23860: ;   {metadata(method data for {method} {0x000001a1db288210} 'dispatchEventImpl' '(Ljava/awt/AWTEvent;Ljava/lang/Object;)V' in 'java/awt/EventQueue')}
  0x000001a188b23860: 4d85 c948 | bfa0 0fdb | dba1 0100 | 0075 0c80 | 8f49 0300 | 0001 e9b0 | 0000 0041 | 8b59 0849 
  0x000001a188b23880: ba00 0000 | 9aa1 0100 | 0049 03da | 483b 9f58 | 0300 0075 | 0d48 8387 | 6003 0000 | 01e9 6000 
  0x000001a188b238a0: 0000 483b | 9f68 0300 | 0075 0d48 | 8387 7003 | 0000 01e9 | 4a00 0000 | 4883 bf58 | 0300 0000 
  0x000001a188b238c0: 7517 4889 | 9f58 0300 | 0048 c787 | 6003 0000 | 0100 0000 | e929 0000 | 0048 83bf | 6803 0000 
  0x000001a188b238e0: 0075 1748 | 899f 6803 | 0000 48c7 | 8770 0300 | 0001 0000 | 00e9 0800 | 0000 4883 | 8750 0300 
  0x000001a188b23900: ;   {metadata('java/awt/MenuComponent')}
  0x000001a188b23900: 0001 48bb | 289b 94db | a101 0000 | 418b 7108 | 49ba 0000 | 009a a101 | 0000 4903 | f248 3bde 
  0x000001a188b23920: 0f85 5808 | 0000 e900 | 0000 0049 | 8bd1 483b | 0248 8bf2 

  0x000001a188b23934: ;   {metadata(method data for {method} {0x000001a1db288210} 'dispatchEventImpl' '(Ljava/awt/AWTEvent;Ljava/lang/Object;)V' in 'java/awt/EventQueue')}
  0x000001a188b23934: 48bf a00f | dbdb a101 | 0000 8b76 | 0849 ba00 | 0000 9aa1 | 0100 0049 | 03f2 483b | b788 0300 
  0x000001a188b23954: 0075 0d48 | 8387 9003 | 0000 01e9 | 6000 0000 | 483b b798 | 0300 0075 | 0d48 8387 | a003 0000 
  0x000001a188b23974: 01e9 4a00 | 0000 4883 | bf88 0300 | 0000 7517 | 4889 b788 | 0300 0048 | c787 9003 | 0000 0100 
  0x000001a188b23994: 0000 e929 | 0000 0048 | 83bf 9803 | 0000 0075 | 1748 89b7 | 9803 0000 | 48c7 87a0 | 0300 0001 
  0x000001a188b239b4: 0000 00e9 | 0800 0000 | 4883 8780 | 0300 0001 

  0x000001a188b239c4: ;   {optimized virtual_call}
  0x000001a188b239c4: 6666 90e8 

  0x000001a188b239c8: ; ImmutableOopMap {}
                      ;*invokevirtual dispatchEvent {reexecute=0 rethrow=0 return_oop=0}
                      ; - java.awt.EventQueue::dispatchEventImpl@63 (line 728)
  0x000001a188b239c8: 94b0 2307 

  0x000001a188b239cc: ;   {post_call_nop}
  0x000001a188b239cc: 0f1f 8400 | 441a 000c 

  0x000001a188b239d4: ;   {metadata(method data for {method} {0x000001a1db288210} 'dispatchEventImpl' '(Ljava/awt/AWTEvent;Ljava/lang/Object;)V' in 'java/awt/EventQueue')}
  0x000001a188b239d4: 49b8 a00f | dbdb a101 | 0000 41ff | 80b0 0300 | 0048 81c4 | d000 0000 

  0x000001a188b239ec: ;   {poll_return}
  0x000001a188b239ec: 5d49 3b67 | 280f 8795 | 0700 00c3 

  0x000001a188b239f8: ;   {metadata(method data for {method} {0x000001a1db288210} 'dispatchEventImpl' '(Ljava/awt/AWTEvent;Ljava/lang/Object;)V' in 'java/awt/EventQueue')}
  0x000001a188b239f8: 488b f248 | bfa0 0fdb | dba1 0100 | 0048 8387 | 6001 0000 | 0149 8bf0 | 4c8b c60f 

  0x000001a188b23a14: ;   {optimized virtual_call}
  0x000001a188b23a14: 1f40 00e8 

  0x000001a188b23a18: ; ImmutableOopMap {[168]=Oop }
                      ;*invokevirtual setCurrentEventAndMostRecentTimeImpl {reexecute=0 rethrow=0 return_oop=0}
                      ; - java.awt.EventQueue::dispatchEventImpl@14 (line 722)
  0x000001a188b23a18: 24a7 ffff 

  0x000001a188b23a1c: ;   {post_call_nop}
  0x000001a188b23a1c: 0f1f 8400 | 941a 000d | 4c8b 8424 | a800 0000 

  0x000001a188b23a2c: ;   {metadata(method data for {method} {0x000001a1db288210} 'dispatchEventImpl' '(Ljava/awt/AWTEvent;Ljava/lang/Object;)V' in 'java/awt/EventQueue')}
  0x000001a188b23a2c: 4d85 c048 | bfa0 0fdb | dba1 0100 | 0075 0c80 | 8f89 0100 | 0001 e9cb | 0000 0041 | 8b58 0849 
  0x000001a188b23a4c: ba00 0000 | 9aa1 0100 | 0049 03da | 483b 9f98 | 0100 0075 | 0d48 8387 | a001 0000 | 01e9 6000 
  0x000001a188b23a6c: 0000 483b | 9fa8 0100 | 0075 0d48 | 8387 b001 | 0000 01e9 | 4a00 0000 | 4883 bf98 | 0100 0000 
  0x000001a188b23a8c: 7517 4889 | 9f98 0100 | 0048 c787 | a001 0000 | 0100 0000 | e929 0000 | 0048 83bf | a801 0000 
  0x000001a188b23aac: 0075 1748 | 899f a801 | 0000 48c7 | 87b0 0100 | 0001 0000 | 00e9 0800 | 0000 4883 | 8790 0100 
  0x000001a188b23acc: ;   {metadata('java/awt/ActiveEvent')}
  0x000001a188b23acc: 0001 48bb | f071 4cdb | a101 0000 | 418b 7808 | 49ba 0000 | 009a a101 | 0000 4903 | fa48 3b5f 
  0x000001a188b23aec: 200f 841f | 0000 0048 | 3bfb 0f84 | 1600 0000 

  0x000001a188b23afc: ;   {runtime_call C1 Runtime slow_subtype_check_blob}
  0x000001a188b23afc: 5753 e83d | d42f 075f | 5f85 ff0f | 8495 0600 | 00e9 0000 | 0000 498b | d048 3b02 

  0x000001a188b23b18: ;   {metadata(method data for {method} {0x000001a1db288210} 'dispatchEventImpl' '(Ljava/awt/AWTEvent;Ljava/lang/Object;)V' in 'java/awt/EventQueue')}
  0x000001a188b23b18: 488b f248 | bfa0 0fdb | dba1 0100 | 008b 7608 | 49ba 0000 | 009a a101 | 0000 4903 | f248 3bb7 
  0x000001a188b23b38: c801 0000 | 750d 4883 | 87d0 0100 | 0001 e960 | 0000 0048 | 3bb7 d801 | 0000 750d | 4883 87e0 
  0x000001a188b23b58: 0100 0001 | e94a 0000 | 0048 83bf | c801 0000 | 0075 1748 | 89b7 c801 | 0000 48c7 | 87d0 0100 
  0x000001a188b23b78: 0001 0000 | 00e9 2900 | 0000 4883 | bfd8 0100 | 0000 7517 | 4889 b7d8 | 0100 0048 | c787 e001 
  0x000001a188b23b98: 0000 0100 | 0000 e908 | 0000 0048 | 8387 c001 | 0000 0166 | 9048 b810 | 9cbb e4a1 

  0x000001a188b23bb4: ;   {virtual_call}
  0x000001a188b23bb4: 0100 00e8 

  0x000001a188b23bb8: ; ImmutableOopMap {}
                      ;*invokeinterface dispatch {reexecute=0 rethrow=0 return_oop=0}
                      ; - java.awt.EventQueue::dispatchEventImpl@21 (line 723)
  0x000001a188b23bb8: 1485 3007 

  0x000001a188b23bbc: ;   {post_call_nop}
  0x000001a188b23bbc: 0f1f 8400 | 341c 000e 

  0x000001a188b23bc4: ;   {metadata(method data for {method} {0x000001a1db288210} 'dispatchEventImpl' '(Ljava/awt/AWTEvent;Ljava/lang/Object;)V' in 'java/awt/EventQueue')}
  0x000001a188b23bc4: 48ba a00f | dbdb a101 | 0000 ff82 | f001 0000 | 4881 c4d0 | 0000 005d 

  0x000001a188b23bdc: ;   {poll_return}
  0x000001a188b23bdc: 493b 6728 | 0f87 ca05 | 0000 c390 

  0x000001a188b23be8: ;   {no_reloc}
  0x000001a188b23be8: e9e8 0500 | 0000 0000 | 0000 80ba | 4001 0000 | 040f 85e5 | 0500 0049 | 8b87 c801 | 0000 488d 
  0x000001a188b23c08: 7828 493b | bfd8 0100 | 000f 87cd | 0500 0049 | 89bf c801 | 0000 48c7 | 0001 0000 | 0048 8bca 
  0x000001a188b23c28: 49ba 0000 | 009a a101 | 0000 492b | ca89 4808 | 4833 c989 | 480c 4833 | c948 8948 | 1048 8948 
  0x000001a188b23c48: 1848 8948 | 2048 8bd0 

  0x000001a188b23c50: ;   {metadata(method data for {method} {0x000001a19a44b720} 'lookup' '()Ljava/lang/invoke/MethodHandles$Lookup;' in 'java/lang/invoke/MethodHandles')}
  0x000001a188b23c50: 48be e8ea | 6ddb a101 | 0000 4883 | 8640 0100 

  0x000001a188b23c60: ;   {oop("no caller frame"{0x00000000ffe27428})}
  0x000001a188b23c60: 0001 49b8 | 2874 e2ff | 0000 0000 | 488b d048 | 8984 24c0 

  0x000001a188b23c74: ;   {optimized virtual_call}
  0x000001a188b23c74: 0000 00e8 

  0x000001a188b23c78: ; ImmutableOopMap {[168]=Oop [192]=Oop }
                      ;*invokespecial <init> {reexecute=0 rethrow=0 return_oop=0}
                      ; - java.lang.invoke.MethodHandles::lookup@14 (line 128)
                      ; - sun.awt.AWTAccessor::ensureClassInitialized@0 (line 1464)
                      ; - sun.awt.AWTAccessor::getInputEventAccessor@10 (line 963)
                      ; - java.awt.AWTEvent::dispatched@7 (line 571)
                      ; - java.awt.EventQueue::dispatchEventImpl@45 (line 726)
  0x000001a188b23c78: e4ad 2307 

  0x000001a188b23c7c: ;   {post_call_nop}
  0x000001a188b23c7c: 0f1f 8400 | f41c 000f | 488b 8424 | c000 0000 | e9cc 0500 | 0049 8b87 | 0805 0000 | 4d33 d24d 
  0x000001a188b23c9c: 8997 0805 | 0000 4d33 | d24d 8997 | 1005 0000 

  0x000001a188b23cac: ;   {oop(a 'java/lang/Class'{0x0000000090c57ea8} = 'sun/awt/AWTAccessor')}
  0x000001a188b23cac: 48be a87e | c590 0000 | 0000 8bb6 | 8400 0000 | 4c8b 8424 | a800 0000 

  0x000001a188b23cc4: ;   {metadata(method data for {method} {0x000001a1db0f6d80} 'dispatched' '()V' in 'java/awt/AWTEvent')}
  0x000001a188b23cc4: 4d85 c048 | b8d0 17db | dba1 0100 | 0075 0c80 | 8869 0100 | 0001 e9b1 | 0000 0041 | 8b50 0849 
  0x000001a188b23ce4: ba00 0000 | 9aa1 0100 | 0049 03d2 | 483b 9078 | 0100 0075 | 0d48 8380 | 8001 0000 | 01e9 6000 
  0x000001a188b23d04: 0000 483b | 9088 0100 | 0075 0d48 | 8380 9001 | 0000 01e9 | 4a00 0000 | 4883 b878 | 0100 0000 
  0x000001a188b23d24: 7517 4889 | 9078 0100 | 0048 c780 | 8001 0000 | 0100 0000 | e929 0000 | 0048 83b8 | 8801 0000 
  0x000001a188b23d44: 0075 1748 | 8990 8801 | 0000 48c7 | 8090 0100 | 0001 0000 | 00e9 0800 | 0000 4883 | 8070 0100 
  0x000001a188b23d64: ;   {metadata('java/awt/event/InputEvent')}
  0x000001a188b23d64: 0001 48ba | 08c3 0fdb | a101 0000 | 418b 4008 | 49ba 0000 | 009a a101 | 0000 4903 | c248 3b50 
  0x000001a188b23d84: 500f 8566 | 0400 00e9 | 0000 0000 | 498b f848 | 85f6 0f84 | 2900 0000 

  0x000001a188b23d9c: ;   {metadata('java/awt/event/InputEvent$1')}
  0x000001a188b23d9c: 48b9 a044 | 059b a101 | 0000 8b56 | 0849 ba00 | 0000 9aa1 | 0100 0049 | 03d2 483b | 4a38 0f85 
  0x000001a188b23dbc: 3a04 0000 | e900 0000 | 0048 8bde 

  0x000001a188b23dc8: ; implicit exception: dispatches to 0x000001a188b241ff
                      ;   {metadata(method data for {method} {0x000001a1db0f6d80} 'dispatched' '()V' in 'java/awt/AWTEvent')}
  0x000001a188b23dc8: 483b 0648 | bbd0 17db | dba1 0100 

  0x000001a188b23dd4: ;   {metadata('java/awt/event/InputEvent$1')}
  0x000001a188b23dd4: 0049 baa0 | 4405 9ba1 | 0100 004c | 8993 a801 | 0000 4883 | 83b0 0100 

  0x000001a188b23dec: ;   {metadata(method data for {method} {0x000001a1db132e50} 'setCanAccessSystemClipboard' '(Ljava/awt/event/InputEvent;Z)V' in 'java/awt/event/InputEvent$1')}
  0x000001a188b23dec: 0001 48be | 581b dbdb | a101 0000 | 8b9e cc00 | 0000 83c3 | 0289 9ecc | 0000 0081 | e3fe ff1f 
  0x000001a188b23e0c: 0085 db0f | 84ef 0300 | 00c6 4728 

  0x000001a188b23e18: ;   {metadata(method data for {method} {0x000001a1db288210} 'dispatchEventImpl' '(Ljava/awt/AWTEvent;Ljava/lang/Object;)V' in 'java/awt/EventQueue')}
  0x000001a188b23e18: 0048 bea0 | 0fdb dba1 | 0100 00ff | 86e8 0200 | 0048 81c4 | d000 0000 

  0x000001a188b23e30: ;   {poll_return}
  0x000001a188b23e30: 5d49 3b67 | 280f 87ef | 0300 00c3 

  0x000001a188b23e3c: ;   {metadata({method} {0x000001a1db288210} 'dispatchEventImpl' '(Ljava/awt/AWTEvent;Ljava/lang/Object;)V' in 'java/awt/EventQueue')}
  0x000001a188b23e3c: 49ba 0882 | 28db a101 | 0000 4c89 | 5424 0848 | c704 24ff 

  0x000001a188b23e50: ;   {runtime_call C1 Runtime counter_overflow_blob}
  0x000001a188b23e50: ffff ffe8 

  0x000001a188b23e54: ; ImmutableOopMap {rdx=Oop r8=Oop r9=Oop [168]=Oop }
                      ;*synchronization entry
                      ; - java.awt.EventQueue::dispatchEventImpl@-1 (line 719)
  0x000001a188b23e54: 08f8 2f07 | e911 e5ff 

  0x000001a188b23e5c: ;   {runtime_call C1 Runtime throw_null_pointer_exception_blob}
  0x000001a188b23e5c: ffe8 fea2 

  0x000001a188b23e60: ; ImmutableOopMap {rdx=Oop r8=Oop r9=Oop [168]=Oop }
                      ;*putfield isPosted {reexecute=1 rethrow=0 return_oop=0}
                      ; - (reexecute) java.awt.EventQueue::dispatchEventImpl@2 (line 719)
  0x000001a188b23e60: 2f07 4c89 

  0x000001a188b23e64: ;   {runtime_call C1 Runtime throw_class_cast_exception_blob}
  0x000001a188b23e64: 0c24 e8f5 

  0x000001a188b23e68: ; ImmutableOopMap {r8=Oop [168]=Oop }
                      ;*checkcast {reexecute=0 rethrow=0 return_oop=0}
                      ; - java.awt.EventQueue::dispatchEventImpl@37 (line 725)
                      ;   {runtime_call C1 Runtime throw_null_pointer_exception_blob}
  0x000001a188b23e68: ca2f 07e8 

  0x000001a188b23e6c: ; ImmutableOopMap {r8=Oop rdx=Oop [168]=Oop }
                      ;*invokevirtual dispatchEvent {reexecute=0 rethrow=0 return_oop=0}
                      ; - java.awt.EventQueue::dispatchEventImpl@41 (line 725)
  0x000001a188b23e6c: f0a2 2f07 

  0x000001a188b23e70: ;   {metadata({method} {0x000001a1db088680} 'dispatchEvent' '(Ljava/awt/AWTEvent;)V' in 'java/awt/Component')}
  0x000001a188b23e70: 49ba 7886 | 08db a101 | 0000 4c89 | 5424 0848 | c704 24ff 

  0x000001a188b23e84: ;   {runtime_call C1 Runtime counter_overflow_blob}
  0x000001a188b23e84: ffff ffe8 

  0x000001a188b23e88: ; ImmutableOopMap {r8=Oop rdx=Oop [168]=Oop }
                      ;*synchronization entry
                      ; - java.awt.Component::dispatchEvent@-1 (line 4790)
                      ; - java.awt.EventQueue::dispatchEventImpl@41 (line 725)
  0x000001a188b23e88: d4f7 2f07 | e988 e8ff 

  0x000001a188b23e90: ;   {metadata({method} {0x000001a1db0f6d80} 'dispatched' '()V' in 'java/awt/AWTEvent')}
  0x000001a188b23e90: ff49 ba78 | 6d0f dba1 | 0100 004c | 8954 2408 | 48c7 0424 | ffff ffff 

  0x000001a188b23ea8: ;   {runtime_call C1 Runtime counter_overflow_blob}
  0x000001a188b23ea8: e8b3 f72f 

  0x000001a188b23eac: ; ImmutableOopMap {[168]=Oop }
                      ;*synchronization entry
                      ; - java.awt.AWTEvent::dispatched@-1 (line 570)
                      ; - java.awt.EventQueue::dispatchEventImpl@45 (line 726)
  0x000001a188b23eac: 07e9 dae9 

  0x000001a188b23eb0: ;   {metadata({method} {0x000001a1db1183d0} 'getInputEventAccessor' '()Lsun/awt/AWTAccessor$InputEventAccessor;' in 'sun/awt/AWTAccessor')}
  0x000001a188b23eb0: ffff 49ba | c883 11db | a101 0000 | 4c89 5424 | 0848 c704 | 24ff ffff 

  0x000001a188b23ec8: ;   {runtime_call C1 Runtime counter_overflow_blob}
  0x000001a188b23ec8: ffe8 92f7 

  0x000001a188b23ecc: ; ImmutableOopMap {r8=Oop [168]=Oop }
                      ;*synchronization entry
                      ; - sun.awt.AWTAccessor::getInputEventAccessor@-1 (line 961)
                      ; - java.awt.AWTEvent::dispatched@7 (line 571)
                      ; - java.awt.EventQueue::dispatchEventImpl@45 (line 726)
  0x000001a188b23ecc: 2f07 e9fa 

  0x000001a188b23ed0: ;   {metadata({method} {0x000001a1db11ab90} 'ensureClassInitialized' '(Ljava/lang/Class;)V' in 'sun/awt/AWTAccessor')}
  0x000001a188b23ed0: eaff ff49 | ba88 ab11 | dba1 0100 | 004c 8954 | 2408 48c7 | 0424 ffff 

  0x000001a188b23ee8: ;   {runtime_call C1 Runtime counter_overflow_blob}
  0x000001a188b23ee8: ffff e871 

  0x000001a188b23eec: ; ImmutableOopMap {[168]=Oop }
                      ;*synchronization entry
                      ; - sun.awt.AWTAccessor::ensureClassInitialized@-1 (line 1464)
                      ; - sun.awt.AWTAccessor::getInputEventAccessor@10 (line 963)
                      ; - java.awt.AWTEvent::dispatched@7 (line 571)
                      ; - java.awt.EventQueue::dispatchEventImpl@45 (line 726)
  0x000001a188b23eec: f72f 07e9 | 4deb ffff 

  0x000001a188b23ef4: ;   {metadata({method} {0x000001a19a44b720} 'lookup' '()Ljava/lang/invoke/MethodHandles$Lookup;' in 'java/lang/invoke/MethodHandles')}
  0x000001a188b23ef4: 49ba 18b7 | 449a a101 | 0000 4c89 | 5424 0848 | c704 24ff 

  0x000001a188b23f08: ;   {runtime_call C1 Runtime counter_overflow_blob}
  0x000001a188b23f08: ffff ffe8 

  0x000001a188b23f0c: ; ImmutableOopMap {[168]=Oop }
                      ;*synchronization entry
                      ; - java.lang.invoke.MethodHandles::lookup@-1 (line 126)
                      ; - sun.awt.AWTAccessor::ensureClassInitialized@0 (line 1464)
                      ; - sun.awt.AWTAccessor::getInputEventAccessor@10 (line 963)
                      ; - java.awt.AWTEvent::dispatched@7 (line 571)
                      ; - java.awt.EventQueue::dispatchEventImpl@45 (line 726)
  0x000001a188b23f0c: 50f7 2f07 | e965 ebff | ff48 8bd2 

  0x000001a188b23f18: ;   {runtime_call C1 Runtime fast_new_instance_blob}
  0x000001a188b23f18: e843 af2f 

  0x000001a188b23f1c: ; ImmutableOopMap {r8=Oop [168]=Oop }
                      ;*new {reexecute=0 rethrow=0 return_oop=0}
                      ; - java.lang.invoke.MethodHandles::lookup@18 (line 130)
                      ; - sun.awt.AWTAccessor::ensureClassInitialized@0 (line 1464)
                      ; - sun.awt.AWTAccessor::getInputEventAccessor@10 (line 963)
                      ; - java.awt.AWTEvent::dispatched@7 (line 571)
                      ; - java.awt.EventQueue::dispatchEventImpl@45 (line 726)
  0x000001a188b23f1c: 07e9 fceb 

  0x000001a188b23f20: ;   {metadata({method} {0x000001a19a44f9d0} '<init>' '(Ljava/lang/Class;)V' in 'java/lang/invoke/MethodHandles$Lookup')}
  0x000001a188b23f20: ffff 49ba | c8f9 449a | a101 0000 | 4c89 5424 | 0848 c704 | 24ff ffff 

  0x000001a188b23f38: ;   {runtime_call C1 Runtime counter_overflow_blob}
  0x000001a188b23f38: ffe8 22f7 

  0x000001a188b23f3c: ; ImmutableOopMap {r8=Oop rax=Oop [168]=Oop }
                      ;*synchronization entry
                      ; - java.lang.invoke.MethodHandles$Lookup::<init>@-1 (line 1534)
                      ; - java.lang.invoke.MethodHandles::lookup@23 (line 130)
                      ; - sun.awt.AWTAccessor::ensureClassInitialized@0 (line 1464)
                      ; - sun.awt.AWTAccessor::getInputEventAccessor@10 (line 963)
                      ; - java.awt.AWTEvent::dispatched@7 (line 571)
                      ; - java.awt.EventQueue::dispatchEventImpl@45 (line 726)
  0x000001a188b23f3c: 2f07 e919 

  0x000001a188b23f40: ;   {metadata(nullptr)}
  0x000001a188b23f40: ecff ff48 | b800 0000 | 0000 0000 | 00b8 000f 

  0x000001a188b23f50: ;   {runtime_call C1 Runtime load_klass_patching_blob}
  0x000001a188b23f50: 050a e889 

  0x000001a188b23f54: ; ImmutableOopMap {rdx=Oop r9=Oop [168]=Oop }
                      ;*instanceof {reexecute=1 rethrow=0 return_oop=0}
                      ; - (reexecute) java.awt.EventQueue::dispatchEventImpl@70 (line 729)
  0x000001a188b23f54: e62f 07e9 | b4ee ffff 

  0x000001a188b23f5c: ;   {metadata({method} {0x000001a1db287848} 'noEvents' '()Z' in 'java/awt/EventQueue')}
  0x000001a188b23f5c: 49ba 4078 | 28db a101 | 0000 4c89 | 5424 0848 | c704 24ff 

  0x000001a188b23f70: ;   {runtime_call C1 Runtime counter_overflow_blob}
  0x000001a188b23f70: ffff ffe8 

  0x000001a188b23f74: ; ImmutableOopMap {rdx=Oop }
                      ;*synchronization entry
                      ; - java.awt.EventQueue::noEvents@-1 (line 520)
                      ; - java.awt.EventQueue::dispatchEventImpl@95 (line 732)
  0x000001a188b23f74: e8f6 2f07 | e952 f0ff 

  0x000001a188b23f7c: ;   {runtime_call C1 Runtime throw_null_pointer_exception_blob}
  0x000001a188b23f7c: ffe8 dea1 

  0x000001a188b23f80: ; ImmutableOopMap {rdx=Oop rdi=Oop }
                      ;*aaload {reexecute=0 rethrow=0 return_oop=0}
                      ; - java.awt.EventQueue::noEvents@12 (line 521)
                      ; - java.awt.EventQueue::dispatchEventImpl@95 (line 732)
                      ;   {runtime_call C1 Runtime throw_null_pointer_exception_blob}
  0x000001a188b23f80: 2f07 e8d9 

  0x000001a188b23f84: ; ImmutableOopMap {rdx=Oop rdi=Oop }
                      ;*aaload {reexecute=0 rethrow=0 return_oop=0}
                      ; - java.awt.EventQueue::noEvents@12 (line 521)
                      ; - java.awt.EventQueue::dispatchEventImpl@95 (line 732)
  0x000001a188b23f84: a12f 0748 | 8934 2448 | 897c 2408 

  0x000001a188b23f90: ;   {runtime_call C1 Runtime throw_range_check_failed_blob}
  0x000001a188b23f90: e84b 942f 

  0x000001a188b23f94: ; ImmutableOopMap {rdx=Oop rdi=Oop }
                      ;*aaload {reexecute=0 rethrow=0 return_oop=0}
                      ; - java.awt.EventQueue::noEvents@12 (line 521)
                      ; - java.awt.EventQueue::dispatchEventImpl@95 (line 732)
                      ;   {runtime_call C1 Runtime throw_null_pointer_exception_blob}
  0x000001a188b23f94: 07e8 c6a1 

  0x000001a188b23f98: ; ImmutableOopMap {rdx=Oop }
                      ;*getfield head {reexecute=1 rethrow=0 return_oop=0}
                      ; - (reexecute) java.awt.EventQueue::noEvents@13 (line 521)
                      ; - java.awt.EventQueue::dispatchEventImpl@95 (line 732)
                      ;   {metadata({method} {0x000001a1db287848} 'noEvents' '()Z' in 'java/awt/EventQueue')}
  0x000001a188b23f98: 2f07 49ba | 4078 28db | a101 0000 | 4c89 5424 | 0848 c704 | 2418 0000 

  0x000001a188b23fb0: ;   {runtime_call C1 Runtime counter_overflow_blob}
  0x000001a188b23fb0: 00e8 aaf6 

  0x000001a188b23fb4: ; ImmutableOopMap {rdx=Oop }
                      ;*goto {reexecute=1 rethrow=0 return_oop=0}
                      ; - (reexecute) java.awt.EventQueue::noEvents@24 (line 520)
                      ; - java.awt.EventQueue::dispatchEventImpl@95 (line 732)
  0x000001a188b23fb4: 2f07 e98f 

  0x000001a188b23fb8: ;   {metadata({method} {0x000001a1db286618} 'getEventLog' '()Lsun/util/logging/PlatformLogger;' in 'java/awt/EventQueue')}
  0x000001a188b23fb8: f0ff ff49 | ba10 6628 | dba1 0100 | 004c 8954 | 2408 48c7 | 0424 ffff 

  0x000001a188b23fd0: ;   {runtime_call C1 Runtime counter_overflow_blob}
  0x000001a188b23fd0: ffff e889 

  0x000001a188b23fd4: ; ImmutableOopMap {[168]=Oop }
                      ;*synchronization entry
                      ; - java.awt.EventQueue::getEventLog@-1 (line 180)
                      ; - java.awt.EventQueue::dispatchEventImpl@111 (line 736)
  0x000001a188b23fd4: f62f 07e9 | 2cf1 ffff | 418b 5078 | 4883 fa00 | 0f84 99f1 | ffff 4889 

  0x000001a188b23fec: ;   {runtime_call g1_pre_barrier_slow}
  0x000001a188b23fec: 1424 e86d | fc2f 07e9 | 8bf1 ffff | 4883 f800 | 0f84 a2f1 | ffff 4c89 

  0x000001a188b24004: ;   {runtime_call g1_post_barrier_slow}
  0x000001a188b24004: 0424 e855 | ff2f 07e9 | 94f1 ffff 

  0x000001a188b24010: ;   {runtime_call C1 Runtime throw_null_pointer_exception_blob}
  0x000001a188b24010: e84b a12f 

  0x000001a188b24014: ; ImmutableOopMap {r8=Oop [168]=Oop }
                      ;*invokevirtual isLoggable {reexecute=0 rethrow=0 return_oop=0}
                      ; - java.awt.EventQueue::dispatchEventImpl@117 (line 736)
                      ;   {metadata({method} {0x000001a1db0fd3b0} 'isLoggable' '(Lsun/util/logging/PlatformLogger$Level;)Z' in 'sun/util/logging/PlatformLogger')}
  0x000001a188b24014: 0749 baa8 | d30f dba1 | 0100 004c | 8954 2408 | 48c7 0424 | ffff ffff 

  0x000001a188b2402c: ;   {runtime_call C1 Runtime counter_overflow_blob}
  0x000001a188b2402c: e82f f62f 

  0x000001a188b24030: ; ImmutableOopMap {r8=Oop [168]=Oop }
                      ;*synchronization entry
                      ; - sun.util.logging.PlatformLogger::isLoggable@-1 (line 336)
                      ; - java.awt.EventQueue::dispatchEventImpl@117 (line 736)
  0x000001a188b24030: 07e9 ccf1 

  0x000001a188b24034: ;   {runtime_call C1 Runtime throw_null_pointer_exception_blob}
  0x000001a188b24034: ffff e825 

  0x000001a188b24038: ; ImmutableOopMap {rdx=Oop [168]=Oop }
                      ;*invokeinterface isLoggable {reexecute=0 rethrow=0 return_oop=0}
                      ; - sun.util.logging.PlatformLogger::isLoggable@17 (line 340)
                      ; - java.awt.EventQueue::dispatchEventImpl@117 (line 736)
                      ;   {metadata({method} {0x000001a1db286618} 'getEventLog' '()Lsun/util/logging/PlatformLogger;' in 'java/awt/EventQueue')}
  0x000001a188b24038: a12f 0749 | ba10 6628 | dba1 0100 | 004c 8954 | 2408 48c7 | 0424 ffff 

  0x000001a188b24050: ;   {runtime_call C1 Runtime counter_overflow_blob}
  0x000001a188b24050: ffff e809 

  0x000001a188b24054: ; ImmutableOopMap {[168]=Oop }
                      ;*synchronization entry
                      ; - java.awt.EventQueue::getEventLog@-1 (line 180)
                      ; - java.awt.EventQueue::dispatchEventImpl@123 (line 737)
  0x000001a188b24054: f62f 07e9 | def2 ffff | 8b72 7848 | 83fe 000f | 844a f3ff | ff48 8934 

  0x000001a188b2406c: ;   {runtime_call g1_pre_barrier_slow}
  0x000001a188b2406c: 24e8 eefb | 2f07 e93c | f3ff ff48 | 83f8 000f | 8453 f3ff | ff48 8914 

  0x000001a188b24084: ;   {runtime_call g1_post_barrier_slow}
  0x000001a188b24084: 24e8 d6fe | 2f07 e945 

  0x000001a188b2408c: ;   {metadata({method} {0x000001a19a47f488} 'valueOf' '(Ljava/lang/Object;)Ljava/lang/String;' in 'java/lang/String')}
  0x000001a188b2408c: f3ff ff49 | ba80 f447 | 9aa1 0100 | 004c 8954 | 2408 48c7 | 0424 ffff 

  0x000001a188b240a4: ;   {runtime_call C1 Runtime counter_overflow_blob}
  0x000001a188b240a4: ffff e8b5 

  0x000001a188b240a8: ; ImmutableOopMap {rsi=Oop r8=Oop [168]=Oop [184]=Oop }
                      ;*synchronization entry
                      ; - java.lang.String::valueOf@-1 (line 4543)
                      ; - java.awt.EventQueue::dispatchEventImpl@127 (line 737)
  0x000001a188b240a8: f52f 07e9 | 7af3 ffff | 49b8 0000 | 0000 0000 | 0000 b800 

  0x000001a188b240bc: ;   {runtime_call C1 Runtime load_appendix_patching_blob}
  0x000001a188b240bc: 0f05 0ae8 

  0x000001a188b240c0: ; ImmutableOopMap {rdi=Oop [184]=Oop }
                      ;*invokedynamic {reexecute=1 rethrow=0 return_oop=0}
                      ; - (reexecute) java.awt.EventQueue::dispatchEventImpl@130 (line 737)
  0x000001a188b240c0: 1cee 2f07 | e957 f4ff 

  0x000001a188b240c8: ;   {runtime_call C1 Runtime throw_null_pointer_exception_blob}
  0x000001a188b240c8: ffe8 92a0 

  0x000001a188b240cc: ; ImmutableOopMap {rax=Oop rsi=Oop [184]=Oop }
                      ;*invokevirtual fine {reexecute=0 rethrow=0 return_oop=0}
                      ; - java.awt.EventQueue::dispatchEventImpl@135 (line 737)
                      ;   {metadata({method} {0x000001a1db0fe008} 'fine' '(Ljava/lang/String;)V' in 'sun/util/logging/PlatformLogger')}
  0x000001a188b240cc: 2f07 49ba | 00e0 0fdb | a101 0000 | 4c89 5424 | 0848 c704 | 24ff ffff 

  0x000001a188b240e4: ;   {runtime_call C1 Runtime counter_overflow_blob}
  0x000001a188b240e4: ffe8 76f5 

  0x000001a188b240e8: ; ImmutableOopMap {rax=Oop rsi=Oop [184]=Oop }
                      ;*synchronization entry
                      ; - sun.util.logging.PlatformLogger::fine@-1 (line 449)
                      ; - java.awt.EventQueue::dispatchEventImpl@135 (line 737)
  0x000001a188b240e8: 2f07 e9cb 

  0x000001a188b240ec: ;   {runtime_call C1 Runtime throw_null_pointer_exception_blob}
  0x000001a188b240ec: f4ff ffe8 

  0x000001a188b240f0: ; ImmutableOopMap {rax=Oop rdx=Oop }
                      ;*invokeinterface log {reexecute=0 rethrow=0 return_oop=0}
                      ; - sun.util.logging.PlatformLogger::fine@12 (line 449)
                      ; - java.awt.EventQueue::dispatchEventImpl@135 (line 737)
  0x000001a188b240f0: 6ca0 2f07 

  0x000001a188b240f4: ;   {internal_word}
  0x000001a188b240f4: 49ba 8c36 | b288 a101 | 0000 4d89 | 9760 0400 

  0x000001a188b24104: ;   {runtime_call SafepointBlob}
  0x000001a188b24104: 00e9 d61b 

  0x000001a188b24108: ;   {runtime_call C1 Runtime throw_null_pointer_exception_blob}
  0x000001a188b24108: 2407 e851 

  0x000001a188b2410c: ; ImmutableOopMap {r8=Oop }
                      ;*invokevirtual stopDispatching {reexecute=0 rethrow=0 return_oop=0}
                      ; - java.awt.EventQueue::dispatchEventImpl@105 (line 733)
                      ;   {metadata({method} {0x000001a1db4c9d18} 'stopDispatching' '()V' in 'java/awt/EventDispatchThread')}
  0x000001a188b2410c: a02f 0749 | ba10 9d4c | dba1 0100 | 004c 8954 | 2408 48c7 | 0424 ffff 

  0x000001a188b24124: ;   {runtime_call C1 Runtime counter_overflow_blob}
  0x000001a188b24124: ffff e835 

  0x000001a188b24128: ; ImmutableOopMap {r8=Oop }
                      ;*synchronization entry
                      ; - java.awt.EventDispatchThread::stopDispatching@-1 (line 85)
                      ; - java.awt.EventQueue::dispatchEventImpl@105 (line 733)
  0x000001a188b24128: f52f 07e9 | bbf5 ffff 

  0x000001a188b24130: ;   {internal_word}
  0x000001a188b24130: 49ba 1337 | b288 a101 | 0000 4d89 | 9760 0400 

  0x000001a188b24140: ;   {runtime_call SafepointBlob}
  0x000001a188b24140: 00e9 9a1b 

  0x000001a188b24144: ;   {metadata(nullptr)}
  0x000001a188b24144: 2407 48bb | 0000 0000 | 0000 0000 | b800 0f05 

  0x000001a188b24154: ;   {runtime_call C1 Runtime load_klass_patching_blob}
  0x000001a188b24154: 0ae8 86e4 

  0x000001a188b24158: ; ImmutableOopMap {r9=Oop r8=Oop [168]=Oop }
                      ;*checkcast {reexecute=1 rethrow=0 return_oop=0}
                      ; - (reexecute) java.awt.EventQueue::dispatchEventImpl@77 (line 730)
  0x000001a188b24158: 2f07 e969 | f6ff ff4c 

  0x000001a188b24160: ;   {runtime_call C1 Runtime throw_class_cast_exception_blob}
  0x000001a188b24160: 890c 24e8 

  0x000001a188b24164: ; ImmutableOopMap {r9=Oop r8=Oop [168]=Oop }
                      ;*checkcast {reexecute=0 rethrow=0 return_oop=0}
                      ; - java.awt.EventQueue::dispatchEventImpl@77 (line 730)
  0x000001a188b24164: f8c7 2f07 

  0x000001a188b24168: ;   {internal_word}
  0x000001a188b24168: 49ba 4d38 | b288 a101 | 0000 4d89 | 9760 0400 

  0x000001a188b24178: ;   {runtime_call SafepointBlob}
  0x000001a188b24178: 00e9 621b | 2407 4c89 

  0x000001a188b24180: ;   {runtime_call C1 Runtime throw_class_cast_exception_blob}
  0x000001a188b24180: 0c24 e8d9 

  0x000001a188b24184: ; ImmutableOopMap {r8=Oop [168]=Oop }
                      ;*checkcast {reexecute=0 rethrow=0 return_oop=0}
                      ; - java.awt.EventQueue::dispatchEventImpl@59 (line 728)
                      ;   {runtime_call C1 Runtime throw_null_pointer_exception_blob}
  0x000001a188b24184: c72f 07e8 

  0x000001a188b24188: ; ImmutableOopMap {r8=Oop rdx=Oop [168]=Oop }
                      ;*invokevirtual dispatchEvent {reexecute=0 rethrow=0 return_oop=0}
                      ; - java.awt.EventQueue::dispatchEventImpl@63 (line 728)
  0x000001a188b24188: d49f 2f07 

  0x000001a188b2418c: ;   {internal_word}
  0x000001a188b2418c: 49ba ed39 | b288 a101 | 0000 4d89 | 9760 0400 

  0x000001a188b2419c: ;   {runtime_call SafepointBlob}
  0x000001a188b2419c: 00e9 3e1b | 2407 4c89 

  0x000001a188b241a4: ;   {runtime_call C1 Runtime throw_class_cast_exception_blob}
  0x000001a188b241a4: 0424 e8b5 

  0x000001a188b241a8: ; ImmutableOopMap {}
                      ;*checkcast {reexecute=0 rethrow=0 return_oop=0}
                      ; - java.awt.EventQueue::dispatchEventImpl@18 (line 723)
                      ;   {runtime_call C1 Runtime throw_null_pointer_exception_blob}
  0x000001a188b241a8: c72f 07e8 

  0x000001a188b241ac: ; ImmutableOopMap {rdx=Oop }
                      ;*invokeinterface dispatch {reexecute=0 rethrow=0 return_oop=0}
                      ; - java.awt.EventQueue::dispatchEventImpl@21 (line 723)
  0x000001a188b241ac: b09f 2f07 

  0x000001a188b241b0: ;   {internal_word}
  0x000001a188b241b0: 49ba dc3b | b288 a101 | 0000 4d89 | 9760 0400 

  0x000001a188b241c0: ;   {runtime_call SafepointBlob}
  0x000001a188b241c0: 00e9 1a1b 

  0x000001a188b241c4: ;   {metadata(nullptr)}
  0x000001a188b241c4: 2407 48ba | 0000 0000 | 0000 0000 | b800 0f05 

  0x000001a188b241d4: ;   {runtime_call C1 Runtime load_klass_patching_blob}
  0x000001a188b241d4: 0ae8 06e4 

  0x000001a188b241d8: ; ImmutableOopMap {[168]=Oop }
                      ;*new {reexecute=1 rethrow=0 return_oop=0}
                      ; - (reexecute) java.lang.invoke.MethodHandles::lookup@8 (line 128)
                      ; - sun.awt.AWTAccessor::ensureClassInitialized@0 (line 1464)
                      ; - sun.awt.AWTAccessor::getInputEventAccessor@10 (line 963)
                      ; - java.awt.AWTEvent::dispatched@7 (line 571)
                      ; - java.awt.EventQueue::dispatchEventImpl@45 (line 726)
  0x000001a188b241d8: 2f07 e909 

  0x000001a188b241dc: ;   {runtime_call C1 Runtime throw_null_pointer_exception_blob}
  0x000001a188b241dc: faff ffe8 

  0x000001a188b241e0: ; ImmutableOopMap {[168]=Oop }
                      ;*new {reexecute=0 rethrow=0 return_oop=0}
                      ; - java.lang.invoke.MethodHandles::lookup@8 (line 128)
                      ; - sun.awt.AWTAccessor::ensureClassInitialized@0 (line 1464)
                      ; - sun.awt.AWTAccessor::getInputEventAccessor@10 (line 963)
                      ; - java.awt.AWTEvent::dispatched@7 (line 571)
                      ; - java.awt.EventQueue::dispatchEventImpl@45 (line 726)
  0x000001a188b241e0: 7c9f 2f07 

  0x000001a188b241e4: ;   {runtime_call C1 Runtime fast_new_instance_init_check_blob}
  0x000001a188b241e4: 488b d2e8 

  0x000001a188b241e8: ; ImmutableOopMap {[168]=Oop }
                      ;*new {reexecute=0 rethrow=0 return_oop=0}
                      ; - java.lang.invoke.MethodHandles::lookup@8 (line 128)
                      ; - sun.awt.AWTAccessor::ensureClassInitialized@0 (line 1464)
                      ; - sun.awt.AWTAccessor::getInputEventAccessor@10 (line 963)
                      ; - java.awt.AWTEvent::dispatched@7 (line 571)
                      ; - java.awt.EventQueue::dispatchEventImpl@45 (line 726)
  0x000001a188b241e8: 74af 2f07 | e95c faff | ff4c 8904 

  0x000001a188b241f4: ;   {runtime_call C1 Runtime throw_class_cast_exception_blob}
  0x000001a188b241f4: 24e8 66c7 

  0x000001a188b241f8: ; ImmutableOopMap {rsi=Oop }
                      ;*checkcast {reexecute=0 rethrow=0 return_oop=0}
                      ; - java.awt.AWTEvent::dispatched@11 (line 571)
                      ; - java.awt.EventQueue::dispatchEventImpl@45 (line 726)
                      ;   {runtime_call C1 Runtime throw_incompatible_class_change_error_blob}
  0x000001a188b241f8: 2f07 e861 

  0x000001a188b241fc: ; ImmutableOopMap {rsi=Oop rdi=Oop }
                      ;*invokeinterface setCanAccessSystemClipboard {reexecute=0 rethrow=0 return_oop=0}
                      ; - java.awt.AWTEvent::dispatched@15 (line 572)
                      ; - java.awt.EventQueue::dispatchEventImpl@45 (line 726)
                      ;   {runtime_call C1 Runtime throw_null_pointer_exception_blob}
  0x000001a188b241fc: ca2f 07e8 

  0x000001a188b24200: ; ImmutableOopMap {rsi=Oop rdi=Oop }
                      ;*invokeinterface setCanAccessSystemClipboard {reexecute=0 rethrow=0 return_oop=0}
                      ; - java.awt.AWTEvent::dispatched@15 (line 572)
                      ; - java.awt.EventQueue::dispatchEventImpl@45 (line 726)
  0x000001a188b24200: 5c9f 2f07 

  0x000001a188b24204: ;   {metadata({method} {0x000001a1db132e50} 'setCanAccessSystemClipboard' '(Ljava/awt/event/InputEvent;Z)V' in 'java/awt/event/InputEvent$1')}
  0x000001a188b24204: 49ba 482e | 13db a101 | 0000 4c89 | 5424 0848 | c704 24ff 

  0x000001a188b24218: ;   {runtime_call C1 Runtime counter_overflow_blob}
  0x000001a188b24218: ffff ffe8 

  0x000001a188b2421c: ; ImmutableOopMap {rdi=Oop }
                      ;*synchronization entry
                      ; - java.awt.event.InputEvent$1::setCanAccessSystemClipboard@-1 (line 338)
                      ; - java.awt.AWTEvent::dispatched@15 (line 572)
                      ; - java.awt.EventQueue::dispatchEventImpl@45 (line 726)
  0x000001a188b2421c: 40f4 2f07 | e9f0 fbff 

  0x000001a188b24224: ;   {runtime_call C1 Runtime throw_null_pointer_exception_blob}
  0x000001a188b24224: ffe8 369f 

  0x000001a188b24228: ; ImmutableOopMap {}
                      ;*putfield canAccessSystemClipboard {reexecute=1 rethrow=0 return_oop=0}
                      ; - (reexecute) java.awt.event.InputEvent$1::setCanAccessSystemClipboard@2 (line 338)
                      ; - java.awt.AWTEvent::dispatched@15 (line 572)
                      ; - java.awt.EventQueue::dispatchEventImpl@45 (line 726)
                      ;   {internal_word}
  0x000001a188b24228: 2f07 49ba | 313e b288 | a101 0000 | 4d89 9760 

  0x000001a188b24238: ;   {runtime_call SafepointBlob}
  0x000001a188b24238: 0400 00e9 | a01a 2407 | 498b 8708 | 0500 0049 | c787 0805 | 0000 0000 | 0000 49c7 | 8710 0500 
  0x000001a188b24258: 0000 0000 | 0048 81c4 | d000 0000 

  0x000001a188b24264: ;   {runtime_call C1 Runtime unwind_exception_blob}
  0x000001a188b24264: 5de9 768b | 2f07 f4f4 | f4f4 f4f4 
[Stub Code]
  0x000001a188b24270: ;   {no_reloc}
  0x000001a188b24270: 0f1f 4400 

  0x000001a188b24274: ;   {static_stub}
  0x000001a188b24274: 0048 bb00 | 0000 0000 

  0x000001a188b2427c: ;   {runtime_call nmethod}
  0x000001a188b2427c: 0000 00e9 | fbff ffff 

  0x000001a188b24284: ;   {static_stub}
  0x000001a188b24284: 9048 bb00 | 0000 0000 

  0x000001a188b2428c: ;   {runtime_call nmethod}
  0x000001a188b2428c: 0000 00e9 | fbff ffff 

  0x000001a188b24294: ;   {static_stub}
  0x000001a188b24294: 9048 bb00 | 0000 0000 

  0x000001a188b2429c: ;   {runtime_call nmethod}
  0x000001a188b2429c: 0000 00e9 | fbff ffff 

  0x000001a188b242a4: ;   {static_stub}
  0x000001a188b242a4: 9048 bb00 | 0000 0000 

  0x000001a188b242ac: ;   {runtime_call nmethod}
  0x000001a188b242ac: 0000 00e9 | fbff ffff 

  0x000001a188b242b4: ;   {static_stub}
  0x000001a188b242b4: 9048 bb00 | 0000 0000 

  0x000001a188b242bc: ;   {runtime_call nmethod}
  0x000001a188b242bc: 0000 00e9 | fbff ffff 

  0x000001a188b242c4: ;   {static_stub}
  0x000001a188b242c4: 9048 bb00 | 0000 0000 

  0x000001a188b242cc: ;   {runtime_call nmethod}
  0x000001a188b242cc: 0000 00e9 | fbff ffff 

  0x000001a188b242d4: ;   {static_stub}
  0x000001a188b242d4: 9048 bb00 | 0000 0000 

  0x000001a188b242dc: ;   {runtime_call nmethod}
  0x000001a188b242dc: 0000 00e9 | fbff ffff 

  0x000001a188b242e4: ;   {static_stub}
  0x000001a188b242e4: 9048 bb00 | 0000 0000 

  0x000001a188b242ec: ;   {runtime_call nmethod}
  0x000001a188b242ec: 0000 00e9 | fbff ffff 

  0x000001a188b242f4: ;   {static_stub}
  0x000001a188b242f4: 9048 bb00 | 0000 0000 

  0x000001a188b242fc: ;   {runtime_call nmethod}
  0x000001a188b242fc: 0000 00e9 | fbff ffff 

  0x000001a188b24304: ;   {static_stub}
  0x000001a188b24304: 48bb 0000 | 0000 0000 

  0x000001a188b2430c: ;   {runtime_call nmethod}
  0x000001a188b2430c: 0000 e9fb 

  0x000001a188b24310: ;   {static_stub}
  0x000001a188b24310: ffff ff48 | bb00 0000 | 0000 0000 

  0x000001a188b2431c: ;   {runtime_call nmethod}
  0x000001a188b2431c: 00e9 fbff 

  0x000001a188b24320: ;   {static_stub}
  0x000001a188b24320: ffff 48bb | 0000 0000 | 0000 0000 

  0x000001a188b2432c: ;   {runtime_call nmethod}
  0x000001a188b2432c: e9fb ffff 

  0x000001a188b24330: ;   {static_stub}
  0x000001a188b24330: ff48 bb00 | 0000 0000 

  0x000001a188b24338: ;   {runtime_call nmethod}
  0x000001a188b24338: 0000 00e9 | fbff ffff 

  0x000001a188b24340: ;   {static_stub}
  0x000001a188b24340: 48bb 0000 | 0000 0000 

  0x000001a188b24348: ;   {runtime_call nmethod}
  0x000001a188b24348: 0000 e9fb 

  0x000001a188b2434c: ;   {runtime_call C1 Runtime handle_exception_from_callee_blob}
  0x000001a188b2434c: ffff ffe8 | 0cc0 2f07 

  0x000001a188b24354: ;   {external_word}
  0x000001a188b24354: 48b9 08ec | 5575 ff7f | 0000 4883 

  0x000001a188b24360: ;   {runtime_call}
  0x000001a188b24360: e4f0 48b8 | 30a8 1c75 | ff7f 0000 

  0x000001a188b2436c: ;   {section_word}
  0x000001a188b2436c: ffd0 f449 | ba6f 43b2 | 88a1 0100 

  0x000001a188b24378: ;   {runtime_call DeoptimizationBlob}
  0x000001a188b24378: 0041 52e9 | 000f 2407 
[/MachCode]


---------------  P R O C E S S  ---------------

Threads class SMR info:
_java_thread_list=0x000001a1e4d1b070, length=18, elements={
0x000001a1999843a0, 0x000001a199984ae0, 0x000001a199985740, 0x000001a199988890,
0x000001a1999893c0, 0x000001a199989ef0, 0x000001a1999932a0, 0x000001a19999ece0,
0x000001a199ab4b20, 0x000001a199b36560, 0x000001a199ce0030, 0x000001a199ce0770,
0x000001a199ce0eb0, 0x000001a1df4834c0, 0x000001a1fa68f380, 0x000001a1e4a41a10,
0x000001a1e4a56540, 0x000001a1e4de6a10
}

Java Threads: ( => current thread )
  0x000001a1999843a0 JavaThread "Reference Handler"          daemon [_thread_blocked, id=3732, stack(0x0000006ff8000000,0x0000006ff8100000) (1024K)]
  0x000001a199984ae0 JavaThread "Finalizer"                  daemon [_thread_blocked, id=13456, stack(0x0000006ff8100000,0x0000006ff8200000) (1024K)]
  0x000001a199985740 JavaThread "Signal Dispatcher"          daemon [_thread_blocked, id=14540, stack(0x0000006ff8200000,0x0000006ff8300000) (1024K)]
  0x000001a199988890 JavaThread "Attach Listener"            daemon [_thread_blocked, id=4408, stack(0x0000006ff8300000,0x0000006ff8400000) (1024K)]
  0x000001a1999893c0 JavaThread "Service Thread"             daemon [_thread_blocked, id=3976, stack(0x0000006ff8400000,0x0000006ff8500000) (1024K)]
  0x000001a199989ef0 JavaThread "Monitor Deflation Thread"   daemon [_thread_blocked, id=1712, stack(0x0000006ff8500000,0x0000006ff8600000) (1024K)]
  0x000001a1999932a0 JavaThread "C2 CompilerThread0"         daemon [_thread_blocked, id=11068, stack(0x0000006ff8600000,0x0000006ff8700000) (1024K)]
  0x000001a19999ece0 JavaThread "C1 CompilerThread0"         daemon [_thread_blocked, id=3380, stack(0x0000006ff8700000,0x0000006ff8800000) (1024K)]
  0x000001a199ab4b20 JavaThread "Common-Cleaner"             daemon [_thread_blocked, id=14636, stack(0x0000006ff8800000,0x0000006ff8900000) (1024K)]
  0x000001a199b36560 JavaThread "Notification Thread"        daemon [_thread_blocked, id=1836, stack(0x0000006ff8900000,0x0000006ff8a00000) (1024K)]
  0x000001a199ce0030 JavaThread "Java2D Disposer"            daemon [_thread_blocked, id=2476, stack(0x0000006ff8b00000,0x0000006ff8c00000) (1024K)]
  0x000001a199ce0770 JavaThread "AWT-Shutdown"                      [_thread_blocked, id=13000, stack(0x0000006ff8c00000,0x0000006ff8d00000) (1024K)]
  0x000001a199ce0eb0 JavaThread "AWT-Windows"                daemon [_thread_in_native, id=5036, stack(0x0000006ff8d00000,0x0000006ff8e00000) (1024K)]
=>0x000001a1df4834c0 JavaThread "AWT-EventQueue-0"                  [_thread_in_native, id=9220, stack(0x0000006ff8a00000,0x0000006ff8b00000) (1024K)]
  0x000001a1fa68f380 JavaThread "DestroyJavaVM"                     [_thread_blocked, id=13552, stack(0x0000006ff7800000,0x0000006ff7900000) (1024K)]
  0x000001a1e4a41a10 JavaThread "TimerQueue"                 daemon [_thread_blocked, id=12996, stack(0x0000006ff9b00000,0x0000006ff9c00000) (1024K)]
  0x000001a1e4a56540 JavaThread "D3D Screen Updater"         daemon [_thread_blocked, id=2384, stack(0x0000006ff9900000,0x0000006ff9a00000) (1024K)]
  0x000001a1e4de6a10 JavaThread "mysql-cj-abandoned-connection-cleanup" daemon [_thread_blocked, id=6020, stack(0x0000006ff9c00000,0x0000006ff9d00000) (1024K)]
Total: 18

Other Threads:
  0x000001a199972fc0 VMThread "VM Thread"                           [id=13708, stack(0x0000006ff7f00000,0x0000006ff8000000) (1024K)]
  0x000001a199840df0 WatcherThread "VM Periodic Task Thread"        [id=10316, stack(0x0000006ff7e00000,0x0000006ff7f00000) (1024K)]
  0x000001a1fc9bc4a0 WorkerThread "GC Thread#0"                     [id=14420, stack(0x0000006ff7900000,0x0000006ff7a00000) (1024K)]
  0x000001a1fc9d0d40 ConcurrentGCThread "G1 Main Marker"            [id=9960, stack(0x0000006ff7a00000,0x0000006ff7b00000) (1024K)]
  0x000001a1fc9d5060 WorkerThread "G1 Conc#0"                       [id=10188, stack(0x0000006ff7b00000,0x0000006ff7c00000) (1024K)]
  0x000001a1998375a0 ConcurrentGCThread "G1 Refine#0"               [id=15144, stack(0x0000006ff7c00000,0x0000006ff7d00000) (1024K)]
  0x000001a199837dd0 ConcurrentGCThread "G1 Service"                [id=14388, stack(0x0000006ff7d00000,0x0000006ff7e00000) (1024K)]
Total: 7

Threads with active compile tasks:
Total: 0

VM state: not at safepoint (normal execution)

VM Mutex/Monitor currently owned by a thread: None

Heap address: 0x0000000089800000, size: 1896 MB, Compressed Oops mode: 32-bit

CDS archive(s) mapped at: [0x000001a19a000000-0x000001a19ad40000-0x000001a19ad40000), size 13893632, SharedBaseAddress: 0x000001a19a000000, ArchiveRelocationMode: 1.
Compressed class space mapped at: 0x000001a19b000000-0x000001a1db000000, reserved size: 1073741824
UseCompressedClassPointers 1, UseCompactObjectHeaders 0
Narrow klass pointer bits 32, Max shift 3
Narrow klass base: 0x000001a19a000000, Narrow klass shift: 0
Encoding Range: [0x000001a19a000000 - 0x000001a29a000000), (4294967296 bytes)
Klass Range:    [0x000001a19a000000 - 0x000001a1db000000), (1090519040 bytes)
Klass ID Range:  [8 - 1090519033) (1090519025)

GC Precious Log:
 CardTable entry size: 512
 Card Set container configuration: InlinePtr #cards 5 size 8 Array Of Cards #cards 10 size 36 Howl #buckets 4 coarsen threshold 1843 Howl Bitmap #cards 512 size 80 coarsen threshold 460 Card regions per heap region 1 cards per card region 2048
 CPUs: 12 total, 12 available
 Memory: 7580M
 Large Page Support: Disabled
 NUMA Support: Disabled
 Compressed Oops: Enabled (32-bit)
 Heap Region Size: 1M
 Heap Min Capacity: 8M
 Heap Initial Capacity: 120M
 Heap Max Capacity: 1896M
 Pre-touch: Disabled
 Parallel Workers: 10
 Concurrent Workers: 3
 Concurrent Refinement Workers: 10
 Periodic GC: Disabled

Heap:
 garbage-first heap   total reserved 1941504K, committed 124928K, used 42100K [0x0000000089800000, 0x0000000100000000)
  region size 1024K, 38 young (38912K), 0 survivors (0K)
 Metaspace       used 17114K, committed 17344K, reserved 1114112K
  class space    used 1623K, committed 1728K, reserved 1048576K

Heap Regions: E=young(eden), S=young(survivor), O=old, HS=humongous(starts), HC=humongous(continues), CS=collection set, F=free, TAMS=top-at-mark-start, PB=parsable bottom
|   0|0x0000000089800000, 0x0000000089900000, 0x0000000089900000|100%|HS|  |TAMS 0x0000000089800000| PB 0x0000000089800000| Complete |  0
|   1|0x0000000089900000, 0x0000000089a00000, 0x0000000089a00000|100%|HC|  |TAMS 0x0000000089900000| PB 0x0000000089900000| Complete |  0
|   2|0x0000000089a00000, 0x0000000089b00000, 0x0000000089b00000|100%|HC|  |TAMS 0x0000000089a00000| PB 0x0000000089a00000| Complete |  0
|   3|0x0000000089b00000, 0x0000000089b00000, 0x0000000089c00000|  0%| F|  |TAMS 0x0000000089b00000| PB 0x0000000089b00000| Untracked |  0
|   4|0x0000000089c00000, 0x0000000089c00000, 0x0000000089d00000|  0%| F|  |TAMS 0x0000000089c00000| PB 0x0000000089c00000| Untracked |  0
|   5|0x0000000089d00000, 0x0000000089d00000, 0x0000000089e00000|  0%| F|  |TAMS 0x0000000089d00000| PB 0x0000000089d00000| Untracked |  0
|   6|0x0000000089e00000, 0x0000000089e00000, 0x0000000089f00000|  0%| F|  |TAMS 0x0000000089e00000| PB 0x0000000089e00000| Untracked |  0
|   7|0x0000000089f00000, 0x0000000089f00000, 0x000000008a000000|  0%| F|  |TAMS 0x0000000089f00000| PB 0x0000000089f00000| Untracked |  0
|   8|0x000000008a000000, 0x000000008a000000, 0x000000008a100000|  0%| F|  |TAMS 0x000000008a000000| PB 0x000000008a000000| Untracked |  0
|   9|0x000000008a100000, 0x000000008a100000, 0x000000008a200000|  0%| F|  |TAMS 0x000000008a100000| PB 0x000000008a100000| Untracked |  0
|  10|0x000000008a200000, 0x000000008a200000, 0x000000008a300000|  0%| F|  |TAMS 0x000000008a200000| PB 0x000000008a200000| Untracked |  0
|  11|0x000000008a300000, 0x000000008a300000, 0x000000008a400000|  0%| F|  |TAMS 0x000000008a300000| PB 0x000000008a300000| Untracked |  0
|  12|0x000000008a400000, 0x000000008a400000, 0x000000008a500000|  0%| F|  |TAMS 0x000000008a400000| PB 0x000000008a400000| Untracked |  0
|  13|0x000000008a500000, 0x000000008a500000, 0x000000008a600000|  0%| F|  |TAMS 0x000000008a500000| PB 0x000000008a500000| Untracked |  0
|  14|0x000000008a600000, 0x000000008a600000, 0x000000008a700000|  0%| F|  |TAMS 0x000000008a600000| PB 0x000000008a600000| Untracked |  0
|  15|0x000000008a700000, 0x000000008a700000, 0x000000008a800000|  0%| F|  |TAMS 0x000000008a700000| PB 0x000000008a700000| Untracked |  0
|  16|0x000000008a800000, 0x000000008a800000, 0x000000008a900000|  0%| F|  |TAMS 0x000000008a800000| PB 0x000000008a800000| Untracked |  0
|  17|0x000000008a900000, 0x000000008a900000, 0x000000008aa00000|  0%| F|  |TAMS 0x000000008a900000| PB 0x000000008a900000| Untracked |  0
|  18|0x000000008aa00000, 0x000000008aa00000, 0x000000008ab00000|  0%| F|  |TAMS 0x000000008aa00000| PB 0x000000008aa00000| Untracked |  0
|  19|0x000000008ab00000, 0x000000008ab00000, 0x000000008ac00000|  0%| F|  |TAMS 0x000000008ab00000| PB 0x000000008ab00000| Untracked |  0
|  20|0x000000008ac00000, 0x000000008ac00000, 0x000000008ad00000|  0%| F|  |TAMS 0x000000008ac00000| PB 0x000000008ac00000| Untracked |  0
|  21|0x000000008ad00000, 0x000000008ad00000, 0x000000008ae00000|  0%| F|  |TAMS 0x000000008ad00000| PB 0x000000008ad00000| Untracked |  0
|  22|0x000000008ae00000, 0x000000008ae00000, 0x000000008af00000|  0%| F|  |TAMS 0x000000008ae00000| PB 0x000000008ae00000| Untracked |  0
|  23|0x000000008af00000, 0x000000008af00000, 0x000000008b000000|  0%| F|  |TAMS 0x000000008af00000| PB 0x000000008af00000| Untracked |  0
|  24|0x000000008b000000, 0x000000008b000000, 0x000000008b100000|  0%| F|  |TAMS 0x000000008b000000| PB 0x000000008b000000| Untracked |  0
|  25|0x000000008b100000, 0x000000008b100000, 0x000000008b200000|  0%| F|  |TAMS 0x000000008b100000| PB 0x000000008b100000| Untracked |  0
|  26|0x000000008b200000, 0x000000008b200000, 0x000000008b300000|  0%| F|  |TAMS 0x000000008b200000| PB 0x000000008b200000| Untracked |  0
|  27|0x000000008b300000, 0x000000008b300000, 0x000000008b400000|  0%| F|  |TAMS 0x000000008b300000| PB 0x000000008b300000| Untracked |  0
|  28|0x000000008b400000, 0x000000008b400000, 0x000000008b500000|  0%| F|  |TAMS 0x000000008b400000| PB 0x000000008b400000| Untracked |  0
|  29|0x000000008b500000, 0x000000008b500000, 0x000000008b600000|  0%| F|  |TAMS 0x000000008b500000| PB 0x000000008b500000| Untracked |  0
|  30|0x000000008b600000, 0x000000008b600000, 0x000000008b700000|  0%| F|  |TAMS 0x000000008b600000| PB 0x000000008b600000| Untracked |  0
|  31|0x000000008b700000, 0x000000008b700000, 0x000000008b800000|  0%| F|  |TAMS 0x000000008b700000| PB 0x000000008b700000| Untracked |  0
|  32|0x000000008b800000, 0x000000008b800000, 0x000000008b900000|  0%| F|  |TAMS 0x000000008b800000| PB 0x000000008b800000| Untracked |  0
|  33|0x000000008b900000, 0x000000008b900000, 0x000000008ba00000|  0%| F|  |TAMS 0x000000008b900000| PB 0x000000008b900000| Untracked |  0
|  34|0x000000008ba00000, 0x000000008ba00000, 0x000000008bb00000|  0%| F|  |TAMS 0x000000008ba00000| PB 0x000000008ba00000| Untracked |  0
|  35|0x000000008bb00000, 0x000000008bb00000, 0x000000008bc00000|  0%| F|  |TAMS 0x000000008bb00000| PB 0x000000008bb00000| Untracked |  0
|  36|0x000000008bc00000, 0x000000008bc00000, 0x000000008bd00000|  0%| F|  |TAMS 0x000000008bc00000| PB 0x000000008bc00000| Untracked |  0
|  37|0x000000008bd00000, 0x000000008bd00000, 0x000000008be00000|  0%| F|  |TAMS 0x000000008bd00000| PB 0x000000008bd00000| Untracked |  0
|  38|0x000000008be00000, 0x000000008be00000, 0x000000008bf00000|  0%| F|  |TAMS 0x000000008be00000| PB 0x000000008be00000| Untracked |  0
|  39|0x000000008bf00000, 0x000000008bf00000, 0x000000008c000000|  0%| F|  |TAMS 0x000000008bf00000| PB 0x000000008bf00000| Untracked |  0
|  40|0x000000008c000000, 0x000000008c000000, 0x000000008c100000|  0%| F|  |TAMS 0x000000008c000000| PB 0x000000008c000000| Untracked |  0
|  41|0x000000008c100000, 0x000000008c100000, 0x000000008c200000|  0%| F|  |TAMS 0x000000008c100000| PB 0x000000008c100000| Untracked |  0
|  42|0x000000008c200000, 0x000000008c200000, 0x000000008c300000|  0%| F|  |TAMS 0x000000008c200000| PB 0x000000008c200000| Untracked |  0
|  43|0x000000008c300000, 0x000000008c300000, 0x000000008c400000|  0%| F|  |TAMS 0x000000008c300000| PB 0x000000008c300000| Untracked |  0
|  44|0x000000008c400000, 0x000000008c400000, 0x000000008c500000|  0%| F|  |TAMS 0x000000008c400000| PB 0x000000008c400000| Untracked |  0
|  45|0x000000008c500000, 0x000000008c500000, 0x000000008c600000|  0%| F|  |TAMS 0x000000008c500000| PB 0x000000008c500000| Untracked |  0
|  46|0x000000008c600000, 0x000000008c600000, 0x000000008c700000|  0%| F|  |TAMS 0x000000008c600000| PB 0x000000008c600000| Untracked |  0
|  47|0x000000008c700000, 0x000000008c700000, 0x000000008c800000|  0%| F|  |TAMS 0x000000008c700000| PB 0x000000008c700000| Untracked |  0
|  48|0x000000008c800000, 0x000000008c800000, 0x000000008c900000|  0%| F|  |TAMS 0x000000008c800000| PB 0x000000008c800000| Untracked |  0
|  49|0x000000008c900000, 0x000000008c900000, 0x000000008ca00000|  0%| F|  |TAMS 0x000000008c900000| PB 0x000000008c900000| Untracked |  0
|  50|0x000000008ca00000, 0x000000008ca00000, 0x000000008cb00000|  0%| F|  |TAMS 0x000000008ca00000| PB 0x000000008ca00000| Untracked |  0
|  51|0x000000008cb00000, 0x000000008cb00000, 0x000000008cc00000|  0%| F|  |TAMS 0x000000008cb00000| PB 0x000000008cb00000| Untracked |  0
|  52|0x000000008cc00000, 0x000000008cc00000, 0x000000008cd00000|  0%| F|  |TAMS 0x000000008cc00000| PB 0x000000008cc00000| Untracked |  0
|  53|0x000000008cd00000, 0x000000008cd00000, 0x000000008ce00000|  0%| F|  |TAMS 0x000000008cd00000| PB 0x000000008cd00000| Untracked |  0
|  54|0x000000008ce00000, 0x000000008ce00000, 0x000000008cf00000|  0%| F|  |TAMS 0x000000008ce00000| PB 0x000000008ce00000| Untracked |  0
|  55|0x000000008cf00000, 0x000000008cf00000, 0x000000008d000000|  0%| F|  |TAMS 0x000000008cf00000| PB 0x000000008cf00000| Untracked |  0
|  56|0x000000008d000000, 0x000000008d000000, 0x000000008d100000|  0%| F|  |TAMS 0x000000008d000000| PB 0x000000008d000000| Untracked |  0
|  57|0x000000008d100000, 0x000000008d100000, 0x000000008d200000|  0%| F|  |TAMS 0x000000008d100000| PB 0x000000008d100000| Untracked |  0
|  58|0x000000008d200000, 0x000000008d200000, 0x000000008d300000|  0%| F|  |TAMS 0x000000008d200000| PB 0x000000008d200000| Untracked |  0
|  59|0x000000008d300000, 0x000000008d300000, 0x000000008d400000|  0%| F|  |TAMS 0x000000008d300000| PB 0x000000008d300000| Untracked |  0
|  60|0x000000008d400000, 0x000000008d400000, 0x000000008d500000|  0%| F|  |TAMS 0x000000008d400000| PB 0x000000008d400000| Untracked |  0
|  61|0x000000008d500000, 0x000000008d500000, 0x000000008d600000|  0%| F|  |TAMS 0x000000008d500000| PB 0x000000008d500000| Untracked |  0
|  62|0x000000008d600000, 0x000000008d600000, 0x000000008d700000|  0%| F|  |TAMS 0x000000008d600000| PB 0x000000008d600000| Untracked |  0
|  63|0x000000008d700000, 0x000000008d700000, 0x000000008d800000|  0%| F|  |TAMS 0x000000008d700000| PB 0x000000008d700000| Untracked |  0
|  64|0x000000008d800000, 0x000000008d800000, 0x000000008d900000|  0%| F|  |TAMS 0x000000008d800000| PB 0x000000008d800000| Untracked |  0
|  65|0x000000008d900000, 0x000000008d900000, 0x000000008da00000|  0%| F|  |TAMS 0x000000008d900000| PB 0x000000008d900000| Untracked |  0
|  66|0x000000008da00000, 0x000000008da00000, 0x000000008db00000|  0%| F|  |TAMS 0x000000008da00000| PB 0x000000008da00000| Untracked |  0
|  67|0x000000008db00000, 0x000000008db00000, 0x000000008dc00000|  0%| F|  |TAMS 0x000000008db00000| PB 0x000000008db00000| Untracked |  0
|  68|0x000000008dc00000, 0x000000008dc00000, 0x000000008dd00000|  0%| F|  |TAMS 0x000000008dc00000| PB 0x000000008dc00000| Untracked |  0
|  69|0x000000008dd00000, 0x000000008dd00000, 0x000000008de00000|  0%| F|  |TAMS 0x000000008dd00000| PB 0x000000008dd00000| Untracked |  0
|  70|0x000000008de00000, 0x000000008de00000, 0x000000008df00000|  0%| F|  |TAMS 0x000000008de00000| PB 0x000000008de00000| Untracked |  0
|  71|0x000000008df00000, 0x000000008df00000, 0x000000008e000000|  0%| F|  |TAMS 0x000000008df00000| PB 0x000000008df00000| Untracked |  0
|  72|0x000000008e000000, 0x000000008e000000, 0x000000008e100000|  0%| F|  |TAMS 0x000000008e000000| PB 0x000000008e000000| Untracked |  0
|  73|0x000000008e100000, 0x000000008e100000, 0x000000008e200000|  0%| F|  |TAMS 0x000000008e100000| PB 0x000000008e100000| Untracked |  0
|  74|0x000000008e200000, 0x000000008e200000, 0x000000008e300000|  0%| F|  |TAMS 0x000000008e200000| PB 0x000000008e200000| Untracked |  0
|  75|0x000000008e300000, 0x000000008e300000, 0x000000008e400000|  0%| F|  |TAMS 0x000000008e300000| PB 0x000000008e300000| Untracked |  0
|  76|0x000000008e400000, 0x000000008e400000, 0x000000008e500000|  0%| F|  |TAMS 0x000000008e400000| PB 0x000000008e400000| Untracked |  0
|  77|0x000000008e500000, 0x000000008e500000, 0x000000008e600000|  0%| F|  |TAMS 0x000000008e500000| PB 0x000000008e500000| Untracked |  0
|  78|0x000000008e600000, 0x000000008e600000, 0x000000008e700000|  0%| F|  |TAMS 0x000000008e600000| PB 0x000000008e600000| Untracked |  0
|  79|0x000000008e700000, 0x000000008e700000, 0x000000008e800000|  0%| F|  |TAMS 0x000000008e700000| PB 0x000000008e700000| Untracked |  0
|  80|0x000000008e800000, 0x000000008e800000, 0x000000008e900000|  0%| F|  |TAMS 0x000000008e800000| PB 0x000000008e800000| Untracked |  0
|  81|0x000000008e900000, 0x000000008e900000, 0x000000008ea00000|  0%| F|  |TAMS 0x000000008e900000| PB 0x000000008e900000| Untracked |  0
|  82|0x000000008ea00000, 0x000000008eb00000, 0x000000008eb00000|100%| E|  |TAMS 0x000000008ea00000| PB 0x000000008ea00000| Complete |  0
|  83|0x000000008eb00000, 0x000000008ec00000, 0x000000008ec00000|100%| E|CS|TAMS 0x000000008eb00000| PB 0x000000008eb00000| Complete |  0
|  84|0x000000008ec00000, 0x000000008ed00000, 0x000000008ed00000|100%| E|CS|TAMS 0x000000008ec00000| PB 0x000000008ec00000| Complete |  0
|  85|0x000000008ed00000, 0x000000008ee00000, 0x000000008ee00000|100%| E|CS|TAMS 0x000000008ed00000| PB 0x000000008ed00000| Complete |  0
|  86|0x000000008ee00000, 0x000000008ef00000, 0x000000008ef00000|100%| E|CS|TAMS 0x000000008ee00000| PB 0x000000008ee00000| Complete |  0
|  87|0x000000008ef00000, 0x000000008f000000, 0x000000008f000000|100%| E|CS|TAMS 0x000000008ef00000| PB 0x000000008ef00000| Complete |  0
|  88|0x000000008f000000, 0x000000008f100000, 0x000000008f100000|100%| E|CS|TAMS 0x000000008f000000| PB 0x000000008f000000| Complete |  0
|  89|0x000000008f100000, 0x000000008f200000, 0x000000008f200000|100%| E|CS|TAMS 0x000000008f100000| PB 0x000000008f100000| Complete |  0
|  90|0x000000008f200000, 0x000000008f300000, 0x000000008f300000|100%| E|CS|TAMS 0x000000008f200000| PB 0x000000008f200000| Complete |  0
|  91|0x000000008f300000, 0x000000008f400000, 0x000000008f400000|100%| E|CS|TAMS 0x000000008f300000| PB 0x000000008f300000| Complete |  0
|  92|0x000000008f400000, 0x000000008f500000, 0x000000008f500000|100%| E|CS|TAMS 0x000000008f400000| PB 0x000000008f400000| Complete |  0
|  93|0x000000008f500000, 0x000000008f600000, 0x000000008f600000|100%| E|CS|TAMS 0x000000008f500000| PB 0x000000008f500000| Complete |  0
|  94|0x000000008f600000, 0x000000008f700000, 0x000000008f700000|100%| E|CS|TAMS 0x000000008f600000| PB 0x000000008f600000| Complete |  0
|  95|0x000000008f700000, 0x000000008f800000, 0x000000008f800000|100%| E|CS|TAMS 0x000000008f700000| PB 0x000000008f700000| Complete |  0
|  96|0x000000008f800000, 0x000000008f900000, 0x000000008f900000|100%| E|CS|TAMS 0x000000008f800000| PB 0x000000008f800000| Complete |  0
|  97|0x000000008f900000, 0x000000008fa00000, 0x000000008fa00000|100%| E|CS|TAMS 0x000000008f900000| PB 0x000000008f900000| Complete |  0
|  98|0x000000008fa00000, 0x000000008fb00000, 0x000000008fb00000|100%| E|CS|TAMS 0x000000008fa00000| PB 0x000000008fa00000| Complete |  0
|  99|0x000000008fb00000, 0x000000008fc00000, 0x000000008fc00000|100%| E|CS|TAMS 0x000000008fb00000| PB 0x000000008fb00000| Complete |  0
| 100|0x000000008fc00000, 0x000000008fd00000, 0x000000008fd00000|100%| E|CS|TAMS 0x000000008fc00000| PB 0x000000008fc00000| Complete |  0
| 101|0x000000008fd00000, 0x000000008fe00000, 0x000000008fe00000|100%| E|CS|TAMS 0x000000008fd00000| PB 0x000000008fd00000| Complete |  0
| 102|0x000000008fe00000, 0x000000008ff00000, 0x000000008ff00000|100%| E|CS|TAMS 0x000000008fe00000| PB 0x000000008fe00000| Complete |  0
| 103|0x000000008ff00000, 0x0000000090000000, 0x0000000090000000|100%| E|CS|TAMS 0x000000008ff00000| PB 0x000000008ff00000| Complete |  0
| 104|0x0000000090000000, 0x0000000090100000, 0x0000000090100000|100%| E|CS|TAMS 0x0000000090000000| PB 0x0000000090000000| Complete |  0
| 105|0x0000000090100000, 0x0000000090200000, 0x0000000090200000|100%| E|CS|TAMS 0x0000000090100000| PB 0x0000000090100000| Complete |  0
| 106|0x0000000090200000, 0x0000000090300000, 0x0000000090300000|100%| E|CS|TAMS 0x0000000090200000| PB 0x0000000090200000| Complete |  0
| 107|0x0000000090300000, 0x0000000090400000, 0x0000000090400000|100%| E|CS|TAMS 0x0000000090300000| PB 0x0000000090300000| Complete |  0
| 108|0x0000000090400000, 0x0000000090500000, 0x0000000090500000|100%| E|CS|TAMS 0x0000000090400000| PB 0x0000000090400000| Complete |  0
| 109|0x0000000090500000, 0x0000000090600000, 0x0000000090600000|100%| E|CS|TAMS 0x0000000090500000| PB 0x0000000090500000| Complete |  0
| 110|0x0000000090600000, 0x0000000090700000, 0x0000000090700000|100%| E|CS|TAMS 0x0000000090600000| PB 0x0000000090600000| Complete |  0
| 111|0x0000000090700000, 0x0000000090800000, 0x0000000090800000|100%| E|CS|TAMS 0x0000000090700000| PB 0x0000000090700000| Complete |  0
| 112|0x0000000090800000, 0x0000000090900000, 0x0000000090900000|100%| E|CS|TAMS 0x0000000090800000| PB 0x0000000090800000| Complete |  0
| 113|0x0000000090900000, 0x0000000090a00000, 0x0000000090a00000|100%| E|CS|TAMS 0x0000000090900000| PB 0x0000000090900000| Complete |  0
| 114|0x0000000090a00000, 0x0000000090b00000, 0x0000000090b00000|100%| E|CS|TAMS 0x0000000090a00000| PB 0x0000000090a00000| Complete |  0
| 115|0x0000000090b00000, 0x0000000090c00000, 0x0000000090c00000|100%| E|CS|TAMS 0x0000000090b00000| PB 0x0000000090b00000| Complete |  0
| 116|0x0000000090c00000, 0x0000000090d00000, 0x0000000090d00000|100%| E|CS|TAMS 0x0000000090c00000| PB 0x0000000090c00000| Complete |  0
| 117|0x0000000090d00000, 0x0000000090e00000, 0x0000000090e00000|100%| E|CS|TAMS 0x0000000090d00000| PB 0x0000000090d00000| Complete |  0
| 118|0x0000000090e00000, 0x0000000090f00000, 0x0000000090f00000|100%| E|CS|TAMS 0x0000000090e00000| PB 0x0000000090e00000| Complete |  0
| 119|0x0000000090f00000, 0x0000000091000000, 0x0000000091000000|100%| E|CS|TAMS 0x0000000090f00000| PB 0x0000000090f00000| Complete |  0
|1894|0x00000000ffe00000, 0x00000000fff00000, 0x00000000fff00000|100%| O|  |TAMS 0x00000000ffe00000| PB 0x00000000ffe00000| Untracked |  0
|1895|0x00000000fff00000, 0x00000000fff1d1c0, 0x0000000100000000| 11%| O|  |TAMS 0x00000000fff00000| PB 0x00000000fff00000| Untracked |  0

Card table byte_map: [0x000001a1fd340000,0x000001a1fd700000] _byte_map_base: 0x000001a1fcef4000

Marking Bits: (CMBitMap*) 0x000001a1fc9bcbb0
 Bits: [0x000001a1fd700000, 0x000001a1ff4a0000)

Polling page: 0x000001a1fa820000

Metaspace:

Usage:
  Non-class:     15.13 MB used.
      Class:      1.59 MB used.
       Both:     16.71 MB used.

Virtual space:
  Non-class space:       64.00 MB reserved,      15.25 MB ( 24%) committed,  1 nodes.
      Class space:        1.00 GB reserved,       1.69 MB ( <1%) committed,  1 nodes.
             Both:        1.06 GB reserved,      16.94 MB (  2%) committed. 

Chunk freelists:
   Non-Class:  387.00 KB
       Class:  14.17 MB
        Both:  14.54 MB

MaxMetaspaceSize: unlimited
CompressedClassSpaceSize: 1.00 GB
Initial GC threshold: 21.00 MB
Current GC threshold: 21.00 MB
CDS: on
 - commit_granule_bytes: 65536.
 - commit_granule_words: 8192.
 - virtual_space_node_default_size: 8388608.
 - enlarge_chunks_in_place: 1.
UseCompressedClassPointers 1, UseCompactObjectHeaders 0
Narrow klass pointer bits 32, Max shift 3
Narrow klass base: 0x000001a19a000000, Narrow klass shift: 0
Encoding Range: [0x000001a19a000000 - 0x000001a29a000000), (4294967296 bytes)
Klass Range:    [0x000001a19a000000 - 0x000001a1db000000), (1090519040 bytes)
Klass ID Range:  [8 - 1090519033) (1090519025)


Internal statistics:

num_allocs_failed_limit: 0.
num_arena_births: 188.
num_arena_deaths: 0.
num_vsnodes_births: 2.
num_vsnodes_deaths: 0.
num_space_committed: 271.
num_space_uncommitted: 0.
num_chunks_returned_to_freelist: 0.
num_chunks_taken_from_freelist: 402.
num_chunk_merges: 0.
num_chunk_splits: 243.
num_chunks_enlarged: 132.
num_inconsistent_stats: 0.

CodeHeap 'non-profiled nmethods': size=120064Kb used=884Kb max_used=884Kb free=119179Kb
 bounds [0x000001a1902a0000, 0x000001a190510000, 0x000001a1977e0000]
CodeHeap 'profiled nmethods': size=120000Kb used=4831Kb max_used=4831Kb free=115168Kb
 bounds [0x000001a1887e0000, 0x000001a188ca0000, 0x000001a18fd10000]
CodeHeap 'non-nmethods': size=5696Kb used=1623Kb max_used=1655Kb free=4072Kb
 bounds [0x000001a18fd10000, 0x000001a18ff80000, 0x000001a1902a0000]
CodeCache: size=245760Kb, used=7338Kb, max_used=7370Kb, free=238419Kb
 total_blobs=3602, nmethods=2806, adapters=701, full_count=0
Compilation: enabled, stopped_count=0, restarted_count=0

Compilation events (20 events):
Event: 1117.935 Thread 0x000001a19999ece0 2797       3       sun.net.www.protocol.file.Handler::parseURL (18 bytes)
Event: 1117.936 Thread 0x000001a19999ece0 nmethod 2797 0x000001a188c7f608 code [0x000001a188c7f740, 0x000001a188c7f978]
Event: 1117.936 Thread 0x000001a19999ece0 2798       3       java.net.URLStreamHandler::parseURL (1124 bytes)
Event: 1117.956 Thread 0x000001a19999ece0 nmethod 2798 0x000001a188c7fa08 code [0x000001a188c80ac0, 0x000001a188c91030]
Event: 1127.950 Thread 0x000001a19999ece0 2799       3       java.io.File::<init> (111 bytes)
Event: 1127.952 Thread 0x000001a19999ece0 nmethod 2799 0x000001a188c91208 code [0x000001a188c91440, 0x000001a188c922b0]
Event: 1132.952 Thread 0x000001a19999ece0 2800   !   3       jdk.internal.loader.URLClassPath$FileLoader::getResource (143 bytes)
Event: 1132.954 Thread 0x000001a19999ece0 nmethod 2800 0x000001a188c92388 code [0x000001a188c92620, 0x000001a188c93c08]
Event: 1177.962 Thread 0x000001a19999ece0 2801   !   3       java.lang.ref.ReferenceQueue::remove (49 bytes)
Event: 1177.963 Thread 0x000001a19999ece0 nmethod 2801 0x000001a188c93d08 code [0x000001a188c93ea0, 0x000001a188c94848]
Event: 1177.963 Thread 0x000001a19999ece0 2802       3       java.lang.ref.ReferenceQueue::remove0 (67 bytes)
Event: 1177.964 Thread 0x000001a19999ece0 nmethod 2802 0x000001a188c94888 code [0x000001a188c94a00, 0x000001a188c94e58]
Event: 1227.978 Thread 0x000001a19999ece0 2803       3       jdk.internal.loader.URLClassPath$FileLoader::findResource (17 bytes)
Event: 1227.979 Thread 0x000001a19999ece0 nmethod 2803 0x000001a188c94e88 code [0x000001a188c94fc0, 0x000001a188c95238]
Event: 1262.989 Thread 0x000001a19999ece0 2804       3       sun.net.util.IPAddressUtil::checkAuth (45 bytes)
Event: 1262.990 Thread 0x000001a19999ece0 nmethod 2804 0x000001a188c95288 code [0x000001a188c954a0, 0x000001a188c96238]
Event: 1277.991 Thread 0x000001a19999ece0 2805   !   3       com.mysql.cj.jdbc.AbandonedConnectionCleanupThread::checkThreadContextClassLoader (20 bytes)
Event: 1277.992 Thread 0x000001a19999ece0 nmethod 2805 0x000001a188c96308 code [0x000001a188c96480, 0x000001a188c96aa8]
Event: 2221.158 Thread 0x000001a19999ece0 2806       3       java.lang.invoke.MethodHandles$Lookup::findConstructor (61 bytes)
Event: 2221.159 Thread 0x000001a19999ece0 nmethod 2806 0x000001a188c96b08 code [0x000001a188c96d00, 0x000001a188c978f8]

GC Heap History (0 events):
No events

Dll operation events (10 events):
Event: 0.018 Loaded shared library C:\Program Files\Java\jdk-24\bin\java.dll
Event: 0.072 Loaded shared library C:\Program Files\Java\jdk-24\bin\jsvml.dll
Event: 0.125 Loaded shared library C:\Program Files\Java\jdk-24\bin\net.dll
Event: 0.128 Loaded shared library C:\Program Files\Java\jdk-24\bin\nio.dll
Event: 0.172 Loaded shared library C:\Program Files\Java\jdk-24\bin\zip.dll
Event: 0.214 Loaded shared library C:\Program Files\Java\jdk-24\bin\jimage.dll
Event: 0.231 Loaded shared library C:\Program Files\Java\jdk-24\bin\awt.dll
Event: 0.441 Loaded shared library C:\Program Files\Java\jdk-24\bin\freetype.dll
Event: 0.443 Loaded shared library C:\Program Files\Java\jdk-24\bin\fontmanager.dll
Event: 1.754 Loaded shared library C:\Program Files\Java\jdk-24\bin\extnet.dll

Deoptimization events (20 events):
Event: 44.621 Thread 0x000001a1df4834c0 Uncommon trap: trap_request=0xffffff4d fr.pc=0x000001a19036aadc relative=0x0000000000002a3c
Event: 44.621 Thread 0x000001a1df4834c0 Uncommon trap: reason=unstable_if action=reinterpret pc=0x000001a19036aadc method=sun.java2d.marlin.Renderer._endRendering(II)V @ 235 c2
Event: 44.621 Thread 0x000001a1df4834c0 DEOPT PACKING pc=0x000001a19036aadc sp=0x0000006ff8afd2b0
Event: 44.621 Thread 0x000001a1df4834c0 DEOPT UNPACKING pc=0x000001a18fe24f82 sp=0x0000006ff8afd0c0 mode 2
Event: 44.621 Thread 0x000001a1df4834c0 Uncommon trap: trap_request=0xffffff76 fr.pc=0x000001a19035887c relative=0x000000000000345c
Event: 44.621 Thread 0x000001a1df4834c0 Uncommon trap: reason=predicate action=maybe_recompile pc=0x000001a19035887c method=sun.java2d.marlin.Renderer._endRendering(II)V @ 1819 c2
Event: 44.621 Thread 0x000001a1df4834c0 DEOPT PACKING pc=0x000001a19035887c sp=0x0000006ff8afd1d0
Event: 44.621 Thread 0x000001a1df4834c0 DEOPT UNPACKING pc=0x000001a18fe24f82 sp=0x0000006ff8afd0b8 mode 2
Event: 44.621 Thread 0x000001a1df4834c0 Uncommon trap: trap_request=0xffffff4d fr.pc=0x000001a19036231c relative=0x000000000000317c
Event: 44.621 Thread 0x000001a1df4834c0 Uncommon trap: reason=unstable_if action=reinterpret pc=0x000001a19036231c method=sun.java2d.marlin.Renderer._endRendering(II)V @ 2445 c2
Event: 44.621 Thread 0x000001a1df4834c0 DEOPT PACKING pc=0x000001a19036231c sp=0x0000006ff8afd1e0
Event: 44.621 Thread 0x000001a1df4834c0 DEOPT UNPACKING pc=0x000001a18fe24f82 sp=0x0000006ff8afd0c0 mode 2
Event: 296.824 Thread 0x000001a1e4a56540 Uncommon trap: trap_request=0xffffffcc fr.pc=0x000001a19037a588 relative=0x00000000000002c8
Event: 296.824 Thread 0x000001a1e4a56540 Uncommon trap: reason=intrinsic_or_type_checked_inlining action=make_not_entrant pc=0x000001a19037a588 method=java.util.Arrays.copyOf([Ljava/lang/Object;ILjava/lang/Class;)[Ljava/lang/Object; @ 35 c2
Event: 296.824 Thread 0x000001a1e4a56540 DEOPT PACKING pc=0x000001a19037a588 sp=0x0000006ff99ff390
Event: 296.824 Thread 0x000001a1e4a56540 DEOPT UNPACKING pc=0x000001a18fe24f82 sp=0x0000006ff99ff320 mode 2
Event: 526.379 Thread 0x000001a1e4a56540 Uncommon trap: trap_request=0xffffffdc fr.pc=0x000001a19037bb70 relative=0x0000000000000230
Event: 526.379 Thread 0x000001a1e4a56540 Uncommon trap: reason=class_check action=make_not_entrant pc=0x000001a19037bb70 method=java.util.ArrayList.toArray([Ljava/lang/Object;)[Ljava/lang/Object; @ 21 c2
Event: 526.379 Thread 0x000001a1e4a56540 DEOPT PACKING pc=0x000001a19037bb70 sp=0x0000006ff99ff3f0
Event: 526.379 Thread 0x000001a1e4a56540 DEOPT UNPACKING pc=0x000001a18fe24f82 sp=0x0000006ff99ff3b0 mode 2

Classes loaded (20 events):
Event: 8.503 Loading class java/awt/geom/Path2D$Iterator done
Event: 8.503 Loading class java/awt/geom/Path2D$Float$CopyIterator done
Event: 8.702 Loading class javax/swing/Autoscroller
Event: 8.702 Loading class javax/swing/Autoscroller done
Event: 9.193 Loading class sun/awt/DebugSettings
Event: 9.194 Loading class sun/awt/DebugSettings done
Event: 9.194 Loading class javax/swing/JComponent$KeyboardState
Event: 9.194 Loading class javax/swing/JComponent$KeyboardState done
Event: 9.194 Loading class javax/swing/JComponent$IntVector
Event: 9.194 Loading class javax/swing/JComponent$IntVector done
Event: 9.195 Loading class javax/swing/JComponent$ActionStandin
Event: 9.195 Loading class javax/swing/JComponent$ActionStandin done
Event: 9.195 Loading class javax/swing/text/GapContent$RemoveUndo
Event: 9.195 Loading class javax/swing/text/GapContent$RemoveUndo done
Event: 63.596 Loading class sun/awt/SunToolkit$1
Event: 63.596 Loading class sun/awt/SunToolkit$1 done
Event: 1589.880 Loading class java/awt/desktop/SystemSleepListener
Event: 1589.881 Loading class java/awt/desktop/SystemEventListener
Event: 1589.881 Loading class java/awt/desktop/SystemEventListener done
Event: 1589.881 Loading class java/awt/desktop/SystemSleepListener done

Classes unloaded (0 events):
No events

Classes redefined (0 events):
No events

Internal exceptions (20 events):
Event: 0.542 Thread 0x000001a1fa68f380 Exception <a 'java/lang/ClassNotFoundException'{0x00000000907c4960}: com/sun/swing/internal/plaf/basic/resources/spi/basicProvider> (0x00000000907c4960) 
thrown [s\open\src\hotspot\share\classfile\systemDictionary.cpp, line 327]
Event: 0.655 Thread 0x000001a1df4834c0 Exception <a 'java/lang/ClassNotFoundException'{0x00000000906bd4e0}: com/sun/swing/internal/plaf/synth/resources/spi/synthProvider> (0x00000000906bd4e0) 
thrown [s\open\src\hotspot\share\classfile\systemDictionary.cpp, line 327]
Event: 0.683 Thread 0x000001a1df4834c0 Exception <a 'java/lang/NoSuchMethodError'{0x0000000090589f70}: 'int java.lang.invoke.Invokers$Holder.invokeExact_MT(java.lang.Object, java.lang.Object)'> (0x0000000090589f70) 
thrown [s\open\src\hotspot\share\interpreter\linkResolver.cpp, line 805]
Event: 0.697 Thread 0x000001a1df4834c0 Exception <a 'java/lang/NoSuchMethodError'{0x000000009059bdb8}: 'java.lang.Object java.lang.invoke.DirectMethodHandle$Holder.newInvokeSpecial(java.lang.Object, java.lang.Object, int)'> (0x000000009059bdb8) 
thrown [s\open\src\hotspot\share\interpreter\linkResolver.cpp, line 805]
Event: 0.703 Thread 0x000001a1df4834c0 Exception <a 'java/lang/NoSuchMethodError'{0x00000000905b56f0}: 'java.lang.Object java.lang.invoke.DirectMethodHandle$Holder.invokeStatic(java.lang.Object, java.lang.Object, java.lang.Object, java.lang.Object, int)'> (0x00000000905b56f0) 
thrown [s\open\src\hotspot\share\interpreter\linkResolver.cpp, line 805]
Event: 0.705 Thread 0x000001a1df4834c0 Exception <a 'java/lang/NoSuchMethodError'{0x00000000905c69e8}: 'int java.lang.invoke.DirectMethodHandle$Holder.invokeSpecial(java.lang.Object, java.lang.Object, java.lang.Object)'> (0x00000000905c69e8) 
thrown [s\open\src\hotspot\share\interpreter\linkResolver.cpp, line 805]
Event: 1.062 Thread 0x000001a1df4834c0 Exception <a 'java/lang/NoSuchMethodError'{0x00000000904ccd18}: 'void java.lang.invoke.DirectMethodHandle$Holder.invokeStaticInit(java.lang.Object)'> (0x00000000904ccd18) 
thrown [s\open\src\hotspot\share\interpreter\linkResolver.cpp, line 805]
Event: 1.158 Thread 0x000001a1df4834c0 Exception <a 'java/io/FileNotFoundException'{0x000000008feff6f0}> (0x000000008feff6f0) 
thrown [s\open\src\hotspot\share\prims\jni.cpp, line 518]
Event: 1.193 Thread 0x000001a1df4834c0 Exception <a 'java/io/FileNotFoundException'{0x000000008fd588c0}> (0x000000008fd588c0) 
thrown [s\open\src\hotspot\share\prims\jni.cpp, line 518]
Event: 1.205 Thread 0x000001a1df4834c0 Exception <a 'java/lang/NoSuchMethodError'{0x000000008fd8c7d0}: 'void java.lang.invoke.DelegatingMethodHandle$Holder.reinvoke_L(java.lang.Object, java.lang.Object, java.lang.Object, java.lang.Object, long, long, float)'> (0x000000008fd8c7d0) 
thrown [s\open\src\hotspot\share\interpreter\linkResolver.cpp, line 805]
Event: 1.208 Thread 0x000001a1df4834c0 Exception <a 'java/lang/NoSuchMethodError'{0x000000008fdac988}: 'java.lang.Object java.lang.invoke.DirectMethodHandle$Holder.invokeStatic(java.lang.Object, java.lang.Object, java.lang.Object, java.lang.Object, java.lang.Object, long)'> (0x000000008fdac988) 
thrown [s\open\src\hotspot\share\interpreter\linkResolver.cpp, line 805]
Event: 1.214 Thread 0x000001a1df4834c0 Exception <a 'java/lang/NoSuchMethodError'{0x000000008fdf00f8}: 'float java.lang.invoke.DelegatingMethodHandle$Holder.reinvoke_L(java.lang.Object, java.lang.Object, java.lang.Object, java.lang.Object, long, long)'> (0x000000008fdf00f8) 
thrown [s\open\src\hotspot\share\interpreter\linkResolver.cpp, line 805]
Event: 1.246 Thread 0x000001a199ce0eb0 Exception <a 'java/lang/NoSuchMethodError'{0x0000000090b10168}: 'void java.lang.invoke.DirectMethodHandle$Holder.invokeVirtual(java.lang.Object, java.lang.Object)'> (0x0000000090b10168) 
thrown [s\open\src\hotspot\share\interpreter\linkResolver.cpp, line 805]
Event: 1.318 Thread 0x000001a1df4834c0 Exception <a 'java/lang/NoSuchMethodError'{0x000000008fc59ff0}: 'void java.lang.invoke.DelegatingMethodHandle$Holder.reinvoke_L(java.lang.Object, java.lang.Object, java.lang.Object, java.lang.Object, long, long, int)'> (0x000000008fc59ff0) 
thrown [s\open\src\hotspot\share\interpreter\linkResolver.cpp, line 805]
Event: 1.322 Thread 0x000001a1df4834c0 Exception <a 'java/lang/NoSuchMethodError'{0x000000008fb04dd0}: 'void java.lang.invoke.DelegatingMethodHandle$Holder.reinvoke_L(java.lang.Object, java.lang.Object, java.lang.Object, java.lang.Object, long, long, long)'> (0x000000008fb04dd0) 
thrown [s\open\src\hotspot\share\interpreter\linkResolver.cpp, line 805]
Event: 1.344 Thread 0x000001a1df4834c0 Exception <a 'java/lang/NoSuchMethodError'{0x000000008fb57f48}: 'void java.lang.invoke.DelegatingMethodHandle$Holder.reinvoke_L(java.lang.Object, java.lang.Object, java.lang.Object, java.lang.Object, long, long, double)'> (0x000000008fb57f48) 
thrown [s\open\src\hotspot\share\interpreter\linkResolver.cpp, line 805]
Event: 1.523 Thread 0x000001a1df4834c0 Exception <a 'java/lang/NoSuchMethodError'{0x000000008fa6f488}: 'void java.lang.invoke.DirectMethodHandle$Holder.invokeStatic(java.lang.Object, java.lang.Object)'> (0x000000008fa6f488) 
thrown [s\open\src\hotspot\share\interpreter\linkResolver.cpp, line 805]
Event: 1.566 Thread 0x000001a1df4834c0 Exception <a 'java/lang/NoSuchMethodError'{0x000000008f827640}: 'java.lang.Object java.lang.invoke.DirectMethodHandle$Holder.invokeInterface(java.lang.Object, java.lang.Object)'> (0x000000008f827640) 
thrown [s\open\src\hotspot\share\interpreter\linkResolver.cpp, line 805]
Event: 1.622 Thread 0x000001a1df4834c0 Exception <a 'java/lang/NoSuchMethodError'{0x000000008f6dee28}: 'void java.lang.invoke.DirectMethodHandle$Holder.invokeStatic(java.lang.Object, java.lang.Object, java.lang.Object)'> (0x000000008f6dee28) 
thrown [s\open\src\hotspot\share\interpreter\linkResolver.cpp, line 805]
Event: 1.624 Thread 0x000001a1df4834c0 Exception <a 'java/lang/NoSuchMethodError'{0x000000008f6f67f8}: 'java.lang.Object java.lang.invoke.DirectMethodHandle$Holder.invokeVirtual(java.lang.Object, java.lang.Object, java.lang.Object)'> (0x000000008f6f67f8) 
thrown [s\open\src\hotspot\share\interpreter\linkResolver.cpp, line 805]

VM Operations (20 events):
Event: 0.775 Executing VM operation: HandshakeAllThreads (Deoptimize)
Event: 0.775 Executing VM operation: HandshakeAllThreads (Deoptimize) done
Event: 0.846 Executing VM operation: HandshakeAllThreads (Deoptimize)
Event: 0.846 Executing VM operation: HandshakeAllThreads (Deoptimize) done
Event: 1.360 Executing VM operation: HandshakeAllThreads (Deoptimize)
Event: 1.360 Executing VM operation: HandshakeAllThreads (Deoptimize) done
Event: 1.508 Executing VM operation: HandshakeAllThreads (Deoptimize)
Event: 1.508 Executing VM operation: HandshakeAllThreads (Deoptimize) done
Event: 1.535 Executing VM operation: HandshakeAllThreads (Deoptimize)
Event: 1.535 Executing VM operation: HandshakeAllThreads (Deoptimize) done
Event: 1.741 Executing VM operation: HandshakeAllThreads (Deoptimize)
Event: 1.741 Executing VM operation: HandshakeAllThreads (Deoptimize) done
Event: 60.182 Executing VM operation: HandshakeAllThreads (HandshakeForDeflation)
Event: 60.182 Executing VM operation: HandshakeAllThreads (HandshakeForDeflation) done
Event: 60.182 Executing VM operation: RendezvousGCThreads
Event: 60.182 Executing VM operation: RendezvousGCThreads done
Event: 120.244 Executing VM operation: HandshakeAllThreads (HandshakeForDeflation)
Event: 120.244 Executing VM operation: HandshakeAllThreads (HandshakeForDeflation) done
Event: 120.244 Executing VM operation: RendezvousGCThreads
Event: 120.244 Executing VM operation: RendezvousGCThreads done

Memory protections (0 events):
No events

Nmethod flushes (0 events):
No events

Events (20 events):
Event: 0.166 Thread 0x000001a1fa68f380 Thread added: 0x000001a199b36560
Event: 0.176 Thread 0x000001a19999ece0 Thread added: 0x000001a199b4fdb0
Event: 0.308 Thread 0x000001a1fa68f380 Thread added: 0x000001a199ce0030
Event: 0.309 Thread 0x000001a1fa68f380 Thread added: 0x000001a199ce0770
Event: 0.310 Thread 0x000001a1fa68f380 Thread added: 0x000001a199ce0eb0
Event: 0.340 Thread 0x000001a199b4fdb0 Thread exited: 0x000001a199b4fdb0
Event: 0.560 Thread 0x000001a1fa68f380 Thread added: 0x000001a1df4834c0
Event: 0.560 Thread 0x000001a1fa68f380 Thread exited: 0x000001a1fa68f380
Event: 0.560 Thread 0x000001a1fa68f380 Thread added: 0x000001a1fa68f380
Event: 0.789 Thread 0x000001a1df4834c0 Thread added: 0x000001a1df7c3490
Event: 0.943 Thread 0x000001a19999ece0 Thread added: 0x000001a1df6fd520
Event: 1.271 Thread 0x000001a1df4834c0 Thread added: 0x000001a1e4a41a10
Event: 1.315 Thread 0x000001a1df6fd520 Thread exited: 0x000001a1df6fd520
Event: 1.332 Thread 0x000001a1df4834c0 Thread added: 0x000001a1e4a56540
Event: 1.524 Thread 0x000001a1df4834c0 Thread added: 0x000001a1e4de6a10
Event: 1.577 Thread 0x000001a1999932a0 Thread added: 0x000001a1e4e6afe0
Event: 1.605 Thread 0x000001a19999ece0 Thread added: 0x000001a1e4e0f570
Event: 1.756 Thread 0x000001a1e4e0f570 Thread exited: 0x000001a1e4e0f570
Event: 2.110 Thread 0x000001a1e4e6afe0 Thread exited: 0x000001a1e4e6afe0
Event: 6.031 Thread 0x000001a1df7c3490 Thread exited: 0x000001a1df7c3490


Dynamic libraries:
0x00007ff7e6920000 - 0x00007ff7e6930000 	C:\Program Files\Java\jdk-24\bin\java.exe
0x00007fffbd000000 - 0x00007fffbd267000 	C:\WINDOWS\SYSTEM32\ntdll.dll
0x00007fffbbad0000 - 0x00007fffbbb99000 	C:\WINDOWS\System32\KERNEL32.DLL
0x00007fffba7a0000 - 0x00007fffbab8f000 	C:\WINDOWS\System32\KERNELBASE.dll
0x00007fffba5a0000 - 0x00007fffba6eb000 	C:\WINDOWS\System32\ucrtbase.dll
0x00007fffb5240000 - 0x00007fffb5256000 	C:\Program Files\Java\jdk-24\bin\jli.dll
0x00007fffb6740000 - 0x00007fffb675b000 	C:\Program Files\Java\jdk-24\bin\VCRUNTIME140.dll
0x00007fffbbc60000 - 0x00007fffbbe25000 	C:\WINDOWS\System32\USER32.dll
0x00007fffaa950000 - 0x00007fffaabe3000 	C:\WINDOWS\WinSxS\amd64_microsoft.windows.common-controls_6595b64144ccf1df_6.0.26100.7309_none_3e05feeae336a044\COMCTL32.dll
0x00007fffba380000 - 0x00007fffba3a7000 	C:\WINDOWS\System32\win32u.dll
0x00007fffbbe30000 - 0x00007fffbbe5b000 	C:\WINDOWS\System32\GDI32.dll
0x00007fffbb780000 - 0x00007fffbb829000 	C:\WINDOWS\System32\msvcrt.dll
0x00007fffba470000 - 0x00007fffba59c000 	C:\WINDOWS\System32\gdi32full.dll
0x00007fffba150000 - 0x00007fffba1f3000 	C:\WINDOWS\System32\msvcp_win.dll
0x00007fffbc6e0000 - 0x00007fffbc711000 	C:\WINDOWS\System32\IMM32.DLL
0x00007fffb51c0000 - 0x00007fffb51cc000 	C:\Program Files\Java\jdk-24\bin\vcruntime140_1.dll
0x00007fffa46a0000 - 0x00007fffa472e000 	C:\Program Files\Java\jdk-24\bin\msvcp140.dll
0x00007fff74b50000 - 0x00007fff758f2000 	C:\Program Files\Java\jdk-24\bin\server\jvm.dll
0x00007fffbb390000 - 0x00007fffbb444000 	C:\WINDOWS\System32\ADVAPI32.dll
0x00007fffbaf50000 - 0x00007fffbaff6000 	C:\WINDOWS\System32\sechost.dll
0x00007fffbc5c0000 - 0x00007fffbc6d8000 	C:\WINDOWS\System32\RPCRT4.dll
0x00007fffbc820000 - 0x00007fffbc894000 	C:\WINDOWS\System32\WS2_32.dll
0x00007fffb9fb0000 - 0x00007fffba00e000 	C:\WINDOWS\SYSTEM32\POWRPROF.dll
0x00007fffb2d20000 - 0x00007fffb2d55000 	C:\WINDOWS\SYSTEM32\WINMM.dll
0x00007fffb2d60000 - 0x00007fffb2d6b000 	C:\WINDOWS\SYSTEM32\VERSION.dll
0x00007fffb9f90000 - 0x00007fffb9fa4000 	C:\WINDOWS\SYSTEM32\UMPDC.dll
0x00007fffb8ec0000 - 0x00007fffb8edb000 	C:\WINDOWS\SYSTEM32\kernel.appcore.dll
0x00007fffb51b0000 - 0x00007fffb51ba000 	C:\Program Files\Java\jdk-24\bin\jimage.dll
0x00007fffaf700000 - 0x00007fffaf942000 	C:\WINDOWS\SYSTEM32\DBGHELP.DLL
0x00007fffbb000000 - 0x00007fffbb385000 	C:\WINDOWS\System32\combase.dll
0x00007fffbb9f0000 - 0x00007fffbbac6000 	C:\WINDOWS\System32\OLEAUT32.dll
0x00007fffaa8d0000 - 0x00007fffaa90c000 	C:\WINDOWS\SYSTEM32\dbgcore.DLL
0x00007fffba6f0000 - 0x00007fffba795000 	C:\WINDOWS\System32\bcryptPrimitives.dll
0x00007fffb44d0000 - 0x00007fffb44ee000 	C:\Program Files\Java\jdk-24\bin\java.dll
0x00007fffbadb0000 - 0x00007fffbaf47000 	C:\WINDOWS\System32\ole32.dll
0x00007fffbbe60000 - 0x00007fffbc5b3000 	C:\WINDOWS\System32\SHELL32.dll
0x00007fffbaba0000 - 0x00007fffbad0a000 	C:\WINDOWS\System32\wintypes.dll
0x00007fffb7d30000 - 0x00007fffb858e000 	C:\WINDOWS\SYSTEM32\windows.storage.dll
0x00007fffbc720000 - 0x00007fffbc815000 	C:\WINDOWS\System32\SHCORE.dll
0x00007fffbb4b0000 - 0x00007fffbb516000 	C:\WINDOWS\System32\shlwapi.dll
0x00007fffba070000 - 0x00007fffba099000 	C:\WINDOWS\SYSTEM32\profapi.dll
0x00007fffb2a70000 - 0x00007fffb2b47000 	C:\Program Files\Java\jdk-24\bin\jsvml.dll
0x00007fffb44c0000 - 0x00007fffb44d0000 	C:\Program Files\Java\jdk-24\bin\net.dll
0x00007fffb9410000 - 0x00007fffb947b000 	C:\WINDOWS\system32\mswsock.dll
0x00007fffb44a0000 - 0x00007fffb44b6000 	C:\Program Files\Java\jdk-24\bin\nio.dll
0x00007fffb4480000 - 0x00007fffb4497000 	C:\Program Files\Java\jdk-24\bin\zip.dll
0x00007fffb28f0000 - 0x00007fffb2a6f000 	C:\Program Files\Java\jdk-24\bin\awt.dll
0x00007fffb7170000 - 0x00007fffb720f000 	C:\WINDOWS\SYSTEM32\apphelp.dll
0x00007fffb73d0000 - 0x00007fffb747b000 	C:\WINDOWS\system32\uxtheme.dll
0x00007fffbb830000 - 0x00007fffbb98e000 	C:\WINDOWS\System32\MSCTF.dll
0x00007fffb7680000 - 0x00007fffb76b0000 	C:\WINDOWS\system32\DWMAPI.DLL
0x00007fffa4610000 - 0x00007fffa4697000 	C:\Program Files\Java\jdk-24\bin\freetype.dll
0x00007fff930d0000 - 0x00007fff931a7000 	C:\Program Files\Java\jdk-24\bin\fontmanager.dll
0x00007fff46820000 - 0x00007fff46930000 	C:\WINDOWS\system32\opengl32.dll
0x00007fff441e0000 - 0x00007fff4420d000 	C:\WINDOWS\SYSTEM32\GLU32.dll
0x00007fffb7630000 - 0x00007fffb7674000 	C:\WINDOWS\SYSTEM32\dxcore.dll
0x00007fffbbba0000 - 0x00007fffbbc50000 	C:\WINDOWS\System32\clbcatq.dll
0x00007fffb59e0000 - 0x00007fffb5c10000 	C:\WINDOWS\SYSTEM32\WindowsCodecs.dll
0x00007fff9bb50000 - 0x00007fff9bbaa000 	C:\WINDOWS\system32\dataexchange.dll
0x00007fffaf200000 - 0x00007fffaf444000 	C:\WINDOWS\system32\twinapi.appcore.dll
0x00007fff9b930000 - 0x00007fff9ba78000 	C:\WINDOWS\SYSTEM32\textinputframework.dll
0x00007fffb88f0000 - 0x00007fffb8a1c000 	C:\WINDOWS\SYSTEM32\DNSAPI.dll
0x00007fffb88b0000 - 0x00007fffb88e4000 	C:\WINDOWS\SYSTEM32\IPHLPAPI.DLL
0x00007fffbada0000 - 0x00007fffbadaa000 	C:\WINDOWS\System32\NSI.dll
0x00007fffacc50000 - 0x00007fffacc5b000 	C:\Windows\System32\rasadhlp.dll
0x00007fffb04a0000 - 0x00007fffb0526000 	C:\WINDOWS\System32\fwpuclnt.dll
0x00007fffb4460000 - 0x00007fffb4469000 	C:\Program Files\Java\jdk-24\bin\extnet.dll
0x00007fffb6ec0000 - 0x00007fffb6fe7000 	C:\WINDOWS\SYSTEM32\CoreMessaging.dll
0x00007fffb3540000 - 0x00007fffb3822000 	C:\WINDOWS\SYSTEM32\CoreUIComponents.dll
0x00007fffb9660000 - 0x00007fffb966c000 	C:\WINDOWS\SYSTEM32\CRYPTBASE.DLL

JVMTI agents: none

dbghelp: loaded successfully - version: 4.0.5 - missing functions: none
symbol engine: initialized successfully - sym options: 0x614 - pdb path: .;C:\Program Files\Java\jdk-24\bin;C:\WINDOWS\SYSTEM32;C:\WINDOWS\WinSxS\amd64_microsoft.windows.common-controls_6595b64144ccf1df_6.0.26100.7309_none_3e05feeae336a044;C:\Program Files\Java\jdk-24\bin\server;C:\WINDOWS\System32\DriverStore\FileRepository\u0417877.inf_amd64_8b2c2b61b3f8a9e5\B417004

VM Arguments:
jvm_args: -Dfile.encoding=UTF-8 --enable-preview --module-path=C:\Users\Hype\Documents\NetBeansProjects\Hotel Management System\build\classes 
java_command: CustomerBill
java_class_path (initial): C:\Program Files\NetBeans-25\netbeans\java\modules\ext\AbsoluteLayout.jar;C:\mysql-connector-j-9.3.0\mysql-connector-j-9.3.0.jar;C:\Users\Hype\Downloads\itext-2.1.7.jar;C:\Users\Hype\Documents\NetBeansProjects\Hotel Management System\build\classes
Launcher Type: SUN_STANDARD

[Global flags]
     intx CICompilerCount                          = 4                                         {product} {ergonomic}
     uint ConcGCThreads                            = 3                                         {product} {ergonomic}
     uint G1ConcRefinementThreads                  = 10                                        {product} {ergonomic}
   size_t G1HeapRegionSize                         = 1048576                                   {product} {ergonomic}
   size_t InitialHeapSize                          = 125829120                                 {product} {ergonomic}
   size_t MarkStackSize                            = 4194304                                   {product} {ergonomic}
   size_t MarkStackSizeMax                         = 536870912                                 {product} {ergonomic}
   size_t MaxHeapSize                              = 1988100096                                {product} {ergonomic}
   size_t MaxNewSize                               = 1192230912                                {product} {ergonomic}
   size_t MinHeapDeltaBytes                        = 1048576                                   {product} {ergonomic}
   size_t MinHeapSize                              = 8388608                                   {product} {ergonomic}
    uintx NonNMethodCodeHeapSize                   = 5832704                                {pd product} {ergonomic}
    uintx NonProfiledCodeHeapSize                  = 122945536                              {pd product} {ergonomic}
    uintx ProfiledCodeHeapSize                     = 122880000                              {pd product} {ergonomic}
    uintx ReservedCodeCacheSize                    = 251658240                              {pd product} {ergonomic}
     bool SegmentedCodeCache                       = true                                      {product} {ergonomic}
   size_t SoftMaxHeapSize                          = 1988100096                             {manageable} {ergonomic}
     bool UseCompressedOops                        = true                           {product lp64_product} {ergonomic}
     bool UseG1GC                                  = true                                      {product} {ergonomic}
     bool UseLargePagesIndividualAllocation        = false                                  {pd product} {ergonomic}

Logging:
Log output configuration:
 #0: stdout all=warning uptime,level,tags foldmultilines=false
 #1: stderr all=off uptime,level,tags foldmultilines=false

Environment Variables:
JAVA_HOME=C:\Program Files\Java\jdk1.8.0_202
PATH=C:\Program Files\Common Files\Oracle\Java\javapath;C:\WINDOWS\system32;C:\WINDOWS;C:\WINDOWS\System32\Wbem;C:\WINDOWS\System32\WindowsPowerShell\v1.0\;C:\WINDOWS\System32\OpenSSH\;C:\Program Files\Java\jdk1.8.0_202\bin;C:\xampp\php;C:\Users\Hype\AppData\Local\Programs\Python\Python313\Scripts\;C:\Users\Hype\AppData\Local\Programs\Python\Python313\;C:\Users\Hype\AppData\Local\Microsoft\WindowsApps;C:\\xampp\\php\\php.exe;C:\mysql-connector-j-9.3.0;C:\Users\Hype\AppData\Local\Programs\Microsoft VS Code\bin;
USERNAME=Hype
OS=Windows_NT
PROCESSOR_IDENTIFIER=AMD64 Family 25 Model 80 Stepping 0, AuthenticAMD
TMP=C:\Users\Hype\AppData\Local\Temp
TEMP=C:\Users\Hype\AppData\Local\Temp




Periodic native trim disabled

---------------  S Y S T E M  ---------------

OS:
 Windows 11 , 64 bit Build 26100 (10.0.26100.7309)
OS uptime: 0 days 2:38 hours
Hyper-V role detected

CPU: total 12 (initial active 12) (12 cores per cpu, 2 threads per core) family 25 model 80 stepping 0 microcode 0xa50000f, cx8, cmov, fxsr, ht, mmx, 3dnowpref, sse, sse2, sse3, ssse3, sse4a, sse4.1, sse4.2, popcnt, lzcnt, tsc, tscinvbit, avx, avx2, aes, erms, clmul, bmi1, bmi2, adx, sha, fma, vzeroupper, clflush, clflushopt, hv, rdtscp, rdpid, fsrm, f16c, cet_ss
Processor Information for the first 12 processors :
  Max Mhz: 2301, Current Mhz: 2301, Mhz Limit: 2301

Memory: 4k page, system-wide physical 7580M (755M free)
TotalPageFile size 14236M (AvailPageFile size 3050M)
current process WorkingSet (physical memory assigned to process): 144M, peak: 177M
current process commit charge ("private bytes"): 286M, peak: 321M

vm_info: Java HotSpot(TM) 64-Bit Server VM (24.0.1+9-30) for windows-amd64 JRE (24.0.1+9-30), built on 2025-03-05T07:23:45Z with MS VC++ 17.6 (VS2022)

END.
