#
# A fatal error has been detected by the Java Runtime Environment:
#
#  EXCEPTION_ACCESS_VIOLATION (0xc0000005) at pc=0x00007fffb29caa89, pid=3620, tid=3828
#
# JRE version: Java(TM) SE Runtime Environment (24.0.1+9) (build 24.0.1+9-30)
# Java VM: Java HotSpot(TM) 64-Bit Server VM (24.0.1+9-30, mixed mode, sharing, tiered, compressed oops, compressed class ptrs, g1 gc, windows-amd64)
# Problematic frame:
# C  [awt.dll+0xdaa89]
#
# No core dump will be written. Minidumps are not enabled by default on client versions of Windows
#
# If you would like to submit a bug report, please visit:
#   https://bugreport.java.com/bugreport/crash.jsp
# The crash happened outside the Java Virtual Machine in native code.
# See problematic frame for where to report the bug.
#

---------------  S U M M A R Y ------------

Command Line: -Dfile.encoding=UTF-8 --enable-preview --module-path=C:\Users\Hype\Documents\NetBeansProjects\Hotel Management System\build\classes ManageRoom

Host: AMD Ryzen 5 7430U with Radeon Graphics         , 12 cores, 7G,  Windows 11 , 64 bit Build 26100 (10.0.26100.7309)
Time: Fri Dec 26 13:21:27 2025 SE Asia Standard Time elapsed time: 2097.823107 seconds (0d 0h 34m 57s)

---------------  T H R E A D  ---------------

Current thread (0x000001e4975bee30):  JavaThread "AWT-EventQueue-0"        [_thread_in_native, id=3828, stack(0x0000005a20300000,0x0000005a20400000) (1024K)]

Stack: [0x0000005a20300000,0x0000005a20400000],  sp=0x0000005a203fea40,  free space=1018k
Native frames: (J=compiled Java code, j=interpreted, Vv=VM code, C=native code)
C  [awt.dll+0xdaa89]  (no source info available)
C  [awt.dll+0xd9e48]  (no source info available)
C  0x000001e4441dce20  (no source info available)

The last pc belongs to native method entry point (kind = native) (printed below).
Java frames: (J=compiled Java code, j=interpreted, Vv=VM code)
j  sun.awt.Win32GraphicsConfig.getBounds(I)Ljava/awt/Rectangle;+0 java.desktop@24.0.1
j  sun.awt.Win32GraphicsConfig.getBounds()Ljava/awt/Rectangle;+8 java.desktop@24.0.1
j  sun.awt.Win32GraphicsDevice.displayChanged()V+23 java.desktop@24.0.1
j  sun.java2d.d3d.D3DGraphicsDevice.displayChanged()V+1 java.desktop@24.0.1
j  sun.awt.Win32GraphicsEnvironment.displayChanged()V+271 java.desktop@24.0.1
j  sun.awt.windows.WToolkit.lambda$displayChanged$0()V+15 java.desktop@24.0.1
j  sun.awt.windows.WToolkit$$Lambda+0x000001e4531d56b0.run()V+0 java.desktop@24.0.1
J 2666 c1 java.awt.event.InvocationEvent.dispatch()V java.desktop@24.0.1 (69 bytes) @ 0x000001e43d103914 [0x000001e43d103700+0x0000000000000214]
J 2375 c1 java.awt.EventQueue.dispatchEventImpl(Ljava/awt/AWTEvent;Ljava/lang/Object;)V java.desktop@24.0.1 (139 bytes) @ 0x000001e43d058d3c [0x000001e43d057480+0x00000000000018bc]
J 2374 c1 java.awt.EventQueue.dispatchEvent(Ljava/awt/AWTEvent;)V java.desktop@24.0.1 (48 bytes) @ 0x000001e43d05692c [0x000001e43d0566e0+0x000000000000024c]
J 2558 c1 java.awt.EventDispatchThread.pumpOneEventForFilters(I)V java.desktop@24.0.1 (106 bytes) @ 0x000001e43d0c98d4 [0x000001e43d0c90c0+0x0000000000000814]
j  java.awt.EventDispatchThread.pumpEventsForFilter(ILjava/awt/Conditional;Ljava/awt/EventFilter;)V+35 java.desktop@24.0.1
j  java.awt.EventDispatchThread.pumpEventsForHierarchy(ILjava/awt/Conditional;Ljava/awt/Component;)V+11 java.desktop@24.0.1
j  java.awt.EventDispatchThread.pumpEvents(ILjava/awt/Conditional;)V+4 java.desktop@24.0.1
j  java.awt.EventDispatchThread.pumpEvents(Ljava/awt/Conditional;)V+3 java.desktop@24.0.1
j  java.awt.EventDispatchThread.run()V+9 java.desktop@24.0.1
v  ~StubRoutines::call_stub 0x000001e4441d0fcd

siginfo: EXCEPTION_ACCESS_VIOLATION (0xc0000005), reading address 0x0000000000000028


Registers:
RAX=0x0000000000000000, RBX=0x000001e451cbb8a0, RCX=0x0000000000000000, RDX=0x0000000000000000
RSP=0x0000005a203fea40, RBP=0x0000000000000000, RSI=0x0000000000000000, RDI=0x0000000000000000
R8 =0x0000000000000001, R9 =0x0000005a1e9ce000, R10=0x000001e4975da410, R11=0x000001e493553110
R12=0x0000000000000000, R13=0x000001e451de8cd0, R14=0x000001e4975bcfe0, R15=0x0000000000000000
RIP=0x00007fffb29caa89, EFLAGS=0x0000000000010246

XMM[0]=0x0000000000000000 0x0000000000000000
XMM[1]=0x0000000000000000 0x0000005a203feb10
XMM[2]=0x000001e4936000c0 0x0000010093a7f7c0
XMM[3]=0x0000000000000000 0x000001e43d218408
XMM[4]=0x0000000000000000 0x0000005a203fdf10
XMM[5]=0x000001e4975bee30 0x000001e400000001
XMM[6]=0x0000000000000000 0x4037000000000000
XMM[7]=0x0000000000000000 0x3f1a36e2eb1c432d
XMM[8]=0x0000000000000000 0x0000000000000000
XMM[9]=0x0000000000000000 0x0000000000000000
XMM[10]=0x0000000000000000 0x0000000000000000
XMM[11]=0x0000000000000000 0x000000003f7684bd
XMM[12]=0x0000000000000000 0x000000003dfcd698
XMM[13]=0x0000000000000000 0x0000000000000000
XMM[14]=0x0000000000000000 0x0000000041fbd9c1
XMM[15]=0x0000000000000000 0x0000000000000341
  MXCSR=0x00001fa2


Register to memory mapping:

RAX=0x0 is null
RBX=0x000001e451cbb8a0 points into unknown readable memory: 0x000001e49ca02340 | 40 23 a0 9c e4 01 00 00
RCX=0x0 is null
RDX=0x0 is null
RSP=0x0000005a203fea40 is pointing into the stack for thread: 0x000001e4975bee30
RBP=0x0 is null
RSI=0x0 is null
RDI=0x0 is null
R8 =0x0000000000000001 is an unknown value
R9 =0x0000005a1e9ce000 points into unknown readable memory: 0x0000000000000000 | 00 00 00 00 00 00 00 00
R10=0x000001e4975da410 points into unknown readable memory: 0x0000004000000003 | 03 00 00 00 40 00 00 00
R11={method} {0x000001e493553118} '<init>' '(IIII)V' in 'java/awt/Rectangle'
R12=0x0 is null
R13=0x000001e451de8cd0 points into unknown readable memory: 0x000001e493553110 | 10 31 55 93 e4 01 00 00
R14=0x000001e4975bcfe0 points into unknown readable memory: 0x0000000090778b30 | 30 8b 77 90 00 00 00 00
R15=0x0 is null

Top of Stack: (sp=0x0000005a203fea40)
0x0000005a203fea40:   00007fffb2a27838 000001e451cbb8a0   8x.........Q....
0x0000005a203fea50:   000001e4975bf1f8 000001e451cbb8a0   ..[........Q....
0x0000005a203fea60:   000001e4975bf1f8 00007fffb29c9e48   ..[.....H.......
0x0000005a203fea70:   000001e451cbb8a0 000001e451cbb8a0   ...Q.......Q....
0x0000005a203fea80:   00000000000001e1 000001e4975bf1f8   ..........[.....
0x0000005a203fea90:   fffffffffffffff7 000001e493449896   ..........D.....
0x0000005a203feaa0:   0000000000000003 000001e49344cd38   ........8.D.....
0x0000005a203feab0:   0000000000000000 0000000000000000   ................
0x0000005a203feac0:   00001dca1fecf444 0000000000000000   D...............
0x0000005a203fead0:   000001e4975bee30 0000005a203febb8   0.[.......? Z...
0x0000005a203feae0:   000001e49344a220 0000000000000000    .D.............
0x0000005a203feaf0:   0000000000000120 00000000000001e1    ...............
0x0000005a203feb00:   0000005a203feb90 000001e4441dce20   ..? Z... ..D....
0x0000005a203feb10:   0000000000000003 000001e49344a220   ........ .D.....
0x0000005a203feb20:   000001e493f37378 00000000906284b0   xs........b.....
0x0000005a203feb30:   000001e4934dc8e0 0000000000000000   ..M.............
0x0000005a203feb40:   0000005a203feb70 fffffffffffffff7   p.? Z...........
0x0000005a203feb50:   0000000000000000 0000000000000005   ................
0x0000005a203feb60:   000001e49344cd38 0000000000000000   8.D.............
0x0000005a203feb70:   000000009063bfd8 000001e49344a220   ..c..... .D.....
0x0000005a203feb80:   0000000000000000 0000005a203febb0   ..........? Z...
0x0000005a203feb90:   0000005a203fec08 000001e4441d899a   ..? Z......D....
0x0000005a203feba0:   0000000000000000 000001e4441da43a   ........:..D....
0x0000005a203febb0:   0000000000000000 000000008e78a9d8   ..........x.....
0x0000005a203febc0:   fffffffffffffff7 000001e49344a2c8   ..........D.....
0x0000005a203febd0:   0000000000000002 000001e49344cd38   ........8.D.....
0x0000005a203febe0:   0000000000000000 000000009063bfd8   ..........c.....
0x0000005a203febf0:   000001e49344a2e0 fffffffffffffff5   ..D.............
0x0000005a203fec00:   0000005a203fec18 0000005a203fec68   ..? Z...h.? Z...
0x0000005a203fec10:   000001e4441d899a 000000008e78a9d8   ...D......x.....
0x0000005a203fec20:   fffffffffffffff7 000001e4934dd7af   ..........M.....
0x0000005a203fec30:   0000000000000003 000001e4934def30   ........0.M.....

Instructions: (pc=0x00007fffb29caa89)
  0x00007fffb29ca989:   cc cc cc cc cc cc cc 48 89 5c 24 08 48 89 6c 24
  0x00007fffb29ca999:   10 48 89 74 24 18 57 48 83 ec 20 41 8b f8 0f b6
  0x00007fffb29ca9a9:   f2 48 8b e9 e8 9e d3 f4 ff 48 8b d8 48 89 44 24
  0x00007fffb29ca9b9:   48 41 b8 01 00 00 00 8b d7 48 8b c8 e8 06 d3 f4
  0x00007fffb29ca9c9:   ff 48 8b c8 44 0f b6 c6 48 8b d5 e8 97 fa ff ff
  0x00007fffb29ca9d9:   48 8b f8 48 8b cb e8 2c d5 f4 ff 90 48 8b c7 48
  0x00007fffb29ca9e9:   8b 5c 24 30 48 8b 6c 24 38 48 8b 74 24 40 48 83
  0x00007fffb29ca9f9:   c4 20 5f c3 cc cc cc 48 8b 49 28 e9 07 07 00 00
  0x00007fffb29caa09:   cc cc cc cc cc cc cc 48 89 5c 24 08 57 48 83 ec
  0x00007fffb29caa19:   20 8b f9 e8 2f d3 f4 ff 48 8b d8 48 89 44 24 38
  0x00007fffb29caa29:   41 b8 01 00 00 00 8b d7 48 8b c8 e8 97 d2 f4 ff
  0x00007fffb29caa39:   48 8b 08 8b 39 48 8b cb e8 ca d4 f4 ff 90 8b c7
  0x00007fffb29caa49:   48 8b 5c 24 30 48 83 c4 20 5f c3 cc cc cc cc cc
  0x00007fffb29caa59:   cc cc cc cc cc cc cc 48 89 5c 24 08 57 48 83 ec
  0x00007fffb29caa69:   20 8b f9 e8 df d2 f4 ff 48 8b d8 48 89 44 24 38
  0x00007fffb29caa79:   41 b8 01 00 00 00 8b d7 48 8b c8 e8 47 d2 f4 ff
=>0x00007fffb29caa89:   48 8b 78 28 48 8b cb e8 7b d4 f4 ff 90 48 8b c7
  0x00007fffb29caa99:   48 8b 5c 24 30 48 83 c4 20 5f c3 cc cc cc cc cc
  0x00007fffb29caaa9:   cc cc cc cc cc cc cc 48 89 5c 24 08 57 48 83 ec
  0x00007fffb29caab9:   20 8b f9 e8 8f d2 f4 ff 48 8b d8 48 89 44 24 38
  0x00007fffb29caac9:   41 b8 01 00 00 00 8b d7 48 8b c8 e8 f7 d1 f4 ff
  0x00007fffb29caad9:   48 8b 78 30 48 8b cb e8 2b d4 f4 ff 90 48 8b c7
  0x00007fffb29caae9:   48 8b 5c 24 30 48 83 c4 20 5f c3 cc cc cc cc cc
  0x00007fffb29caaf9:   cc cc cc cc cc cc cc 48 89 5c 24 08 57 48 83 ec
  0x00007fffb29cab09:   20 8b f9 e8 3f d2 f4 ff 48 8b d8 48 89 44 24 38
  0x00007fffb29cab19:   41 b8 01 00 00 00 8b d7 48 8b c8 e8 a7 d1 f4 ff
  0x00007fffb29cab29:   48 8b 78 08 48 85 ff 74 07 48 8b bf 08 0c 00 00
  0x00007fffb29cab39:   48 8b cb e8 cf d3 f4 ff 90 48 8b c7 48 8b 5c 24
  0x00007fffb29cab49:   30 48 83 c4 20 5f c3 f3 0f 10 41 48 c3 cc cc cc
  0x00007fffb29cab59:   cc cc cc cc cc cc cc f3 0f 10 41 4c c3 cc cc cc
  0x00007fffb29cab69:   cc cc cc cc cc cc cc 48 89 5c 24 10 48 89 74 24
  0x00007fffb29cab79:   18 55 57 41 56 48 8d 6c 24 e0 48 81 ec 20 01 00


Stack slot to memory mapping:

stack at sp + 0 slots: 0x00007fffb2a27838 awt.dll
stack at sp + 1 slots: 0x000001e451cbb8a0 points into unknown readable memory: 0x000001e49ca02340 | 40 23 a0 9c e4 01 00 00
stack at sp + 2 slots: 0x000001e4975bf1f8 points into unknown readable memory: 0x00007fff757817b0 | b0 17 78 75 ff 7f 00 00
stack at sp + 3 slots: 0x000001e451cbb8a0 points into unknown readable memory: 0x000001e49ca02340 | 40 23 a0 9c e4 01 00 00
stack at sp + 4 slots: 0x000001e4975bf1f8 points into unknown readable memory: 0x00007fff757817b0 | b0 17 78 75 ff 7f 00 00
stack at sp + 5 slots: 0x00007fffb29c9e48 awt.dll
stack at sp + 6 slots: 0x000001e451cbb8a0 points into unknown readable memory: 0x000001e49ca02340 | 40 23 a0 9c e4 01 00 00
stack at sp + 7 slots: 0x000001e451cbb8a0 points into unknown readable memory: 0x000001e49ca02340 | 40 23 a0 9c e4 01 00 00

Lock stack of current Java thread (top to bottom):

native method entry point (kind = native)  [0x000001e4441dca40, 0x000001e4441dd478]  2616 bytes
[MachCode]
  0x000001e4441dca40: 488b 4b08 | 0fb7 492e | 584c 8d74 | ccf8 6800 | 0000 0068 | 0000 0000 | 5055 488b | ec41 5568 
  0x000001e4441dca60: 0000 0000 | 4c8b 6b08 | 4d8d 6d38 | 5348 8b53 | 0848 8b52 | 0848 8b52 | 1848 8b52 | 7048 8b12 
  0x000001e4441dca80: 5248 8b53 | 1048 85d2 | 0f84 0700 | 0000 4881 | c208 0100 | 0052 488b | 5308 488b | 5208 488b 
  0x000001e4441dcaa0: 5210 5249 | 8bc6 482b | c548 c1e8 | 0350 6800 | 0000 0068 | f7ff ffff | 41c6 8771 | 0400 0001 
  0x000001e4441dcac0: 488b 4310 | 4885 c074 | 208b 88cc | 0000 0083 | c102 8988 | cc00 0000 | 2388 e000 | 0000 0f84 
  0x000001e4441dcae0: e408 0000 | e9cd 0000 | 0048 8b43 | 1848 85c0 | 0f85 b000 | 0000 e805 | 0000 00e9 | 9900 0000 
  0x000001e4441dcb00: 488b d348 | 8d44 2408 | 4c89 6dc0 | 498b cfc5 | f877 4989 | afb8 0300 | 0049 8987 | a803 0000 
  0x000001e4441dcb20: 4883 ec20 | 40f6 c40f | 0f84 1900 | 0000 4883 | ec08 48b8 | 6030 f674 | ff7f 0000 | ffd0 4883 
  0x000001e4441dcb40: c408 e90c | 0000 0048 | b860 30f6 | 74ff 7f00 | 00ff d048 | 83c4 2049 | c787 a803 | 0000 0000 
  0x000001e4441dcb60: 0000 49c7 | 87b8 0300 | 0000 0000 | 0049 c787 | b003 0000 | 0000 0000 | c5f8 7749 | 837f 0800 
  0x000001e4441dcb80: 0f84 0500 | 0000 e935 | 43ff ff4c | 8b6d c04c | 8b75 c84e | 8d74 f500 | c348 8b43 | 1848 85c0 
  0x000001e4441dcba0: 0f84 1000 | 0000 8b08 | 83c1 0289 | 0823 4814 | 0f84 1208 | 0000 493b | a7f0 0400 | 000f 8748 
  0x000001e4441dcbc0: 0000 0089 | 8424 00f0 | ffff 8984 | 2400 e0ff | ff89 8424 | 00d0 ffff | 8984 2400 | c0ff ff89 
  0x000001e4441dcbe0: 8424 00b0 | ffff 8984 | 2400 a0ff | ff89 8424 | 0090 ffff | 8984 2400 | 80ff ff49 | 3ba7 e804 
  0x000001e4441dcc00: 0000 7607 | 4989 a7f0 | 0400 0041 | c687 7104 | 0000 0048 | 8b5d e84c | 8b5b 0845 | 0fb7 5b2e 
  0x000001e4441dcc20: 41c1 e303 | 492b e348 | 83ec 2048 | 83e4 f04c | 8b5b 604d | 85db 0f85 | ab00 0000 | e805 0000 
  0x000001e4441dcc40: 00e9 9900 | 0000 488b | d348 8d44 | 2408 4c89 | 6dc0 498b | cfc5 f877 | 4989 afb8 | 0300 0049 
  0x000001e4441dcc60: 8987 a803 | 0000 4883 | ec20 40f6 | c40f 0f84 | 1900 0000 | 4883 ec08 | 48b8 a05a | f674 ff7f 
  0x000001e4441dcc80: 0000 ffd0 | 4883 c408 | e90c 0000 | 0048 b8a0 | 5af6 74ff | 7f00 00ff | d048 83c4 | 2049 c787 
  0x000001e4441dcca0: a803 0000 | 0000 0000 | 49c7 87b8 | 0300 0000 | 0000 0049 | c787 b003 | 0000 0000 | 0000 c5f8 
  0x000001e4441dccc0: 7749 837f | 0800 0f84 | 0500 0000 | e9ef 41ff | ff4c 8b6d | c04c 8b75 | c84e 8d74 | f500 c348 
  0x000001e4441dcce0: 8b5d e84c | 8b5b 6041 | ffd3 488b | 5de8 4889 | 4518 448b | 5b28 41f6 | c308 0f84 | 1b00 0000 
  0x000001e4441dcd00: 4c8b 5b08 | 4d8b 5b08 | 4d8b 5b18 | 4d8b 5b70 | 4d8b 1b4c | 895d 1048 | 8d55 1048 | 8b43 5849 
  0x000001e4441dcd20: ba40 702f | 75ff 7f00 | 0049 3bc2 | 0f85 ab00 | 0000 e805 | 0000 00e9 | 9900 0000 | 488b d348 
  0x000001e4441dcd40: 8d44 2408 | 4c89 6dc0 | 498b cfc5 | f877 4989 | afb8 0300 | 0049 8987 | a803 0000 | 4883 ec20 
  0x000001e4441dcd60: 40f6 c40f | 0f84 1900 | 0000 4883 | ec08 48b8 | a05a f674 | ff7f 0000 | ffd0 4883 | c408 e90c 
  0x000001e4441dcd80: 0000 0048 | b8a0 5af6 | 74ff 7f00 | 00ff d048 | 83c4 2049 | c787 a803 | 0000 0000 | 0000 49c7 
  0x000001e4441dcda0: 87b8 0300 | 0000 0000 | 0049 c787 | b003 0000 | 0000 0000 | c5f8 7749 | 837f 0800 | 0f84 0500 
  0x000001e4441dcdc0: 0000 e9f9 | 40ff ff4c | 8b6d c04c | 8b75 c84e | 8d74 f500 | c348 8b5d | e848 8b43 | 5849 8d8f 
  0x000001e4441dcde0: c803 0000 | 4c8d 15d5 | 0000 004d | 8997 b003 | 0000 c5f8 | 7749 89af | b803 0000 | 4989 a7a8 
  0x000001e4441dce00: 0300 0041 | c787 5404 | 0000 0400 | 0000 493b | a748 0500 | 0076 0749 | 89a7 4805 | 0000 ffd0 
  0x000001e4441dce20: 493b a748 | 0500 0072 | 0b49 c787 | 4805 0000 | 0000 0000 | c5f8 7748 | 83ec 10c5 | fb11 0424 
  0x000001e4441dce40: 4883 ec10 | 4889 0424 | 48c7 4424 | 0800 0000 | 0041 c787 | 5404 0000 | 0500 0000 | f083 4424 
  0x000001e4441dce60: c000 493b | 6f28 0f87 | 0e00 0000 | 4183 bf50 | 0400 0000 | 0f84 2000 | 0000 498b | cf4c 8be4 
  0x000001e4441dce80: 4883 ec20 | 4883 e4f0 | 48b8 d0b9 | f774 ff7f | 0000 ffd0 | 498b e44d | 33e4 41c7 | 8754 0400 
  0x000001e4441dcea0: 0008 0000 | 004d 8b97 | 7005 0000 | 4983 fa00 | 7435 49c7 | 8770 0500 | 0000 0000 | 0041 ffe2 
  0x000001e4441dcec0: 49ba 00bb | 1d44 e401 | 0000 41ff | d248 83ec | 10c5 fb11 | 0424 4883 | ec10 4889 | 0424 48c7 
  0x000001e4441dcee0: 4424 0800 | 0000 0049 | c787 a803 | 0000 0000 | 0000 49c7 | 87b8 0300 | 0000 0000 | 0049 c787 
  0x000001e4441dcf00: b003 0000 | 0000 0000 | c5f8 774d | 8b9f 3804 | 0000 41c7 | 8300 0100 | 0000 0000 | 0049 bb3a 
  0x000001e4441dcf20: a41d 44e4 | 0100 004c | 3b5d 180f | 8555 0100 | 0048 8b04 | 2448 83c4 | 1048 85c0 | 0f84 2f01 
  0x000001e4441dcf40: 0000 a803 | 0f85 0800 | 0000 488b | 00e9 1f01 | 0000 a801 | 0f85 0900 | 0000 488b | 40fe e90e 
  0x000001e4441dcf60: 0100 0048 | 8b40 ff41 | 807f 4800 | 0f84 ff00 | 0000 4883 | f800 0f84 | f500 0000 | 4d8b 5f38 
  0x000001e4441dcf80: 4d85 db0f | 8414 0000 | 0049 83eb | 084d 895f | 384d 035f | 4049 8903 | e9d4 0000 | 0048 83ec 
  0x000001e4441dcfa0: 7048 8904 | 2448 894c | 2408 4889 | 5424 104c | 8944 2418 | 4c89 4c24 | 204c 8954 | 2428 4c89 
  0x000001e4441dcfc0: 5c24 30c5 | fb11 4424 | 40c5 fb11 | 4c24 48c5 | fb11 5424 | 50c5 fb11 | 5c24 58c5 | fb11 6424 
  0x000001e4441dcfe0: 60c5 fb11 | 6c24 6849 | 8bd7 488b | c848 83ec | 2040 f6c4 | 0f0f 8419 | 0000 0048 | 83ec 0848 
  0x000001e4441dd000: b890 49ea | 74ff 7f00 | 00ff d048 | 83c4 08e9 | 0c00 0000 | 48b8 9049 | ea74 ff7f | 0000 ffd0 
  0x000001e4441dd020: 4883 c420 | c5fb 106c | 2468 c5fb | 1064 2460 | c5fb 105c | 2458 c5fb | 1054 2450 | c5fb 104c 
  0x000001e4441dd040: 2448 c5fb | 1044 2440 | 4c8b 5c24 | 304c 8b54 | 2428 4c8b | 4c24 204c | 8b44 2418 | 488b 5424 
  0x000001e4441dd060: 1048 8b4c | 2408 488b | 0424 4883 | c470 c5f8 | 7748 8945 | 1048 83ec | 1048 8904 | 2448 c744 
  0x000001e4441dd080: 2408 0000 | 0000 4183 | bfd0 0400 | 0002 0f85 | bf00 0000 | 4881 ec80 | 0000 0048 | 8944 2478 
  0x000001e4441dd0a0: 4889 4c24 | 7048 8954 | 2468 4889 | 5c24 6048 | 896c 2450 | 4889 7424 | 4848 897c | 2440 4c89 
  0x000001e4441dd0c0: 4424 384c | 894c 2430 | 4c89 5424 | 284c 895c | 2420 4c89 | 6424 184c | 896c 2410 | 4c89 7424 
  0x000001e4441dd0e0: 084c 893c | 244c 8be4 | 4883 ec20 | 4883 e4f0 | 48b8 d056 | 2f75 ff7f | 0000 ffd0 | 498b e44c 
  0x000001e4441dd100: 8b3c 244c | 8b74 2408 | 4c8b 6c24 | 104c 8b64 | 2418 4c8b | 5c24 204c | 8b54 2428 | 4c8b 4c24 
  0x000001e4441dd120: 304c 8b44 | 2438 488b | 7c24 4048 | 8b74 2448 | 488b 6c24 | 5048 8b5c | 2460 488b | 5424 6848 
  0x000001e4441dd140: 8b4c 2470 | 488b 4424 | 7848 81c4 | 8000 0000 | 4d33 e448 | 8b5d e84c | 8b6b 084d | 8d6d 3849 
  0x000001e4441dd160: 837f 0800 | 0f84 bb00 | 0000 e805 | 0000 00e9 | 9600 0000 | 488d 4424 | 084c 896d | c049 8bcf 
  0x000001e4441dd180: c5f8 7749 | 89af b803 | 0000 4989 | 87a8 0300 | 0048 83ec | 2040 f6c4 | 0f0f 8419 | 0000 0048 
  0x000001e4441dd1a0: 83ec 0848 | b840 79f6 | 74ff 7f00 | 00ff d048 | 83c4 08e9 | 0c00 0000 | 48b8 4079 | f674 ff7f 
  0x000001e4441dd1c0: 0000 ffd0 | 4883 c420 | 49c7 87a8 | 0300 0000 | 0000 0049 | c787 b803 | 0000 0000 | 0000 49c7 
  0x000001e4441dd1e0: 87b0 0300 | 0000 0000 | 00c5 f877 | 4983 7f08 | 000f 8405 | 0000 00e9 | c43c ffff | 4c8b 6dc0 
  0x000001e4441dd200: 4c8b 75c8 | 4e8d 74f5 | 00c3 48b9 | 08ec 5575 | ff7f 0000 | 4883 e4f0 | 48b8 30a8 | 1c75 ff7f 
  0x000001e4441dd220: 0000 ffd0 | f444 8b5b | 2841 f6c3 | 200f 8472 | 0100 0048 | 8d55 a84c | 8b5a 084d | 85db 0f85 
  0x000001e4441dd240: bb00 0000 | e805 0000 | 00e9 9600 | 0000 488d | 4424 084c | 896d c049 | 8bcf c5f8 | 7749 89af 
  0x000001e4441dd260: b803 0000 | 4989 87a8 | 0300 0048 | 83ec 2040 | f6c4 0f0f | 8419 0000 | 0048 83ec | 0848 b870 
  0x000001e4441dd280: 78f6 74ff | 7f00 00ff | d048 83c4 | 08e9 0c00 | 0000 48b8 | 7078 f674 | ff7f 0000 | ffd0 4883 
  0x000001e4441dd2a0: c420 49c7 | 87a8 0300 | 0000 0000 | 0049 c787 | b803 0000 | 0000 0000 | 49c7 87b0 | 0300 0000 
  0x000001e4441dd2c0: 0000 00c5 | f877 4983 | 7f08 000f | 8405 0000 | 00e9 ea3b | ffff 4c8b | 6dc0 4c8b | 75c8 4e8d 
  0x000001e4441dd2e0: 74f5 00c3 | 48b9 08ec | 5575 ff7f | 0000 4883 | e4f0 48b8 | 30a8 1c75 | ff7f 0000 | ffd0 f44c 
  0x000001e4441dd300: 896d c04c | 8b4a 0848 | c742 0800 | 0000 0045 | 8b87 5806 | 0000 4f3b | 4c07 f80f | 8542 0000 
  0x000001e4441dd320: 0041 83af | 5806 0000 | 084f 3b4c | 07f0 0f84 | 2a00 0000 | 498b 01a8 | 020f 8512 | 0000 004c 
  0x000001e4441dd340: 8bc0 4983 | c801 f04d | 0fb1 010f | 840d 0000 | 0041 8387 | 5806 0000 | 08e9 0500 | 0000 e93e 
  0x000001e4441dd360: 0000 004c | 894a 0848 | 8bca 4883 | ec20 40f6 | c40f 0f84 | 1900 0000 | 4883 ec08 | 48b8 904a 
  0x000001e4441dd380: f674 ff7f | 0000 ffd0 | 4883 c408 | e90c 0000 | 0048 b890 | 4af6 74ff | 7f00 00ff | d048 83c4 
  0x000001e4441dd3a0: 204c 8b6d | c048 8b04 | 2448 83c4 | 10c5 fb10 | 0424 4883 | c410 4c8b | 5d18 41ff | d34c 8b5d 
  0x000001e4441dd3c0: f8c9 5f49 | 8be3 ffe7 | ba00 0000 | 00e8 0500 | 0000 e996 | 0000 0048 | 8d44 2408 | 4c89 6dc0 
  0x000001e4441dd3e0: 498b cfc5 | f877 4989 | afb8 0300 | 0049 8987 | a803 0000 | 4883 ec20 | 40f6 c40f | 0f84 1900 
  0x000001e4441dd400: 0000 4883 | ec08 48b8 | 303f f674 | ff7f 0000 | ffd0 4883 | c408 e90c | 0000 0048 | b830 3ff6 
  0x000001e4441dd420: 74ff 7f00 | 00ff d048 | 83c4 2049 | c787 a803 | 0000 0000 | 0000 49c7 | 87b8 0300 | 0000 0000 
  0x000001e4441dd440: 0049 c787 | b003 0000 | 0000 0000 | c5f8 7749 | 837f 0800 | 0f84 0500 | 0000 e961 | 3aff ff4c 
  0x000001e4441dd460: 8b6d c04c | 8b75 c84e | 8d74 f500 | c348 8b5d | e8e9 40f7 | ffff 6690 
[/MachCode]

Compiled method (c1) 2098210 2666   !   3       java.awt.event.InvocationEvent::dispatch (69 bytes)
 total in heap  [0x000001e43d103588,0x000001e43d103d68] = 2016
 relocation     [0x000001e43d103660,0x000001e43d1036e8] = 136
 main code      [0x000001e43d103700,0x000001e43d103cf8] = 1528
 stub code      [0x000001e43d103cf8,0x000001e43d103d60] = 104
 metadata       [0x000001e43d103d60,0x000001e43d103d68] = 8
 immutable data [0x000001e497871c30,0x000001e497871dd8] = 424
 dependencies   [0x000001e497871c30,0x000001e497871c38] = 8
 nul chk table  [0x000001e497871c38,0x000001e497871c50] = 24
 handler table  [0x000001e497871c50,0x000001e497871ce0] = 144
 scopes pcs     [0x000001e497871ce0,0x000001e497871d80] = 160
 scopes data    [0x000001e497871d80,0x000001e497871dd8] = 88

[Constant Pool (empty)]

[MachCode]
[Instructions begin]
  0x000001e43d103700: 660f 1f84 | 0000 0000 | 0066 0f1f | 8400 0000 | 0000 448b | 5208 443b 

  0x000001e43d103718: ;   {runtime_call Shared Runtime ic_miss_blob}
  0x000001e43d103718: 5008 0f85 | 40b0 1107 
[Verified Entry Point]
  0x000001e43d103720: 8984 2400 | 80ff ff55 | 4883 ec30 | 4181 7f20 | 0100 0000 

  0x000001e43d103734: ;   {runtime_call StubRoutines (final stubs)}
  0x000001e43d103734: 7405 e885 | 2110 0748 | 8954 2418 

  0x000001e43d103740: ;   {metadata(method data for {method} {0x000001e4934c2a88} 'dispatch' '()V' in 'java/awt/event/InvocationEvent')}
  0x000001e43d103740: 48be 70da | f893 e401 | 0000 8bbe | cc00 0000 | 83c7 0289 | becc 0000 | 0081 e7fe | 0700 0085 
  0x000001e43d103760: ff0f 84b7 | 0400 000f | be72 1d85 

  0x000001e43d10376c: ;   {metadata(method data for {method} {0x000001e4934c2a88} 'dispatch' '()V' in 'java/awt/event/InvocationEvent')}
  0x000001e43d10376c: f648 be70 | daf8 93e4 | 0100 00bf | 1001 0000 | 7405 bf20 | 0100 0048 | 8b1c 3e48 | 8d5b 0148 
  0x000001e43d10378c: 891c 3e0f | 84d1 0000 | 008b 7228 

  0x000001e43d103798: ; implicit exception: dispatches to 0x000001e43d103c3f
  0x000001e43d103798: 483b 0648 

  0x000001e43d10379c: ;   {metadata(method data for {method} {0x000001e4934c2a88} 'dispatch' '()V' in 'java/awt/event/InvocationEvent')}
  0x000001e43d10379c: 8bfe 48bb | 70da f893 | e401 0000 | 8b7f 0849 | ba00 0000 | 52e4 0100 | 0049 03fa | 483b bb38 
  0x000001e43d1037bc: 0100 0075 | 0d48 8383 | 4001 0000 | 01e9 6000 | 0000 483b | bb48 0100 | 0075 0d48 | 8383 5001 
  0x000001e43d1037dc: 0000 01e9 | 4a00 0000 | 4883 bb38 | 0100 0000 | 7517 4889 | bb38 0100 | 0048 c783 | 4001 0000 
  0x000001e43d1037fc: 0100 0000 | e929 0000 | 0048 83bb | 4801 0000 | 0075 1748 | 89bb 4801 | 0000 48c7 | 8350 0100 
  0x000001e43d10381c: 0001 0000 | 00e9 0800 | 0000 4883 | 8330 0100 | 0001 488b | d60f 1f40 | 0048 b810 | 8877 9ce4 
  0x000001e43d10383c: ;   {virtual_call}
  0x000001e43d10383c: 0100 00e8 

  0x000001e43d103840: ; ImmutableOopMap {[24]=Oop }
                      ;*invokeinterface run {reexecute=0 rethrow=0 return_oop=0}
                      ; - java.awt.event.InvocationEvent::dispatch@11 (line 308)
  0x000001e43d103840: 1cb5 1107 

  0x000001e43d103844: ;   {post_call_nop}
  0x000001e43d103844: 0f1f 8400 | bc02 0000 

  0x000001e43d10384c: ;   {metadata(method data for {method} {0x000001e4934c2a88} 'dispatch' '()V' in 'java/awt/event/InvocationEvent')}
  0x000001e43d10384c: 48ba 70da | f893 e401 | 0000 ff82 | 6001 0000 | 488b 5424 | 18e9 0f03 | 0000 8b72 | 2848 3b06 
  0x000001e43d10386c: ;   {metadata(method data for {method} {0x000001e4934c2a88} 'dispatch' '()V' in 'java/awt/event/InvocationEvent')}
  0x000001e43d10386c: 488b fe48 | bb70 daf8 | 93e4 0100 | 008b 7f08 | 49ba 0000 | 0052 e401 | 0000 4903 | fa48 3bbb 
  0x000001e43d10388c: 1802 0000 | 750d 4883 | 8320 0200 | 0001 e960 | 0000 0048 | 3bbb 2802 | 0000 750d | 4883 8330 
  0x000001e43d1038ac: 0200 0001 | e94a 0000 | 0048 83bb | 1802 0000 | 0075 1748 | 89bb 1802 | 0000 48c7 | 8320 0200 
  0x000001e43d1038cc: 0001 0000 | 00e9 2900 | 0000 4883 | bb28 0200 | 0000 7517 | 4889 bb28 | 0200 0048 | c783 3002 
  0x000001e43d1038ec: 0000 0100 | 0000 e908 | 0000 0048 | 8383 1002 | 0000 0148 | 8bd6 6666 | 9048 b838 | 8877 9ce4 
  0x000001e43d10390c: ;   {virtual_call}
  0x000001e43d10390c: 0100 00e8 

  0x000001e43d103910: ; ImmutableOopMap {[24]=Oop }
                      ;*invokeinterface run {reexecute=0 rethrow=0 return_oop=0}
                      ; - java.awt.event.InvocationEvent::dispatch@47 (line 318)
  0x000001e43d103910: 7ca4 1e07 

  0x000001e43d103914: ;   {post_call_nop}
  0x000001e43d103914: 0f1f 8400 | 8c03 0001 | 488b 5424 | 18e9 4f02 | 0000 498b | 8708 0500 | 004d 33d2 | 4d89 9708 
  0x000001e43d103934: 0500 004d | 33d2 4d89 | 9710 0500 | 0048 85c0 

  0x000001e43d103944: ;   {metadata(method data for {method} {0x000001e4934c2a88} 'dispatch' '()V' in 'java/awt/event/InvocationEvent')}
  0x000001e43d103944: 48be 70da | f893 e401 | 0000 750c | 808e 7101 | 0000 01e9 | af00 0000 | 8b78 0849 | ba00 0000 
  0x000001e43d103964: 52e4 0100 | 0049 03fa | 483b be80 | 0100 0075 | 0d48 8386 | 8801 0000 | 01e9 6000 | 0000 483b 
  0x000001e43d103984: be90 0100 | 0075 0d48 | 8386 9801 | 0000 01e9 | 4a00 0000 | 4883 be80 | 0100 0000 | 7517 4889 
  0x000001e43d1039a4: be80 0100 | 0048 c786 | 8801 0000 | 0100 0000 | e929 0000 | 0048 83be | 9001 0000 | 0075 1748 
  0x000001e43d1039c4: 89be 9001 | 0000 48c7 | 8698 0100 | 0001 0000 | 00e9 0800 | 0000 4883 | 8678 0100 

  0x000001e43d1039e0: ;   {metadata('java/lang/Exception')}
  0x000001e43d1039e0: 0001 48bf | c801 1c52 | e401 0000 | 8b70 0849 | ba00 0000 | 52e4 0100 | 0049 03f2 | 483b 7e40 
  0x000001e43d103a00: 0f85 0500 | 0000 e905 | 0000 004d | 33c0 eb06 | 41b8 0100 | 0000 4585 

  0x000001e43d103a18: ;   {metadata(method data for {method} {0x000001e4934c2a88} 'dispatch' '()V' in 'java/awt/event/InvocationEvent')}
  0x000001e43d103a18: c049 b870 | daf8 93e4 | 0100 00ba | a801 0000 | 7405 bab8 | 0100 0049 | 8b34 1048 | 8d76 0149 
  0x000001e43d103a38: 8934 1048 | 8b54 2418 | 0f84 f500 | 0000 4885 

  0x000001e43d103a48: ;   {metadata(method data for {method} {0x000001e4934c2a88} 'dispatch' '()V' in 'java/awt/event/InvocationEvent')}
  0x000001e43d103a48: c048 bf70 | daf8 93e4 | 0100 0075 | 0c80 8fc1 | 0100 0001 | e9af 0000 | 008b 5808 | 49ba 0000 
  0x000001e43d103a68: 0052 e401 | 0000 4903 | da48 3b9f | d001 0000 | 750d 4883 | 87d8 0100 | 0001 e960 | 0000 0048 
  0x000001e43d103a88: 3b9f e001 | 0000 750d | 4883 87e8 | 0100 0001 | e94a 0000 | 0048 83bf | d001 0000 | 0075 1748 
  0x000001e43d103aa8: 899f d001 | 0000 48c7 | 87d8 0100 | 0001 0000 | 00e9 2900 | 0000 4883 | bfe0 0100 | 0000 7517 
  0x000001e43d103ac8: 4889 9fe0 | 0100 0048 | c787 e801 | 0000 0100 | 0000 e908 | 0000 0048 | 8387 c801 

  0x000001e43d103ae4: ;   {metadata('java/lang/Exception')}
  0x000001e43d103ae4: 0000 0148 | bbc8 011c | 52e4 0100 | 008b 7808 | 49ba 0000 | 0052 e401 | 0000 4903 | fa48 3b5f 
  0x000001e43d103b04: 400f 853e | 0100 00e9 | 0000 0000 | 4c8b c041 | 0fbe 7748 | 85f6 0f85 | 3201 0000 | 4d8b d044 
  0x000001e43d103b24: 8952 3448 | 8bf2 4933 | f048 c1ee | 1448 83fe | 000f 8532 | 0100 0045 | 0fbe 4748 | 4585 c00f 
  0x000001e43d103b44: 853c 0100 | 004c 8bd0 | 4489 5238 | 4c8b c24c | 33c0 49c1 | e814 4983 | f800 0f85 | 3d01 0000 
  0x000001e43d103b64: ;   {metadata(method data for {method} {0x000001e4934c2a88} 'dispatch' '()V' in 'java/awt/event/InvocationEvent')}
  0x000001e43d103b64: 49b8 70da | f893 e401 | 0000 41ff | 80f8 0100 | 004c 8bc2 

  0x000001e43d103b78: ;   {metadata(method data for {method} {0x000001e4934c2a88} 'dispatch' '()V' in 'java/awt/event/InvocationEvent')}
  0x000001e43d103b78: 48be 70da | f893 e401 | 0000 4883 | 8640 0200 | 0001 41b8 | 0100 0000 | 0f1f 8000 

  0x000001e43d103b94: ;   {optimized virtual_call}
  0x000001e43d103b94: 0000 00e8 

  0x000001e43d103b98: ; ImmutableOopMap {}
                      ;*invokevirtual finishedDispatching {reexecute=0 rethrow=0 return_oop=0}
                      ; - java.awt.event.InvocationEvent::dispatch@54 (line 321)
  0x000001e43d103b98: 4403 0000 

  0x000001e43d103b9c: ;   {post_call_nop}
  0x000001e43d103b9c: 0f1f 8400 | 1406 0002 

  0x000001e43d103ba4: ;   {metadata(method data for {method} {0x000001e4934c2a88} 'dispatch' '()V' in 'java/awt/event/InvocationEvent')}
  0x000001e43d103ba4: 48b8 70da | f893 e401 | 0000 ff80 | 7002 0000 | 4883 c430 

  0x000001e43d103bb8: ;   {poll_return}
  0x000001e43d103bb8: 5d49 3b67 | 280f 87f6 | 0000 00c3 | 488b 5424 | 1849 8b87 | 0805 0000 | 4d33 d24d | 8997 0805 
  0x000001e43d103bd8: 0000 4d33 | d24d 8997 | 1005 0000 

  0x000001e43d103be4: ;   {metadata(method data for {method} {0x000001e4934c2a88} 'dispatch' '()V' in 'java/awt/event/InvocationEvent')}
  0x000001e43d103be4: 4c8b c248 | be70 daf8 | 93e4 0100 | 0048 8386 | 8802 0000 | 0141 b801 | 0000 0048 | 8944 2420 
  0x000001e43d103c04: ;   {optimized virtual_call}
  0x000001e43d103c04: 6666 90e8 

  0x000001e43d103c08: ; ImmutableOopMap {[32]=Oop }
                      ;*invokevirtual finishedDispatching {reexecute=0 rethrow=0 return_oop=0}
                      ; - java.awt.event.InvocationEvent::dispatch@63 (line 321)
  0x000001e43d103c08: 54ae 1107 

  0x000001e43d103c0c: ;   {post_call_nop}
  0x000001e43d103c0c: 0f1f 8400 | 8406 0003 | 488b 4424 | 20e9 ce00 

  0x000001e43d103c1c: ;   {metadata({method} {0x000001e4934c2a88} 'dispatch' '()V' in 'java/awt/event/InvocationEvent')}
  0x000001e43d103c1c: 0000 49ba | 802a 4c93 | e401 0000 | 4c89 5424 | 0848 c704 | 24ff ffff 

  0x000001e43d103c34: ;   {runtime_call C1 Runtime counter_overflow_blob}
  0x000001e43d103c34: ffe8 26fa 

  0x000001e43d103c38: ; ImmutableOopMap {rdx=Oop [24]=Oop }
                      ;*synchronization entry
                      ; - java.awt.event.InvocationEvent::dispatch@-1 (line 306)
  0x000001e43d103c38: 1d07 e928 

  0x000001e43d103c3c: ;   {runtime_call C1 Runtime throw_null_pointer_exception_blob}
  0x000001e43d103c3c: fbff ffe8 

  0x000001e43d103c40: ; ImmutableOopMap {rdx=Oop rsi=Oop [24]=Oop }
                      ;*invokeinterface run {reexecute=0 rethrow=0 return_oop=0}
                      ; - java.awt.event.InvocationEvent::dispatch@11 (line 308)
  0x000001e43d103c40: 1c9d 1d07 

  0x000001e43d103c44: ;   {runtime_call C1 Runtime throw_null_pointer_exception_blob}
  0x000001e43d103c44: e817 9d1d 

  0x000001e43d103c48: ; ImmutableOopMap {rdx=Oop rsi=Oop [24]=Oop }
                      ;*invokeinterface run {reexecute=0 rethrow=0 return_oop=0}
                      ; - java.awt.event.InvocationEvent::dispatch@47 (line 318)
  0x000001e43d103c48: 0748 8904 

  0x000001e43d103c4c: ;   {runtime_call C1 Runtime throw_class_cast_exception_blob}
  0x000001e43d103c4c: 24e8 8ec4 

  0x000001e43d103c50: ; ImmutableOopMap {rax=Oop rdx=Oop [24]=Oop }
                      ;*checkcast {reexecute=0 rethrow=0 return_oop=0}
                      ; - java.awt.event.InvocationEvent::dispatch@29 (line 312)
  0x000001e43d103c50: 1d07 8b72 | 3448 83fe | 000f 84c1 | feff ff48 

  0x000001e43d103c60: ;   {runtime_call g1_pre_barrier_slow}
  0x000001e43d103c60: 8934 24e8 | f8ff 1d07 | e9b3 feff | ff49 83f8 | 000f 84c4 | feff ff48 

  0x000001e43d103c78: ;   {runtime_call g1_post_barrier_slow}
  0x000001e43d103c78: 8914 24e8 | e002 1e07 | e9b6 feff | ff44 8b42 | 3849 83f8 | 000f 84b6 | feff ff4c 

  0x000001e43d103c94: ;   {runtime_call g1_pre_barrier_slow}
  0x000001e43d103c94: 8904 24e8 | c4ff 1d07 | e9a8 feff | ff48 83f8 | 000f 84b9 | feff ff48 

  0x000001e43d103cac: ;   {runtime_call g1_post_barrier_slow}
  0x000001e43d103cac: 8914 24e8 | ac02 1e07 | e9ab feff 

  0x000001e43d103cb8: ;   {internal_word}
  0x000001e43d103cb8: ff49 bab9 | 3b10 3de4 | 0100 004d | 8997 6004 

  0x000001e43d103cc8: ;   {runtime_call SafepointBlob}
  0x000001e43d103cc8: 0000 e911 | 2012 0749 | 8b87 0805 | 0000 49c7 | 8708 0500 | 0000 0000 | 0049 c787 | 1005 0000 
  0x000001e43d103ce8: 0000 0000 | 4883 c430 

  0x000001e43d103cf0: ;   {runtime_call C1 Runtime unwind_exception_blob}
  0x000001e43d103cf0: 5de9 6a86 | 1d07 f4f4 
[Stub Code]
  0x000001e43d103cf8: ;   {no_reloc}
  0x000001e43d103cf8: 0f1f 4400 

  0x000001e43d103cfc: ;   {static_stub}
  0x000001e43d103cfc: 0048 bb00 | 0000 0000 

  0x000001e43d103d04: ;   {runtime_call nmethod}
  0x000001e43d103d04: 0000 00e9 | fbff ffff 

  0x000001e43d103d0c: ;   {static_stub}
  0x000001e43d103d0c: 9048 bb00 | 0000 0000 

  0x000001e43d103d14: ;   {runtime_call nmethod}
  0x000001e43d103d14: 0000 00e9 | fbff ffff 

  0x000001e43d103d1c: ;   {static_stub}
  0x000001e43d103d1c: 48bb 0000 | 0000 0000 

  0x000001e43d103d24: ;   {runtime_call nmethod}
  0x000001e43d103d24: 0000 e9fb 

  0x000001e43d103d28: ;   {runtime_call C1 Runtime handle_exception_from_callee_blob}
  0x000001e43d103d28: ffff ffe8 | b0bd 1d07 

  0x000001e43d103d30: ;   {external_word}
  0x000001e43d103d30: 48b9 08ec | 5575 ff7f | 0000 4883 

  0x000001e43d103d3c: ;   {runtime_call}
  0x000001e43d103d3c: e4f0 48b8 | 30a8 1c75 | ff7f 0000 

  0x000001e43d103d48: ;   {section_word}
  0x000001e43d103d48: ffd0 f449 | ba4b 3d10 | 3de4 0100 

  0x000001e43d103d54: ;   {runtime_call DeoptimizationBlob}
  0x000001e43d103d54: 0041 52e9 | 2415 1207 | f4f4 f4f4 
[/MachCode]


Compiled method (c1) 2098241 2375       3       java.awt.EventQueue::dispatchEventImpl (139 bytes)
 total in heap  [0x000001e43d057108,0x000001e43d0595d8] = 9424
 relocation     [0x000001e43d0571e0,0x000001e43d057480] = 672
 main code      [0x000001e43d057480,0x000001e43d0593f0] = 8048
 stub code      [0x000001e43d0593f0,0x000001e43d059500] = 272
 oops           [0x000001e43d059500,0x000001e43d059510] = 16
 metadata       [0x000001e43d059510,0x000001e43d0595d8] = 200
 immutable data [0x000001e451b47940,0x000001e451b480c8] = 1928
 dependencies   [0x000001e451b47940,0x000001e451b47978] = 56
 nul chk table  [0x000001e451b47978,0x000001e451b479f8] = 128
 handler table  [0x000001e451b479f8,0x000001e451b47ab8] = 192
 scopes pcs     [0x000001e451b47ab8,0x000001e451b47e98] = 992
 scopes data    [0x000001e451b47e98,0x000001e451b480c8] = 560

[Constant Pool (empty)]

[MachCode]
[Instructions begin]
  0x000001e43d057480: 660f 1f84 | 0000 0000 | 0066 0f1f | 8400 0000 | 0000 448b | 5208 443b 

  0x000001e43d057498: ;   {runtime_call Shared Runtime ic_miss_blob}
  0x000001e43d057498: 5008 0f85 | c072 1c07 
[Verified Entry Point]
  0x000001e43d0574a0: 8984 2400 | 80ff ff55 | 4881 ecd0 | 0000 0090 | 4181 7f20 | 0100 0000 

  0x000001e43d0574b8: ;   {runtime_call StubRoutines (final stubs)}
  0x000001e43d0574b8: 7405 e801 | e41a 074c | 8984 24a8 

  0x000001e43d0574c4: ;   {metadata(method data for {method} {0x000001e49328d9a8} 'dispatchEventImpl' '(Ljava/awt/AWTEvent;Ljava/lang/Object;)V' in 'java/awt/EventQueue')}
  0x000001e43d0574c4: 0000 0048 | be30 07f3 | 93e4 0100 | 008b becc | 0000 0083 | c702 89be | cc00 0000 | 81e7 fe07 
  0x000001e43d0574e4: 0000 85ff | 0f84 ce1a | 0000 41c6 | 4016 014d 

  0x000001e43d0574f4: ;   {metadata(method data for {method} {0x000001e49328d9a8} 'dispatchEventImpl' '(Ljava/awt/AWTEvent;Ljava/lang/Object;)V' in 'java/awt/EventQueue')}
  0x000001e43d0574f4: 85c0 48bb | 3007 f393 | e401 0000 | 750c 808b | 0901 0000 | 01e9 cb00 | 0000 418b | 4008 49ba 
  0x000001e43d057514: 0000 0052 | e401 0000 | 4903 c248 | 3b83 1801 | 0000 750d | 4883 8320 | 0100 0001 | e960 0000 
  0x000001e43d057534: 0048 3b83 | 2801 0000 | 750d 4883 | 8330 0100 | 0001 e94a | 0000 0048 | 83bb 1801 | 0000 0075 
  0x000001e43d057554: 1748 8983 | 1801 0000 | 48c7 8320 | 0100 0001 | 0000 00e9 | 2900 0000 | 4883 bb28 | 0100 0000 
  0x000001e43d057574: 7517 4889 | 8328 0100 | 0048 c783 | 3001 0000 | 0100 0000 | e908 0000 | 0048 8383 | 1001 0000 
  0x000001e43d057594: ;   {metadata('java/awt/ActiveEvent')}
  0x000001e43d057594: 0148 b888 | 224c 93e4 | 0100 0041 | 8b58 0849 | ba00 0000 | 52e4 0100 | 0049 03da | 483b 4320 
  0x000001e43d0575b4: 0f84 2400 | 0000 483b | d80f 841b | 0000 0053 

  0x000001e43d0575c4: ;   {runtime_call C1 Runtime slow_subtype_check_blob}
  0x000001e43d0575c4: 50e8 7695 | 2807 5b5b | 85db 0f84 | 0500 0000 | e905 0000 | 0048 33f6 | eb05 be01 | 0000 0085 
  0x000001e43d0575e4: ;   {metadata(method data for {method} {0x000001e49328d9a8} 'dispatchEventImpl' '(Ljava/awt/AWTEvent;Ljava/lang/Object;)V' in 'java/awt/EventQueue')}
  0x000001e43d0575e4: f648 be30 | 07f3 93e4 | 0100 00bf | 5001 0000 | 7505 bf40 | 0100 0048 | 8b1c 3e48 | 8d5b 0148 
  0x000001e43d057604: 891c 3e0f | 856b 1500 | 004d 85c9 

  0x000001e43d057610: ;   {metadata(method data for {method} {0x000001e49328d9a8} 'dispatchEventImpl' '(Ljava/awt/AWTEvent;Ljava/lang/Object;)V' in 'java/awt/EventQueue')}
  0x000001e43d057610: 48bb 3007 | f393 e401 | 0000 750c | 808b 0102 | 0000 01e9 | b100 0000 | 418b 4108 | 49ba 0000 
  0x000001e43d057630: 0052 e401 | 0000 4903 | c248 3b83 | 1002 0000 | 750d 4883 | 8318 0200 | 0001 e960 | 0000 0048 
  0x000001e43d057650: 3b83 2002 | 0000 750d | 4883 8328 | 0200 0001 | e94a 0000 | 0048 83bb | 1002 0000 | 0075 1748 
  0x000001e43d057670: 8983 1002 | 0000 48c7 | 8318 0200 | 0001 0000 | 00e9 2900 | 0000 4883 | bb20 0200 | 0000 7517 
  0x000001e43d057690: 4889 8320 | 0200 0048 | c783 2802 | 0000 0100 | 0000 e908 | 0000 0048 | 8383 0802 

  0x000001e43d0576ac: ;   {metadata('java/awt/Component')}
  0x000001e43d0576ac: 0000 0148 | b8e0 5709 | 93e4 0100 | 0041 8b59 | 0849 ba00 | 0000 52e4 | 0100 0049 | 03da 483b 
  0x000001e43d0576cc: 4338 0f85 | 0500 0000 | e905 0000 | 0048 33f6 | eb05 be01 | 0000 0085 

  0x000001e43d0576e4: ;   {metadata(method data for {method} {0x000001e49328d9a8} 'dispatchEventImpl' '(Ljava/awt/AWTEvent;Ljava/lang/Object;)V' in 'java/awt/EventQueue')}
  0x000001e43d0576e4: f648 be30 | 07f3 93e4 | 0100 00bf | 3802 0000 | 7405 bf48 | 0200 0048 | 8b1c 3e48 | 8d5b 0148 
  0x000001e43d057704: 891c 3e0f | 84dc 0600 | 004d 85c9 

  0x000001e43d057710: ;   {metadata(method data for {method} {0x000001e49328d9a8} 'dispatchEventImpl' '(Ljava/awt/AWTEvent;Ljava/lang/Object;)V' in 'java/awt/EventQueue')}
  0x000001e43d057710: 48bf 3007 | f393 e401 | 0000 750c | 808f 5102 | 0000 01e9 | b100 0000 | 418b 5908 | 49ba 0000 
  0x000001e43d057730: 0052 e401 | 0000 4903 | da48 3b9f | 6002 0000 | 750d 4883 | 8768 0200 | 0001 e960 | 0000 0048 
  0x000001e43d057750: 3b9f 7002 | 0000 750d | 4883 8778 | 0200 0001 | e94a 0000 | 0048 83bf | 6002 0000 | 0075 1748 
  0x000001e43d057770: 899f 6002 | 0000 48c7 | 8768 0200 | 0001 0000 | 00e9 2900 | 0000 4883 | bf70 0200 | 0000 7517 
  0x000001e43d057790: 4889 9f70 | 0200 0048 | c787 7802 | 0000 0100 | 0000 e908 | 0000 0048 | 8387 5802 

  0x000001e43d0577ac: ;   {metadata('java/awt/Component')}
  0x000001e43d0577ac: 0000 0148 | bbe0 5709 | 93e4 0100 | 0041 8b79 | 0849 ba00 | 0000 52e4 | 0100 0049 | 03fa 483b 
  0x000001e43d0577cc: 5f38 0f85 | 0e18 0000 | e900 0000 | 0049 8bd1 

  0x000001e43d0577dc: ; implicit exception: dispatches to 0x000001e43d058feb
  0x000001e43d0577dc: 483b 0248 

  0x000001e43d0577e0: ;   {metadata(method data for {method} {0x000001e49328d9a8} 'dispatchEventImpl' '(Ljava/awt/AWTEvent;Ljava/lang/Object;)V' in 'java/awt/EventQueue')}
  0x000001e43d0577e0: 8bf2 48bf | 3007 f393 | e401 0000 | 8b76 0849 | ba00 0000 | 52e4 0100 | 0049 03f2 | 483b b790 
  0x000001e43d057800: 0200 0075 | 0d48 8387 | 9802 0000 | 01e9 6000 | 0000 483b | b7a0 0200 | 0075 0d48 | 8387 a802 
  0x000001e43d057820: 0000 01e9 | 4a00 0000 | 4883 bf90 | 0200 0000 | 7517 4889 | b790 0200 | 0048 c787 | 9802 0000 
  0x000001e43d057840: 0100 0000 | e929 0000 | 0048 83bf | a002 0000 | 0075 1748 | 89b7 a002 | 0000 48c7 | 87a8 0200 
  0x000001e43d057860: 0001 0000 | 00e9 0800 | 0000 4883 | 8788 0200 

  0x000001e43d057870: ;   {metadata(method data for {method} {0x000001e493088c70} 'dispatchEvent' '(Ljava/awt/AWTEvent;)V' in 'java/awt/Component')}
  0x000001e43d057870: 0001 48be | 98ba f193 | e401 0000 | 8bbe cc00 | 0000 83c7 | 0289 becc | 0000 0081 | e7fe ff1f 
  0x000001e43d057890: 0085 ff0f | 8457 1700 | 0048 8bf2 

  0x000001e43d05789c: ;   {metadata(method data for {method} {0x000001e493088c70} 'dispatchEvent' '(Ljava/awt/AWTEvent;)V' in 'java/awt/Component')}
  0x000001e43d05789c: 48bf 98ba | f193 e401 | 0000 8b76 | 0849 ba00 | 0000 52e4 | 0100 0049 | 03f2 483b | b718 0100 
  0x000001e43d0578bc: 0075 0d48 | 8387 2001 | 0000 01e9 | 6000 0000 | 483b b728 | 0100 0075 | 0d48 8387 | 3001 0000 
  0x000001e43d0578dc: 01e9 4a00 | 0000 4883 | bf18 0100 | 0000 7517 | 4889 b718 | 0100 0048 | c787 2001 | 0000 0100 
  0x000001e43d0578fc: 0000 e929 | 0000 0048 | 83bf 2801 | 0000 0075 | 1748 89b7 | 2801 0000 | 48c7 8730 | 0100 0001 
  0x000001e43d05791c: 0000 00e9 | 0800 0000 | 4883 8710 | 0100 0001 | 498b f04c | 8bc6 6666 | 9048 b860 | 6d76 9ce4 
  0x000001e43d05793c: ;   {virtual_call}
  0x000001e43d05793c: 0100 00e8 

  0x000001e43d057940: ; ImmutableOopMap {[168]=Oop }
                      ;*invokevirtual dispatchEventImpl {reexecute=0 rethrow=0 return_oop=0}
                      ; - java.awt.Component::dispatchEvent@2 (line 4790)
                      ; - java.awt.EventQueue::dispatchEventImpl@41 (line 725)
  0x000001e43d057940: bc0f 3007 

  0x000001e43d057944: ;   {post_call_nop}
  0x000001e43d057944: 0f1f 8400 | 3c08 0000 | 4c8b 8424 | a800 0000 

  0x000001e43d057954: ;   {metadata(method data for {method} {0x000001e49328d9a8} 'dispatchEventImpl' '(Ljava/awt/AWTEvent;Ljava/lang/Object;)V' in 'java/awt/EventQueue')}
  0x000001e43d057954: 48be 3007 | f393 e401 | 0000 458b | 4008 49ba | 0000 0052 | e401 0000 | 4d03 c24c | 3b86 c002 
  0x000001e43d057974: 0000 750d | 4883 86c8 | 0200 0001 | e960 0000 | 004c 3b86 | d002 0000 | 750d 4883 | 86d8 0200 
  0x000001e43d057994: 0001 e94a | 0000 0048 | 83be c002 | 0000 0075 | 174c 8986 | c002 0000 | 48c7 86c8 | 0200 0001 
  0x000001e43d0579b4: 0000 00e9 | 2900 0000 | 4883 bed0 | 0200 0000 | 7517 4c89 | 86d0 0200 | 0048 c786 | d802 0000 
  0x000001e43d0579d4: 0100 0000 | e908 0000 | 0048 8386 | b802 0000 

  0x000001e43d0579e4: ;   {metadata(method data for {method} {0x000001e4930fcab8} 'dispatched' '()V' in 'java/awt/AWTEvent')}
  0x000001e43d0579e4: 0148 bef0 | 0ff3 93e4 | 0100 008b | becc 0000 | 0083 c702 | 89be cc00 | 0000 81e7 | feff 1f00 
  0x000001e43d057a04: 85ff 0f84 | 0516 0000 | 4c8b 8424 | a800 0000 

  0x000001e43d057a14: ;   {metadata(method data for {method} {0x000001e4930fcab8} 'dispatched' '()V' in 'java/awt/AWTEvent')}
  0x000001e43d057a14: 4d85 c048 | bbf0 0ff3 | 93e4 0100 | 0075 0c80 | 8b09 0100 | 0001 e9b1 | 0000 0041 | 8b40 0849 
  0x000001e43d057a34: ba00 0000 | 52e4 0100 | 0049 03c2 | 483b 8318 | 0100 0075 | 0d48 8383 | 2001 0000 | 01e9 6000 
  0x000001e43d057a54: 0000 483b | 8328 0100 | 0075 0d48 | 8383 3001 | 0000 01e9 | 4a00 0000 | 4883 bb18 | 0100 0000 
  0x000001e43d057a74: 7517 4889 | 8318 0100 | 0048 c783 | 2001 0000 | 0100 0000 | e929 0000 | 0048 83bb | 2801 0000 
  0x000001e43d057a94: 0075 1748 | 8983 2801 | 0000 48c7 | 8330 0100 | 0001 0000 | 00e9 0800 | 0000 4883 | 8310 0100 
  0x000001e43d057ab4: ;   {metadata('java/awt/event/InputEvent')}
  0x000001e43d057ab4: 0001 48b8 | 4020 1093 | e401 0000 | 418b 5808 | 49ba 0000 | 0052 e401 | 0000 4903 | da48 3b43 
  0x000001e43d057ad4: 500f 8505 | 0000 00e9 | 0500 0000 | 4833 f6eb | 05be 0100 | 0000 85f6 

  0x000001e43d057aec: ;   {metadata(method data for {method} {0x000001e4930fcab8} 'dispatched' '()V' in 'java/awt/AWTEvent')}
  0x000001e43d057aec: 48be f00f | f393 e401 | 0000 bf40 | 0100 0074 | 05bf 5001 | 0000 488b | 1c3e 488d | 5b01 4889 
  0x000001e43d057b0c: 1c3e 0f84 | 8514 0000 

  0x000001e43d057b14: ;   {metadata(method data for {method} {0x000001e4930fcab8} 'dispatched' '()V' in 'java/awt/AWTEvent')}
  0x000001e43d057b14: 48be f00f | f393 e401 | 0000 4883 | 8660 0100 

  0x000001e43d057b24: ;   {metadata(method data for {method} {0x000001e49311e108} 'getInputEventAccessor' '()Lsun/awt/AWTAccessor$InputEventAccessor;' in 'sun/awt/AWTAccessor')}
  0x000001e43d057b24: 0001 48be | e0b7 f193 | e401 0000 | 8bbe cc00 | 0000 83c7 | 0289 becc | 0000 0081 | e7fe ff1f 
  0x000001e43d057b44: 0085 ff0f | 84e5 1400 

  0x000001e43d057b4c: ;   {oop(a 'java/lang/Class'{0x0000000090c475b0} = 'sun/awt/AWTAccessor')}
  0x000001e43d057b4c: 0048 beb0 | 75c4 9000 | 0000 008b | b684 0000 | 0048 85f6 

  0x000001e43d057b60: ;   {metadata(method data for {method} {0x000001e49311e108} 'getInputEventAccessor' '()Lsun/awt/AWTAccessor$InputEventAccessor;' in 'sun/awt/AWTAccessor')}
  0x000001e43d057b60: 48bf e0b7 | f193 e401 | 0000 bb10 | 0100 0075 | 05bb 2001 | 0000 488b | 041f 488d | 4001 4889 
  0x000001e43d057b80: 041f 0f85 | b412 0000 

  0x000001e43d057b88: ;   {metadata(method data for {method} {0x000001e49311e108} 'getInputEventAccessor' '()Lsun/awt/AWTAccessor$InputEventAccessor;' in 'sun/awt/AWTAccessor')}
  0x000001e43d057b88: 48be e0b7 | f193 e401 | 0000 4883 | 8630 0100 

  0x000001e43d057b98: ;   {metadata(method data for {method} {0x000001e4931208c8} 'ensureClassInitialized' '(Ljava/lang/Class;)V' in 'sun/awt/AWTAccessor')}
  0x000001e43d057b98: 0001 48be | 784c 7f93 | e401 0000 | 8bbe cc00 | 0000 83c7 | 0289 becc | 0000 0081 | e7fe ff1f 
  0x000001e43d057bb8: 0085 ff0f | 8492 1400 

  0x000001e43d057bc0: ;   {metadata(method data for {method} {0x000001e4931208c8} 'ensureClassInitialized' '(Ljava/lang/Class;)V' in 'sun/awt/AWTAccessor')}
  0x000001e43d057bc0: 0048 be78 | 4c7f 93e4 | 0100 0048 | 8386 1001 

  0x000001e43d057bd0: ;   {metadata(method data for {method} {0x000001e45244b720} 'lookup' '()Ljava/lang/invoke/MethodHandles$Lookup;' in 'java/lang/invoke/MethodHandles')}
  0x000001e43d057bd0: 0000 0148 | bed8 537f | 93e4 0100 | 008b becc | 0000 0083 | c702 89be | cc00 0000 | 81e7 feff 
  0x000001e43d057bf0: 1f00 85ff | 0f84 7a14 

  0x000001e43d057bf8: ;   {metadata(method data for {method} {0x000001e45244b720} 'lookup' '()Ljava/lang/invoke/MethodHandles$Lookup;' in 'java/lang/invoke/MethodHandles')}
  0x000001e43d057bf8: 0000 48be | d853 7f93 | e401 0000 | 4883 8610 | 0100 0001 

  0x000001e43d057c0c: ;   {static_call}
  0x000001e43d057c0c: 6666 90e8 

  0x000001e43d057c10: ; ImmutableOopMap {[168]=Oop }
                      ;*invokestatic getCallerClass {reexecute=0 rethrow=0 return_oop=0}
                      ; - java.lang.invoke.MethodHandles::lookup@0 (line 126)
                      ; - sun.awt.AWTAccessor::ensureClassInitialized@0 (line 1464)
                      ; - sun.awt.AWTAccessor::getInputEventAccessor@10 (line 963)
                      ; - java.awt.AWTEvent::dispatched@7 (line 571)
                      ; - java.awt.EventQueue::dispatchEventImpl@45 (line 726)
  0x000001e43d057c10: 4c74 1c07 

  0x000001e43d057c14: ;   {post_call_nop}
  0x000001e43d057c14: 0f1f 8400 | 0c0b 0001 | 4c8b c04d 

  0x000001e43d057c20: ;   {metadata(method data for {method} {0x000001e45244b720} 'lookup' '()Ljava/lang/invoke/MethodHandles$Lookup;' in 'java/lang/invoke/MethodHandles')}
  0x000001e43d057c20: 85c0 48ba | d853 7f93 | e401 0000 | be30 0100 | 0074 05be | 2001 0000 | 488b 3c32 | 488d 7f01 
  0x000001e43d057c40: 4889 3c32 | 0f84 1d11 

  0x000001e43d057c48: ;   {metadata('java/lang/invoke/MethodHandles$Lookup')}
  0x000001e43d057c48: 0000 48ba | 98b2 1e52 | e401 0000 | 498b 87c8 | 0100 0048 | 8d78 2049 | 3bbf d801 | 0000 0f87 
  0x000001e43d057c68: 2914 0000 | 4989 bfc8 | 0100 0048 | c700 0100 | 0000 488b | ca49 ba00 | 0000 52e4 | 0100 0049 
  0x000001e43d057c88: 2bca 8948 | 0848 33c9 | 8948 0c48 | 33c9 4889 | 4810 4889 | 4818 4c8b 

  0x000001e43d057ca0: ;   {metadata(method data for {method} {0x000001e45244b720} 'lookup' '()Ljava/lang/invoke/MethodHandles$Lookup;' in 'java/lang/invoke/MethodHandles')}
  0x000001e43d057ca0: c848 bfd8 | 537f 93e4 | 0100 0048 | 8387 5001 

  0x000001e43d057cb0: ;   {metadata(method data for {method} {0x000001e45244f9d0} '<init>' '(Ljava/lang/Class;)V' in 'java/lang/invoke/MethodHandles$Lookup')}
  0x000001e43d057cb0: 0000 0149 | b9f0 577f | 93e4 0100 | 0041 8bb9 | cc00 0000 | 83c7 0241 | 89b9 cc00 | 0000 81e7 
  0x000001e43d057cd0: feff 1f00 | 85ff 0f84 | c613 0000 

  0x000001e43d057cdc: ;   {metadata(method data for {method} {0x000001e45244f9d0} '<init>' '(Ljava/lang/Class;)V' in 'java/lang/invoke/MethodHandles$Lookup')}
  0x000001e43d057cdc: 4c8b c848 | bff0 577f | 93e4 0100 | 0048 8387 | 1001 0000 

  0x000001e43d057cf0: ;   {oop(nullptr)}
  0x000001e43d057cf0: 0149 b900 | 0000 0000 | 0000 00bf | 5f00 0000 | 488b d048 | 8984 24b0 | 0000 000f 

  0x000001e43d057d0c: ;   {optimized virtual_call}
  0x000001e43d057d0c: 1f40 00e8 

  0x000001e43d057d10: ; ImmutableOopMap {[168]=Oop [176]=Oop }
                      ;*invokespecial <init> {reexecute=0 rethrow=0 return_oop=0}
                      ; - java.lang.invoke.MethodHandles$Lookup::<init>@5 (line 1534)
                      ; - java.lang.invoke.MethodHandles::lookup@23 (line 130)
                      ; - sun.awt.AWTAccessor::ensureClassInitialized@0 (line 1464)
                      ; - sun.awt.AWTAccessor::getInputEventAccessor@10 (line 963)
                      ; - java.awt.AWTEvent::dispatched@7 (line 571)
                      ; - java.awt.EventQueue::dispatchEventImpl@45 (line 726)
  0x000001e43d057d10: 4c6d 1c07 

  0x000001e43d057d14: ;   {post_call_nop}
  0x000001e43d057d14: 0f1f 8400 | 0c0c 0002 | 488b 8424 | b000 0000 

  0x000001e43d057d24: ;   {metadata(method data for {method} {0x000001e4931208c8} 'ensureClassInitialized' '(Ljava/lang/Class;)V' in 'sun/awt/AWTAccessor')}
  0x000001e43d057d24: 4c8b c048 | ba78 4c7f | 93e4 0100 | 0045 8b40 | 0849 ba00 | 0000 52e4 | 0100 004d | 03c2 4c3b 
  0x000001e43d057d44: 8228 0100 | 0075 0d48 | 8382 3001 | 0000 01e9 | 6000 0000 | 4c3b 8238 | 0100 0075 | 0d48 8382 
  0x000001e43d057d64: 4001 0000 | 01e9 4a00 | 0000 4883 | ba28 0100 | 0000 7517 | 4c89 8228 | 0100 0048 | c782 3001 
  0x000001e43d057d84: 0000 0100 | 0000 e929 | 0000 0048 | 83ba 3801 | 0000 0075 | 174c 8982 | 3801 0000 | 48c7 8240 
  0x000001e43d057da4: 0100 0001 | 0000 00e9 | 0800 0000 | 4883 8220 | 0100 0001 

  0x000001e43d057db8: ;   {oop(a 'java/lang/Class'{0x0000000090c3ee38} = 'java/awt/event/InputEvent')}
  0x000001e43d057db8: 49b8 38ee | c390 0000 | 0000 488b 

  0x000001e43d057dc4: ;   {optimized virtual_call}
  0x000001e43d057dc4: d066 90e8 

  0x000001e43d057dc8: ; ImmutableOopMap {[168]=Oop }
                      ;*invokevirtual ensureInitialized {reexecute=0 rethrow=0 return_oop=0}
                      ; - sun.awt.AWTAccessor::ensureClassInitialized@4 (line 1464)
                      ; - sun.awt.AWTAccessor::getInputEventAccessor@10 (line 963)
                      ; - java.awt.AWTEvent::dispatched@7 (line 571)
                      ; - java.awt.EventQueue::dispatchEventImpl@45 (line 726)
  0x000001e43d057dc8: 946c 1c07 

  0x000001e43d057dcc: ;   {post_call_nop}
  0x000001e43d057dcc: 0f1f 8400 | c40c 0003 

  0x000001e43d057dd4: ;   {metadata(method data for {method} {0x000001e4931208c8} 'ensureClassInitialized' '(Ljava/lang/Class;)V' in 'sun/awt/AWTAccessor')}
  0x000001e43d057dd4: 48ba 784c | 7f93 e401 | 0000 ff82 | 5001 0000 | e943 1000 | 004d 85c9 

  0x000001e43d057dec: ;   {metadata(method data for {method} {0x000001e49328d9a8} 'dispatchEventImpl' '(Ljava/awt/AWTEvent;Ljava/lang/Object;)V' in 'java/awt/EventQueue')}
  0x000001e43d057dec: 48bb 3007 | f393 e401 | 0000 750c | 808b f902 | 0000 01e9 | b000 0000 | 418b 4108 | 49ba 0000 
  0x000001e43d057e0c: 0052 e401 | 0000 4903 | c248 3b83 | 0803 0000 | 750d 4883 | 8310 0300 | 0001 e960 | 0000 0048 
  0x000001e43d057e2c: 3b83 1803 | 0000 750d | 4883 8320 | 0300 0001 | e94a 0000 | 0048 83bb | 0803 0000 | 0075 1748 
  0x000001e43d057e4c: 8983 0803 | 0000 48c7 | 8310 0300 | 0001 0000 | 00e9 2900 | 0000 4883 | bb18 0300 | 0000 7517 
  0x000001e43d057e6c: 4889 8318 | 0300 0048 | c783 2003 | 0000 0100 | 0000 e908 | 0000 0048 | 8383 0003 

  0x000001e43d057e88: ;   {metadata('java/awt/MenuComponent')}
  0x000001e43d057e88: 0000 0148 | b898 d392 | 93e4 0100 | 0041 8b79 | 0849 ba00 | 0000 52e4 | 0100 0049 | 03fa 483b 
  0x000001e43d057ea8: c70f 8505 | 0000 00e9 | 0500 0000 | 4833 f6eb | 05be 0100 | 0000 85f6 

  0x000001e43d057ec0: ;   {metadata(method data for {method} {0x000001e49328d9a8} 'dispatchEventImpl' '(Ljava/awt/AWTEvent;Ljava/lang/Object;)V' in 'java/awt/EventQueue')}
  0x000001e43d057ec0: 48be 3007 | f393 e401 | 0000 bf40 | 0300 0075 | 05bf 3003 | 0000 488b | 1c3e 488d | 5b01 4889 
  0x000001e43d057ee0: 1c3e 0f85 | f00a 0000 

  0x000001e43d057ee8: ;   {metadata(method data for {method} {0x000001e49328d9a8} 'dispatchEventImpl' '(Ljava/awt/AWTEvent;Ljava/lang/Object;)V' in 'java/awt/EventQueue')}
  0x000001e43d057ee8: 4d85 c948 | bb30 07f3 | 93e4 0100 | 0075 0c80 | 8bc1 0300 | 0001 e9dd | 0000 0041 | 8b41 0849 
  0x000001e43d057f08: ba00 0000 | 52e4 0100 | 0049 03c2 | 483b 83d0 | 0300 0075 | 0d48 8383 | d803 0000 | 01e9 6000 
  0x000001e43d057f28: 0000 483b | 83e0 0300 | 0075 0d48 | 8383 e803 | 0000 01e9 | 4a00 0000 | 4883 bbd0 | 0300 0000 
  0x000001e43d057f48: 7517 4889 | 83d0 0300 | 0048 c783 | d803 0000 | 0100 0000 | e929 0000 | 0048 83bb | e003 0000 
  0x000001e43d057f68: 0075 1748 | 8983 e003 | 0000 48c7 | 83e8 0300 | 0001 0000 | 00e9 0800 | 0000 4883 | 83c8 0300 
  0x000001e43d057f88: 0001 660f | 1f44 0000 

  0x000001e43d057f90: ;   {no_reloc}
  0x000001e43d057f90: e93d 1100 | 0000 0000 | 0000 418b | 5908 49ba | 0000 0052 | e401 0000 | 4903 da48 | 3bd8 0f84 
  0x000001e43d057fb0: 3100 0000 | 8b78 1448 | 3b04 3b0f | 8424 0000 | 0083 ff20 | 0f85 1600 | 0000 5350 

  0x000001e43d057fcc: ;   {runtime_call C1 Runtime slow_subtype_check_blob}
  0x000001e43d057fcc: e86f 8b28 | 075b 5885 | c00f 8405 | 0000 00e9 | 0500 0000 | 4833 f6eb | 05be 0100 | 0000 85f6 
  0x000001e43d057fec: ;   {metadata(method data for {method} {0x000001e49328d9a8} 'dispatchEventImpl' '(Ljava/awt/AWTEvent;Ljava/lang/Object;)V' in 'java/awt/EventQueue')}
  0x000001e43d057fec: 48be 3007 | f393 e401 | 0000 bf08 | 0400 0075 | 05bf f803 | 0000 488b | 1c3e 488d | 5b01 4889 
  0x000001e43d05800c: 1c3e 0f85 | 8a08 0000 

  0x000001e43d058014: ;   {metadata(method data for {method} {0x000001e49328d9a8} 'dispatchEventImpl' '(Ljava/awt/AWTEvent;Ljava/lang/Object;)V' in 'java/awt/EventQueue')}
  0x000001e43d058014: 4d85 c948 | bb30 07f3 | 93e4 0100 | 0075 0c80 | 8b89 0400 | 0001 e9b0 | 0000 0041 | 8b41 0849 
  0x000001e43d058034: ba00 0000 | 52e4 0100 | 0049 03c2 | 483b 8398 | 0400 0075 | 0d48 8383 | a004 0000 | 01e9 6000 
  0x000001e43d058054: 0000 483b | 83a8 0400 | 0075 0d48 | 8383 b004 | 0000 01e9 | 4a00 0000 | 4883 bb98 | 0400 0000 
  0x000001e43d058074: 7517 4889 | 8398 0400 | 0048 c783 | a004 0000 | 0100 0000 | e929 0000 | 0048 83bb | a804 0000 
  0x000001e43d058094: 0075 1748 | 8983 a804 | 0000 48c7 | 83b0 0400 | 0001 0000 | 00e9 0800 | 0000 4883 | 8390 0400 
  0x000001e43d0580b4: ;   {metadata('sun/awt/AWTAutoShutdown')}
  0x000001e43d0580b4: 0001 48b8 | 6899 0653 | e401 0000 | 418b 7908 | 49ba 0000 | 0052 e401 | 0000 4903 | fa48 3bc7 
  0x000001e43d0580d4: 0f85 0500 | 0000 e905 | 0000 0048 | 33f6 eb05 | be01 0000 

  0x000001e43d0580e8: ;   {metadata(method data for {method} {0x000001e49328d9a8} 'dispatchEventImpl' '(Ljava/awt/AWTEvent;Ljava/lang/Object;)V' in 'java/awt/EventQueue')}
  0x000001e43d0580e8: 0085 f648 | be30 07f3 | 93e4 0100 | 00bf c004 | 0000 7405 | bfd0 0400 | 0048 8b1c | 3e48 8d5b 
  0x000001e43d058108: 0148 891c | 3e0f 843c | 0100 0048 

  0x000001e43d058114: ;   {metadata(method data for {method} {0x000001e49328d9a8} 'dispatchEventImpl' '(Ljava/awt/AWTEvent;Ljava/lang/Object;)V' in 'java/awt/EventQueue')}
  0x000001e43d058114: 8bf2 48bf | 3007 f393 | e401 0000 | 4883 87e0 | 0400 0001 

  0x000001e43d058128: ;   {metadata(method data for {method} {0x000001e49328cfe0} 'noEvents' '()Z' in 'java/awt/EventQueue')}
  0x000001e43d058128: 48be a03d | f293 e401 | 0000 8bbe | cc00 0000 | 83c7 0289 | becc 0000 | 0081 e7fe | ff1f 0085 
  0x000001e43d058148: ff0f 848d | 0f00 00be | 0000 0000 | e988 0000 | 000f 1f80 | 0000 0000 | 8b7a 203b | 770c 0f83 
  0x000001e43d058168: 9b0f 0000 | 4863 de8b | 7c9f 108b | 7f0c 4885 

  0x000001e43d058178: ;   {metadata(method data for {method} {0x000001e49328cfe0} 'noEvents' '()Z' in 'java/awt/EventQueue')}
  0x000001e43d058178: ff48 bfa0 | 3df2 93e4 | 0100 00bb | 4001 0000 | 7505 bb30 | 0100 0048 | 8b04 1f48 | 8d40 0148 
  0x000001e43d058198: 8904 1f0f | 8570 0000 

  0x000001e43d0581a0: ;   {metadata(method data for {method} {0x000001e49328cfe0} 'noEvents' '()Z' in 'java/awt/EventQueue')}
  0x000001e43d0581a0: 00ff c648 | bfa0 3df2 | 93e4 0100 | 008b 9fd0 | 0000 0083 | c302 899f | d000 0000 | 81e3 fe3f 
  0x000001e43d0581c0: 0000 85db | 0f84 500f | 0000 4d8b 

  0x000001e43d0581cc: ; ImmutableOopMap {rdx=Oop }
                      ;*goto {reexecute=1 rethrow=0 return_oop=0}
                      ; - (reexecute) java.awt.EventQueue::noEvents@24 (line 520)
                      ; - java.awt.EventQueue::dispatchEventImpl@95 (line 732)
                      ;   {poll}
  0x000001e43d0581cc: 5730 4185 

  0x000001e43d0581d0: ;   {metadata(method data for {method} {0x000001e49328cfe0} 'noEvents' '()Z' in 'java/awt/EventQueue')}
  0x000001e43d0581d0: 0248 bfa0 | 3df2 93e4 | 0100 00ff | 8750 0100 | 0083 fe04 

  0x000001e43d0581e4: ;   {metadata(method data for {method} {0x000001e49328cfe0} 'noEvents' '()Z' in 'java/awt/EventQueue')}
  0x000001e43d0581e4: 48bf a03d | f293 e401 | 0000 bb10 | 0100 007d | 05bb 2001 | 0000 488b | 041f 488d | 4001 4889 
  0x000001e43d058204: 041f 0f8d | 0f00 0000 | e94f ffff | ffbe 0000 | 0000 e905 | 0000 00be | 0100 0000 

  0x000001e43d058220: ;   {metadata(method data for {method} {0x000001e49328d9a8} 'dispatchEventImpl' '(Ljava/awt/AWTEvent;Ljava/lang/Object;)V' in 'java/awt/EventQueue')}
  0x000001e43d058220: 85f6 48be | 3007 f393 | e401 0000 | bf10 0500 | 0074 05bf | 2005 0000 | 488b 1c3e | 488d 5b01 
  0x000001e43d058240: 4889 1c3e | 0f84 5f0d | 0000 e9c8 

  0x000001e43d05824c: ;   {metadata(method data for {method} {0x000001e49328d9a8} 'dispatchEventImpl' '(Ljava/awt/AWTEvent;Ljava/lang/Object;)V' in 'java/awt/EventQueue')}
  0x000001e43d05824c: 0500 0048 | ba30 07f3 | 93e4 0100 | 0048 8382 | 7805 0000 

  0x000001e43d058260: ;   {metadata(method data for {method} {0x000001e49328bdb0} 'getEventLog' '()Lsun/util/logging/PlatformLogger;' in 'java/awt/EventQueue')}
  0x000001e43d058260: 0148 ba38 | 13f3 93e4 | 0100 008b | b2cc 0000 | 0083 c602 | 89b2 cc00 | 0000 81e6 | feff 1f00 
  0x000001e43d058280: 85f6 0f84 | b30e 0000 

  0x000001e43d058288: ;   {oop(a 'java/lang/Class'{0x0000000090cdf4b0} = 'java/awt/EventQueue')}
  0x000001e43d058288: 48ba b0f4 | cd90 0000 | 0000 8b52 | 7848 85d2 

  0x000001e43d058298: ;   {metadata(method data for {method} {0x000001e49328bdb0} 'getEventLog' '()Lsun/util/logging/PlatformLogger;' in 'java/awt/EventQueue')}
  0x000001e43d058298: 48ba 3813 | f393 e401 | 0000 be10 | 0100 0075 | 05be 2001 | 0000 488b | 3c32 488d | 7f01 4889 
  0x000001e43d0582b8: 3c32 0f85 | 6400 0000 

  0x000001e43d0582c0: ;   {metadata(method data for {method} {0x000001e49328bdb0} 'getEventLog' '()Lsun/util/logging/PlatformLogger;' in 'java/awt/EventQueue')}
  0x000001e43d0582c0: 48ba 3813 | f393 e401 | 0000 4883 | 8230 0100 

  0x000001e43d0582d0: ;   {oop("java.awt.event.EventQueue"{0x0000000090d00b50})}
  0x000001e43d0582d0: 0001 48ba | 500b d090 | 0000 0000 

  0x000001e43d0582dc: ;   {static_call}
  0x000001e43d0582dc: 6666 90e8 

  0x000001e43d0582e0: ; ImmutableOopMap {[168]=Oop }
                      ;*invokestatic getLogger {reexecute=0 rethrow=0 return_oop=0}
                      ; - java.awt.EventQueue::getEventLog@8 (line 181)
                      ; - java.awt.EventQueue::dispatchEventImpl@111 (line 736)
  0x000001e43d0582e0: 7c6d 1c07 

  0x000001e43d0582e4: ;   {post_call_nop}
  0x000001e43d0582e4: 0f1f 8400 | dc11 0005 

  0x000001e43d0582ec: ;   {oop(a 'java/lang/Class'{0x0000000090cdf4b0} = 'java/awt/EventQueue')}
  0x000001e43d0582ec: 49b8 b0f4 | cd90 0000 | 0000 410f | be57 4885 | d20f 8559 | 0e00 004c | 8bd0 4589 | 5078 f083 
  0x000001e43d05830c: 4424 c000 | 498b d048 | 33d0 48c1 | ea14 4883 | fa00 0f85 | 540e 0000 

  0x000001e43d058324: ;   {oop(a 'java/lang/Class'{0x0000000090cdf4b0} = 'java/awt/EventQueue')}
  0x000001e43d058324: 49b8 b0f4 | cd90 0000 | 0000 458b | 4078 493b | 0049 8bd0 

  0x000001e43d058338: ;   {metadata(method data for {method} {0x000001e49328d9a8} 'dispatchEventImpl' '(Ljava/awt/AWTEvent;Ljava/lang/Object;)V' in 'java/awt/EventQueue')}
  0x000001e43d058338: 48be 3007 | f393 e401 

  0x000001e43d058340: ;   {metadata('sun/util/logging/PlatformLogger')}
  0x000001e43d058340: 0000 49ba | d801 0553 | e401 0000 | 4c89 9690 | 0500 0048 | 8386 9805 

  0x000001e43d058358: ;   {metadata(method data for {method} {0x000001e4931030e8} 'isLoggable' '(Lsun/util/logging/PlatformLogger$Level;)Z' in 'sun/util/logging/PlatformLogger')}
  0x000001e43d058358: 0000 0148 | ba90 6e77 | 93e4 0100 | 008b b2cc | 0000 0083 | c602 89b2 | cc00 0000 | 81e6 feff 
  0x000001e43d058378: 1f00 85f6 | 0f84 130e 

  0x000001e43d058380: ;   {metadata(method data for {method} {0x000001e4931030e8} 'isLoggable' '(Lsun/util/logging/PlatformLogger$Level;)Z' in 'sun/util/logging/PlatformLogger')}
  0x000001e43d058380: 0000 48ba | 906e 7793 | e401 0000 | ff82 1001 | 0000 418b | 500c 483b | 024c 8bc2 

  0x000001e43d05839c: ;   {metadata(method data for {method} {0x000001e4931030e8} 'isLoggable' '(Lsun/util/logging/PlatformLogger$Level;)Z' in 'sun/util/logging/PlatformLogger')}
  0x000001e43d05839c: 48be 906e | 7793 e401 | 0000 458b | 4008 49ba | 0000 0052 | e401 0000 | 4d03 c24c | 3b86 4801 
  0x000001e43d0583bc: 0000 750d | 4883 8650 | 0100 0001 | e960 0000 | 004c 3b86 | 5801 0000 | 750d 4883 | 8660 0100 
  0x000001e43d0583dc: 0001 e94a | 0000 0048 | 83be 4801 | 0000 0075 | 174c 8986 | 4801 0000 | 48c7 8650 | 0100 0001 
  0x000001e43d0583fc: 0000 00e9 | 2900 0000 | 4883 be58 | 0100 0000 | 7517 4c89 | 8658 0100 | 0048 c786 | 6001 0000 
  0x000001e43d05841c: 0100 0000 | e908 0000 | 0048 8386 | 4001 0000 

  0x000001e43d05842c: ;   {oop(a 'sun/util/logging/PlatformLogger$Level'{0x0000000090c3fbd8})}
  0x000001e43d05842c: 0149 b8d8 | fbc3 9000 | 0000 0066 | 0f1f 4400 | 0048 b888 | 6d76 9ce4 

  0x000001e43d058444: ;   {virtual_call}
  0x000001e43d058444: 0100 00e8 

  0x000001e43d058448: ; ImmutableOopMap {[168]=Oop }
                      ;*invokeinterface isLoggable {reexecute=0 rethrow=0 return_oop=0}
                      ; - sun.util.logging.PlatformLogger::isLoggable@17 (line 340)
                      ; - java.awt.EventQueue::dispatchEventImpl@117 (line 736)
  0x000001e43d058448: 1469 1c07 

  0x000001e43d05844c: ;   {post_call_nop}
  0x000001e43d05844c: 0f1f 8400 | 4413 0006 | 83e0 0185 

  0x000001e43d058458: ;   {metadata(method data for {method} {0x000001e49328d9a8} 'dispatchEventImpl' '(Ljava/awt/AWTEvent;Ljava/lang/Object;)V' in 'java/awt/EventQueue')}
  0x000001e43d058458: c048 ba30 | 07f3 93e4 | 0100 00be | b805 0000 | 7405 bec8 | 0500 0048 | 8b3c 3248 | 8d7f 0148 
  0x000001e43d058478: 893c 320f | 8428 0b00 

  0x000001e43d058480: ;   {metadata(method data for {method} {0x000001e49328d9a8} 'dispatchEventImpl' '(Ljava/awt/AWTEvent;Ljava/lang/Object;)V' in 'java/awt/EventQueue')}
  0x000001e43d058480: 0048 ba30 | 07f3 93e4 | 0100 0048 | 8382 d805 

  0x000001e43d058490: ;   {metadata(method data for {method} {0x000001e49328bdb0} 'getEventLog' '()Lsun/util/logging/PlatformLogger;' in 'java/awt/EventQueue')}
  0x000001e43d058490: 0000 0148 | ba38 13f3 | 93e4 0100 | 008b b2cc | 0000 0083 | c602 89b2 | cc00 0000 | 81e6 feff 
  0x000001e43d0584b0: 1f00 85f6 | 0f84 010d 

  0x000001e43d0584b8: ;   {oop(a 'java/lang/Class'{0x0000000090cdf4b0} = 'java/awt/EventQueue')}
  0x000001e43d0584b8: 0000 48ba | b0f4 cd90 | 0000 0000 | 8b52 7848 

  0x000001e43d0584c8: ;   {metadata(method data for {method} {0x000001e49328bdb0} 'getEventLog' '()Lsun/util/logging/PlatformLogger;' in 'java/awt/EventQueue')}
  0x000001e43d0584c8: 85d2 48ba | 3813 f393 | e401 0000 | be10 0100 | 0075 05be | 2001 0000 | 488b 3c32 | 488d 7f01 
  0x000001e43d0584e8: 4889 3c32 | 0f85 6200 

  0x000001e43d0584f0: ;   {metadata(method data for {method} {0x000001e49328bdb0} 'getEventLog' '()Lsun/util/logging/PlatformLogger;' in 'java/awt/EventQueue')}
  0x000001e43d0584f0: 0000 48ba | 3813 f393 | e401 0000 | 4883 8230 | 0100 0001 

  0x000001e43d058504: ;   {oop("java.awt.event.EventQueue"{0x0000000090d00b50})}
  0x000001e43d058504: 48ba 500b | d090 0000 

  0x000001e43d05850c: ;   {static_call}
  0x000001e43d05850c: 0000 90e8 

  0x000001e43d058510: ; ImmutableOopMap {[168]=Oop }
                      ;*invokestatic getLogger {reexecute=0 rethrow=0 return_oop=0}
                      ; - java.awt.EventQueue::getEventLog@8 (line 181)
                      ; - java.awt.EventQueue::dispatchEventImpl@123 (line 737)
  0x000001e43d058510: 4c6b 1c07 

  0x000001e43d058514: ;   {post_call_nop}
  0x000001e43d058514: 0f1f 8400 | 0c14 0007 

  0x000001e43d05851c: ;   {oop(a 'java/lang/Class'{0x0000000090cdf4b0} = 'java/awt/EventQueue')}
  0x000001e43d05851c: 48ba b0f4 | cd90 0000 | 0000 410f | be77 4885 | f60f 85a9 | 0c00 004c | 8bd0 4489 | 5278 f083 
  0x000001e43d05853c: 4424 c000 | 488b f248 | 33f0 48c1 | ee14 4883 | fe00 0f85 | a30c 0000 

  0x000001e43d058554: ;   {oop(a 'java/lang/Class'{0x0000000090cdf4b0} = 'java/awt/EventQueue')}
  0x000001e43d058554: 48ba b0f4 | cd90 0000 | 0000 8b72 | 7848 89b4 | 24b8 0000 | 004c 8b84 | 24a8 0000 

  0x000001e43d058570: ;   {metadata(method data for {method} {0x000001e49328d9a8} 'dispatchEventImpl' '(Ljava/awt/AWTEvent;Ljava/lang/Object;)V' in 'java/awt/EventQueue')}
  0x000001e43d058570: 0048 ba30 | 07f3 93e4 | 0100 0048 | 8382 e805 

  0x000001e43d058580: ;   {metadata(method data for {method} {0x000001e45247f488} 'valueOf' '(Ljava/lang/Object;)Ljava/lang/String;' in 'java/lang/String')}
  0x000001e43d058580: 0000 0148 | bae0 bd2b | 93e4 0100 | 008b bacc | 0000 0083 | c702 89ba | cc00 0000 | 81e7 feff 
  0x000001e43d0585a0: 1f00 85ff | 0f84 650c | 0000 4d85 

  0x000001e43d0585ac: ;   {metadata(method data for {method} {0x000001e45247f488} 'valueOf' '(Ljava/lang/Object;)Ljava/lang/String;' in 'java/lang/String')}
  0x000001e43d0585ac: c048 bae0 | bd2b 93e4 | 0100 00bf | 1001 0000 | 7505 bf20 | 0100 0048 | 8b1c 3a48 | 8d5b 0148 
  0x000001e43d0585cc: 891c 3a0f | 851f 0000 

  0x000001e43d0585d4: ;   {metadata(method data for {method} {0x000001e45247f488} 'valueOf' '(Ljava/lang/Object;)Ljava/lang/String;' in 'java/lang/String')}
  0x000001e43d0585d4: 0048 bae0 | bd2b 93e4 | 0100 00ff | 8230 0100 

  0x000001e43d0585e4: ;   {oop("null"{0x00000000ffe1cbb0})}
  0x000001e43d0585e4: 0048 bfb0 | cbe1 ff00 | 0000 00e9 | ab00 0000 

  0x000001e43d0585f4: ;   {metadata(method data for {method} {0x000001e45247f488} 'valueOf' '(Ljava/lang/Object;)Ljava/lang/String;' in 'java/lang/String')}
  0x000001e43d0585f4: 498b d048 | bfe0 bd2b | 93e4 0100 | 008b 5208 | 49ba 0000 | 0052 e401 | 0000 4903 | d248 3b97 
  0x000001e43d058614: 5001 0000 | 750d 4883 | 8758 0100 | 0001 e960 | 0000 0048 | 3b97 6001 | 0000 750d | 4883 8768 
  0x000001e43d058634: 0100 0001 | e94a 0000 | 0048 83bf | 5001 0000 | 0075 1748 | 8997 5001 | 0000 48c7 | 8758 0100 
  0x000001e43d058654: 0001 0000 | 00e9 2900 | 0000 4883 | bf60 0100 | 0000 7517 | 4889 9760 | 0100 0048 | c787 6801 
  0x000001e43d058674: 0000 0100 | 0000 e908 | 0000 0048 | 8387 4801 | 0000 0149 | 8bd0 0f1f 

  0x000001e43d05868c: ;   {optimized virtual_call}
  0x000001e43d05868c: 4400 00e8 

  0x000001e43d058690: ; ImmutableOopMap {[184]=Oop }
                      ;*invokevirtual toString {reexecute=0 rethrow=0 return_oop=0}
                      ; - java.lang.String::valueOf@11 (line 4543)
                      ; - java.awt.EventQueue::dispatchEventImpl@127 (line 737)
  0x000001e43d058690: cc63 1c07 

  0x000001e43d058694: ;   {post_call_nop}
  0x000001e43d058694: 0f1f 8400 | 8c15 0008 | 488b f890 

  0x000001e43d0586a0: ;   {no_reloc}
  0x000001e43d0586a0: e99a 0b00 | 0090 9090 | 9090 488b 

  0x000001e43d0586ac: ;   {static_call}
  0x000001e43d0586ac: d766 90e8 

  0x000001e43d0586b0: ; ImmutableOopMap {[184]=Oop }
                      ;*invokedynamic {reexecute=0 rethrow=0 return_oop=0}
                      ; - java.awt.EventQueue::dispatchEventImpl@130 (line 737)
  0x000001e43d0586b0: ac69 1c07 

  0x000001e43d0586b4: ;   {post_call_nop}
  0x000001e43d0586b4: 0f1f 8400 | ac15 0009 

  0x000001e43d0586bc: ;   {metadata(method data for {method} {0x000001e49328d9a8} 'dispatchEventImpl' '(Ljava/awt/AWTEvent;Ljava/lang/Object;)V' in 'java/awt/EventQueue')}
  0x000001e43d0586bc: 49b8 3007 | f393 e401 | 0000 4d8d | 8018 0600 | 0048 85c0 | 750b 41f6 | 0001 7505 | f049 8308 
  0x000001e43d0586dc: 0148 8bb4 | 24b8 0000 | 0048 3b06 

  0x000001e43d0586e8: ;   {metadata(method data for {method} {0x000001e49328d9a8} 'dispatchEventImpl' '(Ljava/awt/AWTEvent;Ljava/lang/Object;)V' in 'java/awt/EventQueue')}
  0x000001e43d0586e8: 4c8b c649 | b930 07f3 | 93e4 0100 

  0x000001e43d0586f4: ;   {metadata('sun/util/logging/PlatformLogger')}
  0x000001e43d0586f4: 0049 bad8 | 0105 53e4 | 0100 004d | 8991 3006 | 0000 4983 | 8138 0600 

  0x000001e43d05870c: ;   {metadata(method data for {method} {0x000001e493103d40} 'fine' '(Ljava/lang/String;)V' in 'sun/util/logging/PlatformLogger')}
  0x000001e43d05870c: 0001 49b8 | 3089 dd93 | e401 0000 | 458b 88cc | 0000 0041 | 83c1 0245 | 8988 cc00 | 0000 4181 
  0x000001e43d05872c: e1fe ff1f | 0045 85c9 | 0f84 140b | 0000 8b56 | 0c48 3b02 

  0x000001e43d058740: ;   {metadata(method data for {method} {0x000001e493103d40} 'fine' '(Ljava/lang/String;)V' in 'sun/util/logging/PlatformLogger')}
  0x000001e43d058740: 4c8b c249 | b930 89dd | 93e4 0100 | 0045 8b40 | 0849 ba00 | 0000 52e4 | 0100 004d | 03c2 4d3b 
  0x000001e43d058760: 8148 0100 | 0075 0d49 | 8381 5001 | 0000 01e9 | 6000 0000 | 4d3b 8158 | 0100 0075 | 0d49 8381 
  0x000001e43d058780: 6001 0000 | 01e9 4a00 | 0000 4983 | b948 0100 | 0000 7517 | 4d89 8148 | 0100 0049 | c781 5001 
  0x000001e43d0587a0: 0000 0100 | 0000 e929 | 0000 0049 | 83b9 5801 | 0000 0075 | 174d 8981 | 5801 0000 | 49c7 8160 
  0x000001e43d0587c0: 0100 0001 | 0000 00e9 | 0800 0000 | 4983 8140 | 0100 0001 

  0x000001e43d0587d4: ;   {oop(a 'sun/util/logging/PlatformLogger$Level'{0x0000000090c3fbd8})}
  0x000001e43d0587d4: 49b8 d8fb | c390 0000 | 0000 4c8b 

  0x000001e43d0587e0: ;   {oop(nullptr)}
  0x000001e43d0587e0: c848 bf00 | 0000 0000 | 0000 0066 | 9048 b8b0 | 6d76 9ce4 

  0x000001e43d0587f4: ;   {virtual_call}
  0x000001e43d0587f4: 0100 00e8 

  0x000001e43d0587f8: ; ImmutableOopMap {}
                      ;*invokeinterface log {reexecute=0 rethrow=0 return_oop=0}
                      ; - sun.util.logging.PlatformLogger::fine@12 (line 449)
                      ; - java.awt.EventQueue::dispatchEventImpl@135 (line 737)
  0x000001e43d0587f8: 6465 1c07 

  0x000001e43d0587fc: ;   {post_call_nop}
  0x000001e43d0587fc: 0f1f 8400 | f416 000a | 4881 c4d0 | 0000 005d 

  0x000001e43d05880c: ;   {poll_return}
  0x000001e43d05880c: 493b 6728 | 0f87 5e0a | 0000 c344 | 8b42 3449 | 3b00 498b 

  0x000001e43d058820: ;   {metadata(method data for {method} {0x000001e49328d9a8} 'dispatchEventImpl' '(Ljava/awt/AWTEvent;Ljava/lang/Object;)V' in 'java/awt/EventQueue')}
  0x000001e43d058820: d048 be30 | 07f3 93e4 

  0x000001e43d058828: ;   {metadata('java/awt/EventDispatchThread')}
  0x000001e43d058828: 0100 0049 | baf0 6a09 | 53e4 0100 | 004c 8996 | 3805 0000 | 4883 8640 | 0500 0001 

  0x000001e43d058844: ;   {metadata(method data for {method} {0x000001e4934c4db0} 'stopDispatching' '()V' in 'java/awt/EventDispatchThread')}
  0x000001e43d058844: 48ba 0012 | f393 e401 | 0000 8bb2 | cc00 0000 | 83c6 0289 | b2cc 0000 | 0081 e6fe | ff1f 0085 
  0x000001e43d058864: f60f 8424 | 0a00 00ba | 0000 0000 | 4188 5070 | f083 4424 

  0x000001e43d058878: ;   {metadata(method data for {method} {0x000001e49328d9a8} 'dispatchEventImpl' '(Ljava/awt/AWTEvent;Ljava/lang/Object;)V' in 'java/awt/EventQueue')}
  0x000001e43d058878: c000 49b8 | 3007 f393 | e401 0000 | 41ff 8060 | 0500 0048 | 81c4 d000 

  0x000001e43d058890: ;   {poll_return}
  0x000001e43d058890: 0000 5d49 | 3b67 280f | 8713 0a00 | 00c3 4c8b | 8424 a800 | 0000 4d85 

  0x000001e43d0588a8: ;   {metadata(method data for {method} {0x000001e49328d9a8} 'dispatchEventImpl' '(Ljava/awt/AWTEvent;Ljava/lang/Object;)V' in 'java/awt/EventQueue')}
  0x000001e43d0588a8: c948 bf30 | 07f3 93e4 | 0100 0075 | 0c80 8f11 | 0400 0001 | e9d7 0000 | 0041 8b59 | 0849 ba00 
  0x000001e43d0588c8: 0000 52e4 | 0100 0049 | 03da 483b | 9f20 0400 | 0075 0d48 | 8387 2804 | 0000 01e9 | 6000 0000 
  0x000001e43d0588e8: 483b 9f30 | 0400 0075 | 0d48 8387 | 3804 0000 | 01e9 4a00 | 0000 4883 | bf20 0400 | 0000 7517 
  0x000001e43d058908: 4889 9f20 | 0400 0048 | c787 2804 | 0000 0100 | 0000 e929 | 0000 0048 | 83bf 3004 | 0000 0075 
  0x000001e43d058928: 1748 899f | 3004 0000 | 48c7 8738 | 0400 0001 | 0000 00e9 | 0800 0000 | 4883 8718 | 0400 0001 
  0x000001e43d058948: ;   {no_reloc}
  0x000001e43d058948: e988 0900 | 0000 0000 | 0000 418b | 7908 49ba | 0000 0052 | e401 0000 | 4903 fa48 | 3bfb 0f84 
  0x000001e43d058968: 2c00 0000 | 8b73 1448 | 3b1c 370f | 841f 0000 | 0083 fe20 | 0f85 5d09 | 0000 5753 

  0x000001e43d058984: ;   {runtime_call C1 Runtime slow_subtype_check_blob}
  0x000001e43d058984: e8b7 8128 | 075f 5b85 | db0f 844c | 0900 00e9 | 0000 0000 | 498b d166 | 9048 b8d8 | 6d76 9ce4 
  0x000001e43d0589a4: ;   {virtual_call}
  0x000001e43d0589a4: 0100 00e8 

  0x000001e43d0589a8: ; ImmutableOopMap {}
                      ;*invokevirtual dispatchEvent {reexecute=0 rethrow=0 return_oop=0}
                      ; - java.awt.EventQueue::dispatchEventImpl@81 (line 730)
  0x000001e43d0589a8: b463 1c07 

  0x000001e43d0589ac: ;   {post_call_nop}
  0x000001e43d0589ac: 0f1f 8400 | a418 000b 

  0x000001e43d0589b4: ;   {metadata(method data for {method} {0x000001e49328d9a8} 'dispatchEventImpl' '(Ljava/awt/AWTEvent;Ljava/lang/Object;)V' in 'java/awt/EventQueue')}
  0x000001e43d0589b4: 49b8 3007 | f393 e401 | 0000 41ff | 8078 0400 | 0048 81c4 | d000 0000 

  0x000001e43d0589cc: ;   {poll_return}
  0x000001e43d0589cc: 5d49 3b67 | 280f 8711 | 0900 00c3 | 4c8b 8424 | a800 0000 

  0x000001e43d0589e0: ;   {metadata(method data for {method} {0x000001e49328d9a8} 'dispatchEventImpl' '(Ljava/awt/AWTEvent;Ljava/lang/Object;)V' in 'java/awt/EventQueue')}
  0x000001e43d0589e0: 4d85 c948 | bf30 07f3 | 93e4 0100 | 0075 0c80 | 8f49 0300 | 0001 e9b0 | 0000 0041 | 8b59 0849 
  0x000001e43d058a00: ba00 0000 | 52e4 0100 | 0049 03da | 483b 9f58 | 0300 0075 | 0d48 8387 | 6003 0000 | 01e9 6000 
  0x000001e43d058a20: 0000 483b | 9f68 0300 | 0075 0d48 | 8387 7003 | 0000 01e9 | 4a00 0000 | 4883 bf58 | 0300 0000 
  0x000001e43d058a40: 7517 4889 | 9f58 0300 | 0048 c787 | 6003 0000 | 0100 0000 | e929 0000 | 0048 83bf | 6803 0000 
  0x000001e43d058a60: 0075 1748 | 899f 6803 | 0000 48c7 | 8770 0300 | 0001 0000 | 00e9 0800 | 0000 4883 | 8750 0300 
  0x000001e43d058a80: ;   {metadata('java/awt/MenuComponent')}
  0x000001e43d058a80: 0001 48bb | 98d3 9293 | e401 0000 | 418b 7108 | 49ba 0000 | 0052 e401 | 0000 4903 | f248 3bde 
  0x000001e43d058aa0: 0f85 5808 | 0000 e900 | 0000 0049 | 8bd1 483b | 0248 8bf2 

  0x000001e43d058ab4: ;   {metadata(method data for {method} {0x000001e49328d9a8} 'dispatchEventImpl' '(Ljava/awt/AWTEvent;Ljava/lang/Object;)V' in 'java/awt/EventQueue')}
  0x000001e43d058ab4: 48bf 3007 | f393 e401 | 0000 8b76 | 0849 ba00 | 0000 52e4 | 0100 0049 | 03f2 483b | b788 0300 
  0x000001e43d058ad4: 0075 0d48 | 8387 9003 | 0000 01e9 | 6000 0000 | 483b b798 | 0300 0075 | 0d48 8387 | a003 0000 
  0x000001e43d058af4: 01e9 4a00 | 0000 4883 | bf88 0300 | 0000 7517 | 4889 b788 | 0300 0048 | c787 9003 | 0000 0100 
  0x000001e43d058b14: 0000 e929 | 0000 0048 | 83bf 9803 | 0000 0075 | 1748 89b7 | 9803 0000 | 48c7 87a0 | 0300 0001 
  0x000001e43d058b34: 0000 00e9 | 0800 0000 | 4883 8780 | 0300 0001 

  0x000001e43d058b44: ;   {optimized virtual_call}
  0x000001e43d058b44: 6666 90e8 

  0x000001e43d058b48: ; ImmutableOopMap {}
                      ;*invokevirtual dispatchEvent {reexecute=0 rethrow=0 return_oop=0}
                      ; - java.awt.EventQueue::dispatchEventImpl@63 (line 728)
  0x000001e43d058b48: 145f 1c07 

  0x000001e43d058b4c: ;   {post_call_nop}
  0x000001e43d058b4c: 0f1f 8400 | 441a 000c 

  0x000001e43d058b54: ;   {metadata(method data for {method} {0x000001e49328d9a8} 'dispatchEventImpl' '(Ljava/awt/AWTEvent;Ljava/lang/Object;)V' in 'java/awt/EventQueue')}
  0x000001e43d058b54: 49b8 3007 | f393 e401 | 0000 41ff | 80b0 0300 | 0048 81c4 | d000 0000 

  0x000001e43d058b6c: ;   {poll_return}
  0x000001e43d058b6c: 5d49 3b67 | 280f 8795 | 0700 00c3 

  0x000001e43d058b78: ;   {metadata(method data for {method} {0x000001e49328d9a8} 'dispatchEventImpl' '(Ljava/awt/AWTEvent;Ljava/lang/Object;)V' in 'java/awt/EventQueue')}
  0x000001e43d058b78: 488b f248 | bf30 07f3 | 93e4 0100 | 0048 8387 | 6001 0000 | 0149 8bf0 | 4c8b c60f 

  0x000001e43d058b94: ;   {optimized virtual_call}
  0x000001e43d058b94: 1f40 00e8 

  0x000001e43d058b98: ; ImmutableOopMap {[168]=Oop }
                      ;*invokevirtual setCurrentEventAndMostRecentTimeImpl {reexecute=0 rethrow=0 return_oop=0}
                      ; - java.awt.EventQueue::dispatchEventImpl@14 (line 722)
  0x000001e43d058b98: a4fa fcff 

  0x000001e43d058b9c: ;   {post_call_nop}
  0x000001e43d058b9c: 0f1f 8400 | 941a 000d | 4c8b 8424 | a800 0000 

  0x000001e43d058bac: ;   {metadata(method data for {method} {0x000001e49328d9a8} 'dispatchEventImpl' '(Ljava/awt/AWTEvent;Ljava/lang/Object;)V' in 'java/awt/EventQueue')}
  0x000001e43d058bac: 4d85 c048 | bf30 07f3 | 93e4 0100 | 0075 0c80 | 8f89 0100 | 0001 e9cb | 0000 0041 | 8b58 0849 
  0x000001e43d058bcc: ba00 0000 | 52e4 0100 | 0049 03da | 483b 9f98 | 0100 0075 | 0d48 8387 | a001 0000 | 01e9 6000 
  0x000001e43d058bec: 0000 483b | 9fa8 0100 | 0075 0d48 | 8387 b001 | 0000 01e9 | 4a00 0000 | 4883 bf98 | 0100 0000 
  0x000001e43d058c0c: 7517 4889 | 9f98 0100 | 0048 c787 | a001 0000 | 0100 0000 | e929 0000 | 0048 83bf | a801 0000 
  0x000001e43d058c2c: 0075 1748 | 899f a801 | 0000 48c7 | 87b0 0100 | 0001 0000 | 00e9 0800 | 0000 4883 | 8790 0100 
  0x000001e43d058c4c: ;   {metadata('java/awt/ActiveEvent')}
  0x000001e43d058c4c: 0001 48bb | 8822 4c93 | e401 0000 | 418b 7808 | 49ba 0000 | 0052 e401 | 0000 4903 | fa48 3b5f 
  0x000001e43d058c6c: 200f 841f | 0000 0048 | 3bfb 0f84 | 1600 0000 

  0x000001e43d058c7c: ;   {runtime_call C1 Runtime slow_subtype_check_blob}
  0x000001e43d058c7c: 5753 e8bd | 7e28 075f | 5f85 ff0f | 8495 0600 | 00e9 0000 | 0000 498b | d048 3b02 

  0x000001e43d058c98: ;   {metadata(method data for {method} {0x000001e49328d9a8} 'dispatchEventImpl' '(Ljava/awt/AWTEvent;Ljava/lang/Object;)V' in 'java/awt/EventQueue')}
  0x000001e43d058c98: 488b f248 | bf30 07f3 | 93e4 0100 | 008b 7608 | 49ba 0000 | 0052 e401 | 0000 4903 | f248 3bb7 
  0x000001e43d058cb8: c801 0000 | 750d 4883 | 87d0 0100 | 0001 e960 | 0000 0048 | 3bb7 d801 | 0000 750d | 4883 87e0 
  0x000001e43d058cd8: 0100 0001 | e94a 0000 | 0048 83bf | c801 0000 | 0075 1748 | 89b7 c801 | 0000 48c7 | 87d0 0100 
  0x000001e43d058cf8: 0001 0000 | 00e9 2900 | 0000 4883 | bfd8 0100 | 0000 7517 | 4889 b7d8 | 0100 0048 | c787 e001 
  0x000001e43d058d18: 0000 0100 | 0000 e908 | 0000 0048 | 8387 c001 | 0000 0166 | 9048 b800 | 6e76 9ce4 

  0x000001e43d058d34: ;   {virtual_call}
  0x000001e43d058d34: 0100 00e8 

  0x000001e43d058d38: ; ImmutableOopMap {}
                      ;*invokeinterface dispatch {reexecute=0 rethrow=0 return_oop=0}
                      ; - java.awt.EventQueue::dispatchEventImpl@21 (line 723)
  0x000001e43d058d38: 5450 2907 

  0x000001e43d058d3c: ;   {post_call_nop}
  0x000001e43d058d3c: 0f1f 8400 | 341c 000e 

  0x000001e43d058d44: ;   {metadata(method data for {method} {0x000001e49328d9a8} 'dispatchEventImpl' '(Ljava/awt/AWTEvent;Ljava/lang/Object;)V' in 'java/awt/EventQueue')}
  0x000001e43d058d44: 48ba 3007 | f393 e401 | 0000 ff82 | f001 0000 | 4881 c4d0 | 0000 005d 

  0x000001e43d058d5c: ;   {poll_return}
  0x000001e43d058d5c: 493b 6728 | 0f87 ca05 | 0000 c390 

  0x000001e43d058d68: ;   {no_reloc}
  0x000001e43d058d68: e9e8 0500 | 0000 0000 | 0000 80ba | 4001 0000 | 040f 85e5 | 0500 0049 | 8b87 c801 | 0000 488d 
  0x000001e43d058d88: 7828 493b | bfd8 0100 | 000f 87cd | 0500 0049 | 89bf c801 | 0000 48c7 | 0001 0000 | 0048 8bca 
  0x000001e43d058da8: 49ba 0000 | 0052 e401 | 0000 492b | ca89 4808 | 4833 c989 | 480c 4833 | c948 8948 | 1048 8948 
  0x000001e43d058dc8: 1848 8948 | 2048 8bd0 

  0x000001e43d058dd0: ;   {metadata(method data for {method} {0x000001e45244b720} 'lookup' '()Ljava/lang/invoke/MethodHandles$Lookup;' in 'java/lang/invoke/MethodHandles')}
  0x000001e43d058dd0: 48be d853 | 7f93 e401 | 0000 4883 | 8640 0100 

  0x000001e43d058de0: ;   {oop("no caller frame"{0x00000000ffe27428})}
  0x000001e43d058de0: 0001 49b8 | 2874 e2ff | 0000 0000 | 488b d048 | 8984 24c0 

  0x000001e43d058df4: ;   {optimized virtual_call}
  0x000001e43d058df4: 0000 00e8 

  0x000001e43d058df8: ; ImmutableOopMap {[168]=Oop [192]=Oop }
                      ;*invokespecial <init> {reexecute=0 rethrow=0 return_oop=0}
                      ; - java.lang.invoke.MethodHandles::lookup@14 (line 128)
                      ; - sun.awt.AWTAccessor::ensureClassInitialized@0 (line 1464)
                      ; - sun.awt.AWTAccessor::getInputEventAccessor@10 (line 963)
                      ; - java.awt.AWTEvent::dispatched@7 (line 571)
                      ; - java.awt.EventQueue::dispatchEventImpl@45 (line 726)
  0x000001e43d058df8: 645c 1c07 

  0x000001e43d058dfc: ;   {post_call_nop}
  0x000001e43d058dfc: 0f1f 8400 | f41c 000f | 488b 8424 | c000 0000 | e9cc 0500 | 0049 8b87 | 0805 0000 | 4d33 d24d 
  0x000001e43d058e1c: 8997 0805 | 0000 4d33 | d24d 8997 | 1005 0000 

  0x000001e43d058e2c: ;   {oop(a 'java/lang/Class'{0x0000000090c475b0} = 'sun/awt/AWTAccessor')}
  0x000001e43d058e2c: 48be b075 | c490 0000 | 0000 8bb6 | 8400 0000 | 4c8b 8424 | a800 0000 

  0x000001e43d058e44: ;   {metadata(method data for {method} {0x000001e4930fcab8} 'dispatched' '()V' in 'java/awt/AWTEvent')}
  0x000001e43d058e44: 4d85 c048 | b8f0 0ff3 | 93e4 0100 | 0075 0c80 | 8869 0100 | 0001 e9b1 | 0000 0041 | 8b50 0849 
  0x000001e43d058e64: ba00 0000 | 52e4 0100 | 0049 03d2 | 483b 9078 | 0100 0075 | 0d48 8380 | 8001 0000 | 01e9 6000 
  0x000001e43d058e84: 0000 483b | 9088 0100 | 0075 0d48 | 8380 9001 | 0000 01e9 | 4a00 0000 | 4883 b878 | 0100 0000 
  0x000001e43d058ea4: 7517 4889 | 9078 0100 | 0048 c780 | 8001 0000 | 0100 0000 | e929 0000 | 0048 83b8 | 8801 0000 
  0x000001e43d058ec4: 0075 1748 | 8990 8801 | 0000 48c7 | 8090 0100 | 0001 0000 | 00e9 0800 | 0000 4883 | 8070 0100 
  0x000001e43d058ee4: ;   {metadata('java/awt/event/InputEvent')}
  0x000001e43d058ee4: 0001 48ba | 4020 1093 | e401 0000 | 418b 4008 | 49ba 0000 | 0052 e401 | 0000 4903 | c248 3b50 
  0x000001e43d058f04: 500f 8566 | 0400 00e9 | 0000 0000 | 498b f848 | 85f6 0f84 | 2900 0000 

  0x000001e43d058f1c: ;   {metadata('java/awt/event/InputEvent$1')}
  0x000001e43d058f1c: 48b9 f846 | 0553 e401 | 0000 8b56 | 0849 ba00 | 0000 52e4 | 0100 0049 | 03d2 483b | 4a38 0f85 
  0x000001e43d058f3c: 3a04 0000 | e900 0000 | 0048 8bde 

  0x000001e43d058f48: ; implicit exception: dispatches to 0x000001e43d05937f
                      ;   {metadata(method data for {method} {0x000001e4930fcab8} 'dispatched' '()V' in 'java/awt/AWTEvent')}
  0x000001e43d058f48: 483b 0648 | bbf0 0ff3 | 93e4 0100 

  0x000001e43d058f54: ;   {metadata('java/awt/event/InputEvent$1')}
  0x000001e43d058f54: 0049 baf8 | 4605 53e4 | 0100 004c | 8993 a801 | 0000 4883 | 83b0 0100 

  0x000001e43d058f6c: ;   {metadata(method data for {method} {0x000001e4931390f8} 'setCanAccessSystemClipboard' '(Ljava/awt/event/InputEvent;Z)V' in 'java/awt/event/InputEvent$1')}
  0x000001e43d058f6c: 0001 48be | 58b9 f193 | e401 0000 | 8b9e cc00 | 0000 83c3 | 0289 9ecc | 0000 0081 | e3fe ff1f 
  0x000001e43d058f8c: 0085 db0f | 84ef 0300 | 00c6 4728 

  0x000001e43d058f98: ;   {metadata(method data for {method} {0x000001e49328d9a8} 'dispatchEventImpl' '(Ljava/awt/AWTEvent;Ljava/lang/Object;)V' in 'java/awt/EventQueue')}
  0x000001e43d058f98: 0048 be30 | 07f3 93e4 | 0100 00ff | 86e8 0200 | 0048 81c4 | d000 0000 

  0x000001e43d058fb0: ;   {poll_return}
  0x000001e43d058fb0: 5d49 3b67 | 280f 87ef | 0300 00c3 

  0x000001e43d058fbc: ;   {metadata({method} {0x000001e49328d9a8} 'dispatchEventImpl' '(Ljava/awt/AWTEvent;Ljava/lang/Object;)V' in 'java/awt/EventQueue')}
  0x000001e43d058fbc: 49ba a0d9 | 2893 e401 | 0000 4c89 | 5424 0848 | c704 24ff 

  0x000001e43d058fd0: ;   {runtime_call C1 Runtime counter_overflow_blob}
  0x000001e43d058fd0: ffff ffe8 

  0x000001e43d058fd4: ; ImmutableOopMap {rdx=Oop r8=Oop r9=Oop [168]=Oop }
                      ;*synchronization entry
                      ; - java.awt.EventQueue::dispatchEventImpl@-1 (line 719)
  0x000001e43d058fd4: 88a6 2807 | e911 e5ff 

  0x000001e43d058fdc: ;   {runtime_call C1 Runtime throw_null_pointer_exception_blob}
  0x000001e43d058fdc: ffe8 7e49 

  0x000001e43d058fe0: ; ImmutableOopMap {rdx=Oop r8=Oop r9=Oop [168]=Oop }
                      ;*putfield isPosted {reexecute=1 rethrow=0 return_oop=0}
                      ; - (reexecute) java.awt.EventQueue::dispatchEventImpl@2 (line 719)
  0x000001e43d058fe0: 2807 4c89 

  0x000001e43d058fe4: ;   {runtime_call C1 Runtime throw_class_cast_exception_blob}
  0x000001e43d058fe4: 0c24 e8f5 

  0x000001e43d058fe8: ; ImmutableOopMap {r8=Oop [168]=Oop }
                      ;*checkcast {reexecute=0 rethrow=0 return_oop=0}
                      ; - java.awt.EventQueue::dispatchEventImpl@37 (line 725)
                      ;   {runtime_call C1 Runtime throw_null_pointer_exception_blob}
  0x000001e43d058fe8: 7028 07e8 

  0x000001e43d058fec: ; ImmutableOopMap {r8=Oop rdx=Oop [168]=Oop }
                      ;*invokevirtual dispatchEvent {reexecute=0 rethrow=0 return_oop=0}
                      ; - java.awt.EventQueue::dispatchEventImpl@41 (line 725)
  0x000001e43d058fec: 7049 2807 

  0x000001e43d058ff0: ;   {metadata({method} {0x000001e493088c70} 'dispatchEvent' '(Ljava/awt/AWTEvent;)V' in 'java/awt/Component')}
  0x000001e43d058ff0: 49ba 688c | 0893 e401 | 0000 4c89 | 5424 0848 | c704 24ff 

  0x000001e43d059004: ;   {runtime_call C1 Runtime counter_overflow_blob}
  0x000001e43d059004: ffff ffe8 

  0x000001e43d059008: ; ImmutableOopMap {r8=Oop rdx=Oop [168]=Oop }
                      ;*synchronization entry
                      ; - java.awt.Component::dispatchEvent@-1 (line 4790)
                      ; - java.awt.EventQueue::dispatchEventImpl@41 (line 725)
  0x000001e43d059008: 54a6 2807 | e988 e8ff 

  0x000001e43d059010: ;   {metadata({method} {0x000001e4930fcab8} 'dispatched' '()V' in 'java/awt/AWTEvent')}
  0x000001e43d059010: ff49 bab0 | ca0f 93e4 | 0100 004c | 8954 2408 | 48c7 0424 | ffff ffff 

  0x000001e43d059028: ;   {runtime_call C1 Runtime counter_overflow_blob}
  0x000001e43d059028: e833 a628 

  0x000001e43d05902c: ; ImmutableOopMap {[168]=Oop }
                      ;*synchronization entry
                      ; - java.awt.AWTEvent::dispatched@-1 (line 570)
                      ; - java.awt.EventQueue::dispatchEventImpl@45 (line 726)
  0x000001e43d05902c: 07e9 dae9 

  0x000001e43d059030: ;   {metadata({method} {0x000001e49311e108} 'getInputEventAccessor' '()Lsun/awt/AWTAccessor$InputEventAccessor;' in 'sun/awt/AWTAccessor')}
  0x000001e43d059030: ffff 49ba | 00e1 1193 | e401 0000 | 4c89 5424 | 0848 c704 | 24ff ffff 

  0x000001e43d059048: ;   {runtime_call C1 Runtime counter_overflow_blob}
  0x000001e43d059048: ffe8 12a6 

  0x000001e43d05904c: ; ImmutableOopMap {r8=Oop [168]=Oop }
                      ;*synchronization entry
                      ; - sun.awt.AWTAccessor::getInputEventAccessor@-1 (line 961)
                      ; - java.awt.AWTEvent::dispatched@7 (line 571)
                      ; - java.awt.EventQueue::dispatchEventImpl@45 (line 726)
  0x000001e43d05904c: 2807 e9fa 

  0x000001e43d059050: ;   {metadata({method} {0x000001e4931208c8} 'ensureClassInitialized' '(Ljava/lang/Class;)V' in 'sun/awt/AWTAccessor')}
  0x000001e43d059050: eaff ff49 | bac0 0812 | 93e4 0100 | 004c 8954 | 2408 48c7 | 0424 ffff 

  0x000001e43d059068: ;   {runtime_call C1 Runtime counter_overflow_blob}
  0x000001e43d059068: ffff e8f1 

  0x000001e43d05906c: ; ImmutableOopMap {[168]=Oop }
                      ;*synchronization entry
                      ; - sun.awt.AWTAccessor::ensureClassInitialized@-1 (line 1464)
                      ; - sun.awt.AWTAccessor::getInputEventAccessor@10 (line 963)
                      ; - java.awt.AWTEvent::dispatched@7 (line 571)
                      ; - java.awt.EventQueue::dispatchEventImpl@45 (line 726)
  0x000001e43d05906c: a528 07e9 | 4deb ffff 

  0x000001e43d059074: ;   {metadata({method} {0x000001e45244b720} 'lookup' '()Ljava/lang/invoke/MethodHandles$Lookup;' in 'java/lang/invoke/MethodHandles')}
  0x000001e43d059074: 49ba 18b7 | 4452 e401 | 0000 4c89 | 5424 0848 | c704 24ff 

  0x000001e43d059088: ;   {runtime_call C1 Runtime counter_overflow_blob}
  0x000001e43d059088: ffff ffe8 

  0x000001e43d05908c: ; ImmutableOopMap {[168]=Oop }
                      ;*synchronization entry
                      ; - java.lang.invoke.MethodHandles::lookup@-1 (line 126)
                      ; - sun.awt.AWTAccessor::ensureClassInitialized@0 (line 1464)
                      ; - sun.awt.AWTAccessor::getInputEventAccessor@10 (line 963)
                      ; - java.awt.AWTEvent::dispatched@7 (line 571)
                      ; - java.awt.EventQueue::dispatchEventImpl@45 (line 726)
  0x000001e43d05908c: d0a5 2807 | e965 ebff | ff48 8bd2 

  0x000001e43d059098: ;   {runtime_call C1 Runtime fast_new_instance_blob}
  0x000001e43d059098: e8c3 5128 

  0x000001e43d05909c: ; ImmutableOopMap {r8=Oop [168]=Oop }
                      ;*new {reexecute=0 rethrow=0 return_oop=0}
                      ; - java.lang.invoke.MethodHandles::lookup@18 (line 130)
                      ; - sun.awt.AWTAccessor::ensureClassInitialized@0 (line 1464)
                      ; - sun.awt.AWTAccessor::getInputEventAccessor@10 (line 963)
                      ; - java.awt.AWTEvent::dispatched@7 (line 571)
                      ; - java.awt.EventQueue::dispatchEventImpl@45 (line 726)
  0x000001e43d05909c: 07e9 fceb 

  0x000001e43d0590a0: ;   {metadata({method} {0x000001e45244f9d0} '<init>' '(Ljava/lang/Class;)V' in 'java/lang/invoke/MethodHandles$Lookup')}
  0x000001e43d0590a0: ffff 49ba | c8f9 4452 | e401 0000 | 4c89 5424 | 0848 c704 | 24ff ffff 

  0x000001e43d0590b8: ;   {runtime_call C1 Runtime counter_overflow_blob}
  0x000001e43d0590b8: ffe8 a2a5 

  0x000001e43d0590bc: ; ImmutableOopMap {r8=Oop rax=Oop [168]=Oop }
                      ;*synchronization entry
                      ; - java.lang.invoke.MethodHandles$Lookup::<init>@-1 (line 1534)
                      ; - java.lang.invoke.MethodHandles::lookup@23 (line 130)
                      ; - sun.awt.AWTAccessor::ensureClassInitialized@0 (line 1464)
                      ; - sun.awt.AWTAccessor::getInputEventAccessor@10 (line 963)
                      ; - java.awt.AWTEvent::dispatched@7 (line 571)
                      ; - java.awt.EventQueue::dispatchEventImpl@45 (line 726)
  0x000001e43d0590bc: 2807 e919 

  0x000001e43d0590c0: ;   {metadata(nullptr)}
  0x000001e43d0590c0: ecff ff48 | b800 0000 | 0000 0000 | 00b8 000f 

  0x000001e43d0590d0: ;   {runtime_call C1 Runtime load_klass_patching_blob}
  0x000001e43d0590d0: 050a e809 

  0x000001e43d0590d4: ; ImmutableOopMap {rdx=Oop r9=Oop [168]=Oop }
                      ;*instanceof {reexecute=1 rethrow=0 return_oop=0}
                      ; - (reexecute) java.awt.EventQueue::dispatchEventImpl@70 (line 729)
  0x000001e43d0590d4: 9528 07e9 | b4ee ffff 

  0x000001e43d0590dc: ;   {metadata({method} {0x000001e49328cfe0} 'noEvents' '()Z' in 'java/awt/EventQueue')}
  0x000001e43d0590dc: 49ba d8cf | 2893 e401 | 0000 4c89 | 5424 0848 | c704 24ff 

  0x000001e43d0590f0: ;   {runtime_call C1 Runtime counter_overflow_blob}
  0x000001e43d0590f0: ffff ffe8 

  0x000001e43d0590f4: ; ImmutableOopMap {rdx=Oop }
                      ;*synchronization entry
                      ; - java.awt.EventQueue::noEvents@-1 (line 520)
                      ; - java.awt.EventQueue::dispatchEventImpl@95 (line 732)
  0x000001e43d0590f4: 68a5 2807 | e952 f0ff 

  0x000001e43d0590fc: ;   {runtime_call C1 Runtime throw_null_pointer_exception_blob}
  0x000001e43d0590fc: ffe8 5e48 

  0x000001e43d059100: ; ImmutableOopMap {rdx=Oop rdi=Oop }
                      ;*aaload {reexecute=0 rethrow=0 return_oop=0}
                      ; - java.awt.EventQueue::noEvents@12 (line 521)
                      ; - java.awt.EventQueue::dispatchEventImpl@95 (line 732)
                      ;   {runtime_call C1 Runtime throw_null_pointer_exception_blob}
  0x000001e43d059100: 2807 e859 

  0x000001e43d059104: ; ImmutableOopMap {rdx=Oop rdi=Oop }
                      ;*aaload {reexecute=0 rethrow=0 return_oop=0}
                      ; - java.awt.EventQueue::noEvents@12 (line 521)
                      ; - java.awt.EventQueue::dispatchEventImpl@95 (line 732)
  0x000001e43d059104: 4828 0748 | 8934 2448 | 897c 2408 

  0x000001e43d059110: ;   {runtime_call C1 Runtime throw_range_check_failed_blob}
  0x000001e43d059110: e8cb 3b28 

  0x000001e43d059114: ; ImmutableOopMap {rdx=Oop rdi=Oop }
                      ;*aaload {reexecute=0 rethrow=0 return_oop=0}
                      ; - java.awt.EventQueue::noEvents@12 (line 521)
                      ; - java.awt.EventQueue::dispatchEventImpl@95 (line 732)
                      ;   {runtime_call C1 Runtime throw_null_pointer_exception_blob}
  0x000001e43d059114: 07e8 4648 

  0x000001e43d059118: ; ImmutableOopMap {rdx=Oop }
                      ;*getfield head {reexecute=1 rethrow=0 return_oop=0}
                      ; - (reexecute) java.awt.EventQueue::noEvents@13 (line 521)
                      ; - java.awt.EventQueue::dispatchEventImpl@95 (line 732)
                      ;   {metadata({method} {0x000001e49328cfe0} 'noEvents' '()Z' in 'java/awt/EventQueue')}
  0x000001e43d059118: 2807 49ba | d8cf 2893 | e401 0000 | 4c89 5424 | 0848 c704 | 2418 0000 

  0x000001e43d059130: ;   {runtime_call C1 Runtime counter_overflow_blob}
  0x000001e43d059130: 00e8 2aa5 

  0x000001e43d059134: ; ImmutableOopMap {rdx=Oop }
                      ;*goto {reexecute=1 rethrow=0 return_oop=0}
                      ; - (reexecute) java.awt.EventQueue::noEvents@24 (line 520)
                      ; - java.awt.EventQueue::dispatchEventImpl@95 (line 732)
  0x000001e43d059134: 2807 e98f 

  0x000001e43d059138: ;   {metadata({method} {0x000001e49328bdb0} 'getEventLog' '()Lsun/util/logging/PlatformLogger;' in 'java/awt/EventQueue')}
  0x000001e43d059138: f0ff ff49 | baa8 bd28 | 93e4 0100 | 004c 8954 | 2408 48c7 | 0424 ffff 

  0x000001e43d059150: ;   {runtime_call C1 Runtime counter_overflow_blob}
  0x000001e43d059150: ffff e809 

  0x000001e43d059154: ; ImmutableOopMap {[168]=Oop }
                      ;*synchronization entry
                      ; - java.awt.EventQueue::getEventLog@-1 (line 180)
                      ; - java.awt.EventQueue::dispatchEventImpl@111 (line 736)
  0x000001e43d059154: a528 07e9 | 2cf1 ffff | 418b 5078 | 4883 fa00 | 0f84 99f1 | ffff 4889 

  0x000001e43d05916c: ;   {runtime_call g1_pre_barrier_slow}
  0x000001e43d05916c: 1424 e8ed | aa28 07e9 | 8bf1 ffff | 4883 f800 | 0f84 a2f1 | ffff 4c89 

  0x000001e43d059184: ;   {runtime_call g1_post_barrier_slow}
  0x000001e43d059184: 0424 e8d5 | ad28 07e9 | 94f1 ffff 

  0x000001e43d059190: ;   {runtime_call C1 Runtime throw_null_pointer_exception_blob}
  0x000001e43d059190: e8cb 4728 

  0x000001e43d059194: ; ImmutableOopMap {r8=Oop [168]=Oop }
                      ;*invokevirtual isLoggable {reexecute=0 rethrow=0 return_oop=0}
                      ; - java.awt.EventQueue::dispatchEventImpl@117 (line 736)
                      ;   {metadata({method} {0x000001e4931030e8} 'isLoggable' '(Lsun/util/logging/PlatformLogger$Level;)Z' in 'sun/util/logging/PlatformLogger')}
  0x000001e43d059194: 0749 bae0 | 3010 93e4 | 0100 004c | 8954 2408 | 48c7 0424 | ffff ffff 

  0x000001e43d0591ac: ;   {runtime_call C1 Runtime counter_overflow_blob}
  0x000001e43d0591ac: e8af a428 

  0x000001e43d0591b0: ; ImmutableOopMap {r8=Oop [168]=Oop }
                      ;*synchronization entry
                      ; - sun.util.logging.PlatformLogger::isLoggable@-1 (line 336)
                      ; - java.awt.EventQueue::dispatchEventImpl@117 (line 736)
  0x000001e43d0591b0: 07e9 ccf1 

  0x000001e43d0591b4: ;   {runtime_call C1 Runtime throw_null_pointer_exception_blob}
  0x000001e43d0591b4: ffff e8a5 

  0x000001e43d0591b8: ; ImmutableOopMap {rdx=Oop [168]=Oop }
                      ;*invokeinterface isLoggable {reexecute=0 rethrow=0 return_oop=0}
                      ; - sun.util.logging.PlatformLogger::isLoggable@17 (line 340)
                      ; - java.awt.EventQueue::dispatchEventImpl@117 (line 736)
                      ;   {metadata({method} {0x000001e49328bdb0} 'getEventLog' '()Lsun/util/logging/PlatformLogger;' in 'java/awt/EventQueue')}
  0x000001e43d0591b8: 4728 0749 | baa8 bd28 | 93e4 0100 | 004c 8954 | 2408 48c7 | 0424 ffff 

  0x000001e43d0591d0: ;   {runtime_call C1 Runtime counter_overflow_blob}
  0x000001e43d0591d0: ffff e889 

  0x000001e43d0591d4: ; ImmutableOopMap {[168]=Oop }
                      ;*synchronization entry
                      ; - java.awt.EventQueue::getEventLog@-1 (line 180)
                      ; - java.awt.EventQueue::dispatchEventImpl@123 (line 737)
  0x000001e43d0591d4: a428 07e9 | def2 ffff | 8b72 7848 | 83fe 000f | 844a f3ff | ff48 8934 

  0x000001e43d0591ec: ;   {runtime_call g1_pre_barrier_slow}
  0x000001e43d0591ec: 24e8 6eaa | 2807 e93c | f3ff ff48 | 83f8 000f | 8453 f3ff | ff48 8914 

  0x000001e43d059204: ;   {runtime_call g1_post_barrier_slow}
  0x000001e43d059204: 24e8 56ad | 2807 e945 

  0x000001e43d05920c: ;   {metadata({method} {0x000001e45247f488} 'valueOf' '(Ljava/lang/Object;)Ljava/lang/String;' in 'java/lang/String')}
  0x000001e43d05920c: f3ff ff49 | ba80 f447 | 52e4 0100 | 004c 8954 | 2408 48c7 | 0424 ffff 

  0x000001e43d059224: ;   {runtime_call C1 Runtime counter_overflow_blob}
  0x000001e43d059224: ffff e835 

  0x000001e43d059228: ; ImmutableOopMap {rsi=Oop r8=Oop [168]=Oop [184]=Oop }
                      ;*synchronization entry
                      ; - java.lang.String::valueOf@-1 (line 4543)
                      ; - java.awt.EventQueue::dispatchEventImpl@127 (line 737)
  0x000001e43d059228: a428 07e9 | 7af3 ffff | 49b8 0000 | 0000 0000 | 0000 b800 

  0x000001e43d05923c: ;   {runtime_call C1 Runtime load_appendix_patching_blob}
  0x000001e43d05923c: 0f05 0ae8 

  0x000001e43d059240: ; ImmutableOopMap {rdi=Oop [184]=Oop }
                      ;*invokedynamic {reexecute=1 rethrow=0 return_oop=0}
                      ; - (reexecute) java.awt.EventQueue::dispatchEventImpl@130 (line 737)
  0x000001e43d059240: 9c9c 2807 | e957 f4ff 

  0x000001e43d059248: ;   {runtime_call C1 Runtime throw_null_pointer_exception_blob}
  0x000001e43d059248: ffe8 1247 

  0x000001e43d05924c: ; ImmutableOopMap {rax=Oop rsi=Oop [184]=Oop }
                      ;*invokevirtual fine {reexecute=0 rethrow=0 return_oop=0}
                      ; - java.awt.EventQueue::dispatchEventImpl@135 (line 737)
                      ;   {metadata({method} {0x000001e493103d40} 'fine' '(Ljava/lang/String;)V' in 'sun/util/logging/PlatformLogger')}
  0x000001e43d05924c: 2807 49ba | 383d 1093 | e401 0000 | 4c89 5424 | 0848 c704 | 24ff ffff 

  0x000001e43d059264: ;   {runtime_call C1 Runtime counter_overflow_blob}
  0x000001e43d059264: ffe8 f6a3 

  0x000001e43d059268: ; ImmutableOopMap {rax=Oop rsi=Oop [184]=Oop }
                      ;*synchronization entry
                      ; - sun.util.logging.PlatformLogger::fine@-1 (line 449)
                      ; - java.awt.EventQueue::dispatchEventImpl@135 (line 737)
  0x000001e43d059268: 2807 e9cb 

  0x000001e43d05926c: ;   {runtime_call C1 Runtime throw_null_pointer_exception_blob}
  0x000001e43d05926c: f4ff ffe8 

  0x000001e43d059270: ; ImmutableOopMap {rax=Oop rdx=Oop }
                      ;*invokeinterface log {reexecute=0 rethrow=0 return_oop=0}
                      ; - sun.util.logging.PlatformLogger::fine@12 (line 449)
                      ; - java.awt.EventQueue::dispatchEventImpl@135 (line 737)
  0x000001e43d059270: ec46 2807 

  0x000001e43d059274: ;   {internal_word}
  0x000001e43d059274: 49ba 0c88 | 053d e401 | 0000 4d89 | 9760 0400 

  0x000001e43d059284: ;   {runtime_call SafepointBlob}
  0x000001e43d059284: 00e9 56ca 

  0x000001e43d059288: ;   {runtime_call C1 Runtime throw_null_pointer_exception_blob}
  0x000001e43d059288: 1c07 e8d1 

  0x000001e43d05928c: ; ImmutableOopMap {r8=Oop }
                      ;*invokevirtual stopDispatching {reexecute=0 rethrow=0 return_oop=0}
                      ; - java.awt.EventQueue::dispatchEventImpl@105 (line 733)
                      ;   {metadata({method} {0x000001e4934c4db0} 'stopDispatching' '()V' in 'java/awt/EventDispatchThread')}
  0x000001e43d05928c: 4628 0749 | baa8 4d4c | 93e4 0100 | 004c 8954 | 2408 48c7 | 0424 ffff 

  0x000001e43d0592a4: ;   {runtime_call C1 Runtime counter_overflow_blob}
  0x000001e43d0592a4: ffff e8b5 

  0x000001e43d0592a8: ; ImmutableOopMap {r8=Oop }
                      ;*synchronization entry
                      ; - java.awt.EventDispatchThread::stopDispatching@-1 (line 85)
                      ; - java.awt.EventQueue::dispatchEventImpl@105 (line 733)
  0x000001e43d0592a8: a328 07e9 | bbf5 ffff 

  0x000001e43d0592b0: ;   {internal_word}
  0x000001e43d0592b0: 49ba 9388 | 053d e401 | 0000 4d89 | 9760 0400 

  0x000001e43d0592c0: ;   {runtime_call SafepointBlob}
  0x000001e43d0592c0: 00e9 1aca 

  0x000001e43d0592c4: ;   {metadata(nullptr)}
  0x000001e43d0592c4: 1c07 48bb | 0000 0000 | 0000 0000 | b800 0f05 

  0x000001e43d0592d4: ;   {runtime_call C1 Runtime load_klass_patching_blob}
  0x000001e43d0592d4: 0ae8 0693 

  0x000001e43d0592d8: ; ImmutableOopMap {r9=Oop r8=Oop [168]=Oop }
                      ;*checkcast {reexecute=1 rethrow=0 return_oop=0}
                      ; - (reexecute) java.awt.EventQueue::dispatchEventImpl@77 (line 730)
  0x000001e43d0592d8: 2807 e969 | f6ff ff4c 

  0x000001e43d0592e0: ;   {runtime_call C1 Runtime throw_class_cast_exception_blob}
  0x000001e43d0592e0: 890c 24e8 

  0x000001e43d0592e4: ; ImmutableOopMap {r9=Oop r8=Oop [168]=Oop }
                      ;*checkcast {reexecute=0 rethrow=0 return_oop=0}
                      ; - java.awt.EventQueue::dispatchEventImpl@77 (line 730)
  0x000001e43d0592e4: f86d 2807 

  0x000001e43d0592e8: ;   {internal_word}
  0x000001e43d0592e8: 49ba cd89 | 053d e401 | 0000 4d89 | 9760 0400 

  0x000001e43d0592f8: ;   {runtime_call SafepointBlob}
  0x000001e43d0592f8: 00e9 e2c9 | 1c07 4c89 

  0x000001e43d059300: ;   {runtime_call C1 Runtime throw_class_cast_exception_blob}
  0x000001e43d059300: 0c24 e8d9 

  0x000001e43d059304: ; ImmutableOopMap {r8=Oop [168]=Oop }
                      ;*checkcast {reexecute=0 rethrow=0 return_oop=0}
                      ; - java.awt.EventQueue::dispatchEventImpl@59 (line 728)
                      ;   {runtime_call C1 Runtime throw_null_pointer_exception_blob}
  0x000001e43d059304: 6d28 07e8 

  0x000001e43d059308: ; ImmutableOopMap {r8=Oop rdx=Oop [168]=Oop }
                      ;*invokevirtual dispatchEvent {reexecute=0 rethrow=0 return_oop=0}
                      ; - java.awt.EventQueue::dispatchEventImpl@63 (line 728)
  0x000001e43d059308: 5446 2807 

  0x000001e43d05930c: ;   {internal_word}
  0x000001e43d05930c: 49ba 6d8b | 053d e401 | 0000 4d89 | 9760 0400 

  0x000001e43d05931c: ;   {runtime_call SafepointBlob}
  0x000001e43d05931c: 00e9 bec9 | 1c07 4c89 

  0x000001e43d059324: ;   {runtime_call C1 Runtime throw_class_cast_exception_blob}
  0x000001e43d059324: 0424 e8b5 

  0x000001e43d059328: ; ImmutableOopMap {}
                      ;*checkcast {reexecute=0 rethrow=0 return_oop=0}
                      ; - java.awt.EventQueue::dispatchEventImpl@18 (line 723)
                      ;   {runtime_call C1 Runtime throw_null_pointer_exception_blob}
  0x000001e43d059328: 6d28 07e8 

  0x000001e43d05932c: ; ImmutableOopMap {rdx=Oop }
                      ;*invokeinterface dispatch {reexecute=0 rethrow=0 return_oop=0}
                      ; - java.awt.EventQueue::dispatchEventImpl@21 (line 723)
  0x000001e43d05932c: 3046 2807 

  0x000001e43d059330: ;   {internal_word}
  0x000001e43d059330: 49ba 5c8d | 053d e401 | 0000 4d89 | 9760 0400 

  0x000001e43d059340: ;   {runtime_call SafepointBlob}
  0x000001e43d059340: 00e9 9ac9 

  0x000001e43d059344: ;   {metadata(nullptr)}
  0x000001e43d059344: 1c07 48ba | 0000 0000 | 0000 0000 | b800 0f05 

  0x000001e43d059354: ;   {runtime_call C1 Runtime load_klass_patching_blob}
  0x000001e43d059354: 0ae8 8692 

  0x000001e43d059358: ; ImmutableOopMap {[168]=Oop }
                      ;*new {reexecute=1 rethrow=0 return_oop=0}
                      ; - (reexecute) java.lang.invoke.MethodHandles::lookup@8 (line 128)
                      ; - sun.awt.AWTAccessor::ensureClassInitialized@0 (line 1464)
                      ; - sun.awt.AWTAccessor::getInputEventAccessor@10 (line 963)
                      ; - java.awt.AWTEvent::dispatched@7 (line 571)
                      ; - java.awt.EventQueue::dispatchEventImpl@45 (line 726)
  0x000001e43d059358: 2807 e909 

  0x000001e43d05935c: ;   {runtime_call C1 Runtime throw_null_pointer_exception_blob}
  0x000001e43d05935c: faff ffe8 

  0x000001e43d059360: ; ImmutableOopMap {[168]=Oop }
                      ;*new {reexecute=0 rethrow=0 return_oop=0}
                      ; - java.lang.invoke.MethodHandles::lookup@8 (line 128)
                      ; - sun.awt.AWTAccessor::ensureClassInitialized@0 (line 1464)
                      ; - sun.awt.AWTAccessor::getInputEventAccessor@10 (line 963)
                      ; - java.awt.AWTEvent::dispatched@7 (line 571)
                      ; - java.awt.EventQueue::dispatchEventImpl@45 (line 726)
  0x000001e43d059360: fc45 2807 

  0x000001e43d059364: ;   {runtime_call C1 Runtime fast_new_instance_init_check_blob}
  0x000001e43d059364: 488b d2e8 

  0x000001e43d059368: ; ImmutableOopMap {[168]=Oop }
                      ;*new {reexecute=0 rethrow=0 return_oop=0}
                      ; - java.lang.invoke.MethodHandles::lookup@8 (line 128)
                      ; - sun.awt.AWTAccessor::ensureClassInitialized@0 (line 1464)
                      ; - sun.awt.AWTAccessor::getInputEventAccessor@10 (line 963)
                      ; - java.awt.AWTEvent::dispatched@7 (line 571)
                      ; - java.awt.EventQueue::dispatchEventImpl@45 (line 726)
  0x000001e43d059368: f451 2807 | e95c faff | ff4c 8904 

  0x000001e43d059374: ;   {runtime_call C1 Runtime throw_class_cast_exception_blob}
  0x000001e43d059374: 24e8 666d 

  0x000001e43d059378: ; ImmutableOopMap {rsi=Oop }
                      ;*checkcast {reexecute=0 rethrow=0 return_oop=0}
                      ; - java.awt.AWTEvent::dispatched@11 (line 571)
                      ; - java.awt.EventQueue::dispatchEventImpl@45 (line 726)
                      ;   {runtime_call C1 Runtime throw_incompatible_class_change_error_blob}
  0x000001e43d059378: 2807 e861 

  0x000001e43d05937c: ; ImmutableOopMap {rsi=Oop rdi=Oop }
                      ;*invokeinterface setCanAccessSystemClipboard {reexecute=0 rethrow=0 return_oop=0}
                      ; - java.awt.AWTEvent::dispatched@15 (line 572)
                      ; - java.awt.EventQueue::dispatchEventImpl@45 (line 726)
                      ;   {runtime_call C1 Runtime throw_null_pointer_exception_blob}
  0x000001e43d05937c: 7028 07e8 

  0x000001e43d059380: ; ImmutableOopMap {rsi=Oop rdi=Oop }
                      ;*invokeinterface setCanAccessSystemClipboard {reexecute=0 rethrow=0 return_oop=0}
                      ; - java.awt.AWTEvent::dispatched@15 (line 572)
                      ; - java.awt.EventQueue::dispatchEventImpl@45 (line 726)
  0x000001e43d059380: dc45 2807 

  0x000001e43d059384: ;   {metadata({method} {0x000001e4931390f8} 'setCanAccessSystemClipboard' '(Ljava/awt/event/InputEvent;Z)V' in 'java/awt/event/InputEvent$1')}
  0x000001e43d059384: 49ba f090 | 1393 e401 | 0000 4c89 | 5424 0848 | c704 24ff 

  0x000001e43d059398: ;   {runtime_call C1 Runtime counter_overflow_blob}
  0x000001e43d059398: ffff ffe8 

  0x000001e43d05939c: ; ImmutableOopMap {rdi=Oop }
                      ;*synchronization entry
                      ; - java.awt.event.InputEvent$1::setCanAccessSystemClipboard@-1 (line 338)
                      ; - java.awt.AWTEvent::dispatched@15 (line 572)
                      ; - java.awt.EventQueue::dispatchEventImpl@45 (line 726)
  0x000001e43d05939c: c0a2 2807 | e9f0 fbff 

  0x000001e43d0593a4: ;   {runtime_call C1 Runtime throw_null_pointer_exception_blob}
  0x000001e43d0593a4: ffe8 b645 

  0x000001e43d0593a8: ; ImmutableOopMap {}
                      ;*putfield canAccessSystemClipboard {reexecute=1 rethrow=0 return_oop=0}
                      ; - (reexecute) java.awt.event.InputEvent$1::setCanAccessSystemClipboard@2 (line 338)
                      ; - java.awt.AWTEvent::dispatched@15 (line 572)
                      ; - java.awt.EventQueue::dispatchEventImpl@45 (line 726)
                      ;   {internal_word}
  0x000001e43d0593a8: 2807 49ba | b18f 053d | e401 0000 | 4d89 9760 

  0x000001e43d0593b8: ;   {runtime_call SafepointBlob}
  0x000001e43d0593b8: 0400 00e9 | 20c9 1c07 | 498b 8708 | 0500 0049 | c787 0805 | 0000 0000 | 0000 49c7 | 8710 0500 
  0x000001e43d0593d8: 0000 0000 | 0048 81c4 | d000 0000 

  0x000001e43d0593e4: ;   {runtime_call C1 Runtime unwind_exception_blob}
  0x000001e43d0593e4: 5de9 762f | 2807 f4f4 | f4f4 f4f4 
[Stub Code]
  0x000001e43d0593f0: ;   {no_reloc}
  0x000001e43d0593f0: 0f1f 4400 

  0x000001e43d0593f4: ;   {static_stub}
  0x000001e43d0593f4: 0048 bb00 | 0000 0000 

  0x000001e43d0593fc: ;   {runtime_call nmethod}
  0x000001e43d0593fc: 0000 00e9 | fbff ffff 

  0x000001e43d059404: ;   {static_stub}
  0x000001e43d059404: 9048 bb00 | 0000 0000 

  0x000001e43d05940c: ;   {runtime_call nmethod}
  0x000001e43d05940c: 0000 00e9 | fbff ffff 

  0x000001e43d059414: ;   {static_stub}
  0x000001e43d059414: 9048 bb00 | 0000 0000 

  0x000001e43d05941c: ;   {runtime_call nmethod}
  0x000001e43d05941c: 0000 00e9 | fbff ffff 

  0x000001e43d059424: ;   {static_stub}
  0x000001e43d059424: 9048 bb00 | 0000 0000 

  0x000001e43d05942c: ;   {runtime_call nmethod}
  0x000001e43d05942c: 0000 00e9 | fbff ffff 

  0x000001e43d059434: ;   {static_stub}
  0x000001e43d059434: 9048 bb00 | 0000 0000 

  0x000001e43d05943c: ;   {runtime_call nmethod}
  0x000001e43d05943c: 0000 00e9 | fbff ffff 

  0x000001e43d059444: ;   {static_stub}
  0x000001e43d059444: 9048 bb00 | 0000 0000 

  0x000001e43d05944c: ;   {runtime_call nmethod}
  0x000001e43d05944c: 0000 00e9 | fbff ffff 

  0x000001e43d059454: ;   {static_stub}
  0x000001e43d059454: 9048 bb00 | 0000 0000 

  0x000001e43d05945c: ;   {runtime_call nmethod}
  0x000001e43d05945c: 0000 00e9 | fbff ffff 

  0x000001e43d059464: ;   {static_stub}
  0x000001e43d059464: 9048 bb00 | 0000 0000 

  0x000001e43d05946c: ;   {runtime_call nmethod}
  0x000001e43d05946c: 0000 00e9 | fbff ffff 

  0x000001e43d059474: ;   {static_stub}
  0x000001e43d059474: 9048 bb00 | 0000 0000 

  0x000001e43d05947c: ;   {runtime_call nmethod}
  0x000001e43d05947c: 0000 00e9 | fbff ffff 

  0x000001e43d059484: ;   {static_stub}
  0x000001e43d059484: 48bb 0000 | 0000 0000 

  0x000001e43d05948c: ;   {runtime_call nmethod}
  0x000001e43d05948c: 0000 e9fb 

  0x000001e43d059490: ;   {static_stub}
  0x000001e43d059490: ffff ff48 | bb00 0000 | 0000 0000 

  0x000001e43d05949c: ;   {runtime_call nmethod}
  0x000001e43d05949c: 00e9 fbff 

  0x000001e43d0594a0: ;   {static_stub}
  0x000001e43d0594a0: ffff 48bb | 0000 0000 | 0000 0000 

  0x000001e43d0594ac: ;   {runtime_call nmethod}
  0x000001e43d0594ac: e9fb ffff 

  0x000001e43d0594b0: ;   {static_stub}
  0x000001e43d0594b0: ff48 bb00 | 0000 0000 

  0x000001e43d0594b8: ;   {runtime_call nmethod}
  0x000001e43d0594b8: 0000 00e9 | fbff ffff 

  0x000001e43d0594c0: ;   {static_stub}
  0x000001e43d0594c0: 48bb 0000 | 0000 0000 

  0x000001e43d0594c8: ;   {runtime_call nmethod}
  0x000001e43d0594c8: 0000 e9fb 

  0x000001e43d0594cc: ;   {runtime_call C1 Runtime handle_exception_from_callee_blob}
  0x000001e43d0594cc: ffff ffe8 | 0c66 2807 

  0x000001e43d0594d4: ;   {external_word}
  0x000001e43d0594d4: 48b9 08ec | 5575 ff7f | 0000 4883 

  0x000001e43d0594e0: ;   {runtime_call}
  0x000001e43d0594e0: e4f0 48b8 | 30a8 1c75 | ff7f 0000 

  0x000001e43d0594ec: ;   {section_word}
  0x000001e43d0594ec: ffd0 f449 | baef 9405 | 3de4 0100 

  0x000001e43d0594f8: ;   {runtime_call DeoptimizationBlob}
  0x000001e43d0594f8: 0041 52e9 | 80bd 1c07 
[/MachCode]


---------------  P R O C E S S  ---------------

Threads class SMR info:
_java_thread_list=0x000001e49c9a2450, length=18, elements={
0x000001e451b0daa0, 0x000001e451b0e1e0, 0x000001e451b12790, 0x000001e451b137a0,
0x000001e451b14e40, 0x000001e451b1e620, 0x000001e451b45860, 0x000001e451b471b0,
0x000001e451c1c1c0, 0x000001e451d753c0, 0x000001e451f24c50, 0x000001e451d96cb0,
0x000001e451d973f0, 0x000001e4975bee30, 0x000001e43285f410, 0x000001e49c829b10,
0x000001e49c674a20, 0x000001e49c8f3dd0
}

Java Threads: ( => current thread )
  0x000001e451b0daa0 JavaThread "Reference Handler"          daemon [_thread_blocked, id=14232, stack(0x0000005a1f500000,0x0000005a1f600000) (1024K)]
  0x000001e451b0e1e0 JavaThread "Finalizer"                  daemon [_thread_blocked, id=14652, stack(0x0000005a1f600000,0x0000005a1f700000) (1024K)]
  0x000001e451b12790 JavaThread "Signal Dispatcher"          daemon [_thread_blocked, id=1944, stack(0x0000005a1f700000,0x0000005a1f800000) (1024K)]
  0x000001e451b137a0 JavaThread "Attach Listener"            daemon [_thread_blocked, id=7032, stack(0x0000005a1f800000,0x0000005a1f900000) (1024K)]
  0x000001e451b14e40 JavaThread "Service Thread"             daemon [_thread_blocked, id=7684, stack(0x0000005a1f900000,0x0000005a1fa00000) (1024K)]
  0x000001e451b1e620 JavaThread "Monitor Deflation Thread"   daemon [_thread_blocked, id=13748, stack(0x0000005a1fa00000,0x0000005a1fb00000) (1024K)]
  0x000001e451b45860 JavaThread "C2 CompilerThread0"         daemon [_thread_blocked, id=15280, stack(0x0000005a1fb00000,0x0000005a1fc00000) (1024K)]
  0x000001e451b471b0 JavaThread "C1 CompilerThread0"         daemon [_thread_blocked, id=4528, stack(0x0000005a1fc00000,0x0000005a1fd00000) (1024K)]
  0x000001e451c1c1c0 JavaThread "Common-Cleaner"             daemon [_thread_blocked, id=13460, stack(0x0000005a1fd00000,0x0000005a1fe00000) (1024K)]
  0x000001e451d753c0 JavaThread "Notification Thread"        daemon [_thread_blocked, id=13988, stack(0x0000005a1fe00000,0x0000005a1ff00000) (1024K)]
  0x000001e451f24c50 JavaThread "Java2D Disposer"            daemon [_thread_blocked, id=11740, stack(0x0000005a20000000,0x0000005a20100000) (1024K)]
  0x000001e451d96cb0 JavaThread "AWT-Shutdown"                      [_thread_blocked, id=14728, stack(0x0000005a20100000,0x0000005a20200000) (1024K)]
  0x000001e451d973f0 JavaThread "AWT-Windows"                daemon [_thread_in_native, id=3844, stack(0x0000005a20200000,0x0000005a20300000) (1024K)]
=>0x000001e4975bee30 JavaThread "AWT-EventQueue-0"                  [_thread_in_native, id=3828, stack(0x0000005a20300000,0x0000005a20400000) (1024K)]
  0x000001e43285f410 JavaThread "DestroyJavaVM"                     [_thread_blocked, id=5864, stack(0x0000005a1ed00000,0x0000005a1ee00000) (1024K)]
  0x000001e49c829b10 JavaThread "D3D Screen Updater"         daemon [_thread_blocked, id=13148, stack(0x0000005a21000000,0x0000005a21100000) (1024K)]
  0x000001e49c674a20 JavaThread "mysql-cj-abandoned-connection-cleanup" daemon [_thread_blocked, id=13916, stack(0x0000005a21100000,0x0000005a21200000) (1024K)]
  0x000001e49c8f3dd0 JavaThread "TimerQueue"                 daemon [_thread_blocked, id=12028, stack(0x0000005a21300000,0x0000005a21400000) (1024K)]
Total: 18

Other Threads:
  0x000001e451afdcd0 VMThread "VM Thread"                           [id=7940, stack(0x0000005a1f400000,0x0000005a1f500000) (1024K)]
  0x000001e451aedad0 WatcherThread "VM Periodic Task Thread"        [id=2460, stack(0x0000005a1f300000,0x0000005a1f400000) (1024K)]
  0x000001e432b5b340 WorkerThread "GC Thread#0"                     [id=12264, stack(0x0000005a1ee00000,0x0000005a1ef00000) (1024K)]
  0x000001e432b70ad0 ConcurrentGCThread "G1 Main Marker"            [id=1088, stack(0x0000005a1ef00000,0x0000005a1f000000) (1024K)]
  0x000001e432b71d80 WorkerThread "G1 Conc#0"                       [id=8724, stack(0x0000005a1f000000,0x0000005a1f100000) (1024K)]
  0x000001e432bce060 ConcurrentGCThread "G1 Refine#0"               [id=7464, stack(0x0000005a1f100000,0x0000005a1f200000) (1024K)]
  0x000001e4519bb530 ConcurrentGCThread "G1 Service"                [id=9596, stack(0x0000005a1f200000,0x0000005a1f300000) (1024K)]
Total: 7

Threads with active compile tasks:
Total: 0

VM state: not at safepoint (normal execution)

VM Mutex/Monitor currently owned by a thread: None

Heap address: 0x0000000089800000, size: 1896 MB, Compressed Oops mode: 32-bit

CDS archive(s) mapped at: [0x000001e452000000-0x000001e452d40000-0x000001e452d40000), size 13893632, SharedBaseAddress: 0x000001e452000000, ArchiveRelocationMode: 1.
Compressed class space mapped at: 0x000001e453000000-0x000001e493000000, reserved size: 1073741824
UseCompressedClassPointers 1, UseCompactObjectHeaders 0
Narrow klass pointer bits 32, Max shift 3
Narrow klass base: 0x000001e452000000, Narrow klass shift: 0
Encoding Range: [0x000001e452000000 - 0x000001e552000000), (4294967296 bytes)
Klass Range:    [0x000001e452000000 - 0x000001e493000000), (1090519040 bytes)
Klass ID Range:  [8 - 1090519033) (1090519025)

GC Precious Log:
 CardTable entry size: 512
 Card Set container configuration: InlinePtr #cards 5 size 8 Array Of Cards #cards 10 size 36 Howl #buckets 4 coarsen threshold 1843 Howl Bitmap #cards 512 size 80 coarsen threshold 460 Card regions per heap region 1 cards per card region 2048
 CPUs: 12 total, 12 available
 Memory: 7580M
 Large Page Support: Disabled
 NUMA Support: Disabled
 Compressed Oops: Enabled (32-bit)
 Heap Region Size: 1M
 Heap Min Capacity: 8M
 Heap Initial Capacity: 120M
 Heap Max Capacity: 1896M
 Pre-touch: Disabled
 Parallel Workers: 10
 Concurrent Workers: 3
 Concurrent Refinement Workers: 10
 Periodic GC: Disabled

Heap:
 garbage-first heap   total reserved 1941504K, committed 124928K, used 46196K [0x0000000089800000, 0x0000000100000000)
  region size 1024K, 42 young (43008K), 0 survivors (0K)
 Metaspace       used 18046K, committed 18304K, reserved 1114112K
  class space    used 1712K, committed 1856K, reserved 1048576K

Heap Regions: E=young(eden), S=young(survivor), O=old, HS=humongous(starts), HC=humongous(continues), CS=collection set, F=free, TAMS=top-at-mark-start, PB=parsable bottom
|   0|0x0000000089800000, 0x0000000089900000, 0x0000000089900000|100%|HS|  |TAMS 0x0000000089800000| PB 0x0000000089800000| Complete |  0
|   1|0x0000000089900000, 0x0000000089a00000, 0x0000000089a00000|100%|HC|  |TAMS 0x0000000089900000| PB 0x0000000089900000| Complete |  0
|   2|0x0000000089a00000, 0x0000000089b00000, 0x0000000089b00000|100%|HC|  |TAMS 0x0000000089a00000| PB 0x0000000089a00000| Complete |  0
|   3|0x0000000089b00000, 0x0000000089b00000, 0x0000000089c00000|  0%| F|  |TAMS 0x0000000089b00000| PB 0x0000000089b00000| Untracked |  0
|   4|0x0000000089c00000, 0x0000000089c00000, 0x0000000089d00000|  0%| F|  |TAMS 0x0000000089c00000| PB 0x0000000089c00000| Untracked |  0
|   5|0x0000000089d00000, 0x0000000089d00000, 0x0000000089e00000|  0%| F|  |TAMS 0x0000000089d00000| PB 0x0000000089d00000| Untracked |  0
|   6|0x0000000089e00000, 0x0000000089e00000, 0x0000000089f00000|  0%| F|  |TAMS 0x0000000089e00000| PB 0x0000000089e00000| Untracked |  0
|   7|0x0000000089f00000, 0x0000000089f00000, 0x000000008a000000|  0%| F|  |TAMS 0x0000000089f00000| PB 0x0000000089f00000| Untracked |  0
|   8|0x000000008a000000, 0x000000008a000000, 0x000000008a100000|  0%| F|  |TAMS 0x000000008a000000| PB 0x000000008a000000| Untracked |  0
|   9|0x000000008a100000, 0x000000008a100000, 0x000000008a200000|  0%| F|  |TAMS 0x000000008a100000| PB 0x000000008a100000| Untracked |  0
|  10|0x000000008a200000, 0x000000008a200000, 0x000000008a300000|  0%| F|  |TAMS 0x000000008a200000| PB 0x000000008a200000| Untracked |  0
|  11|0x000000008a300000, 0x000000008a300000, 0x000000008a400000|  0%| F|  |TAMS 0x000000008a300000| PB 0x000000008a300000| Untracked |  0
|  12|0x000000008a400000, 0x000000008a400000, 0x000000008a500000|  0%| F|  |TAMS 0x000000008a400000| PB 0x000000008a400000| Untracked |  0
|  13|0x000000008a500000, 0x000000008a500000, 0x000000008a600000|  0%| F|  |TAMS 0x000000008a500000| PB 0x000000008a500000| Untracked |  0
|  14|0x000000008a600000, 0x000000008a600000, 0x000000008a700000|  0%| F|  |TAMS 0x000000008a600000| PB 0x000000008a600000| Untracked |  0
|  15|0x000000008a700000, 0x000000008a700000, 0x000000008a800000|  0%| F|  |TAMS 0x000000008a700000| PB 0x000000008a700000| Untracked |  0
|  16|0x000000008a800000, 0x000000008a800000, 0x000000008a900000|  0%| F|  |TAMS 0x000000008a800000| PB 0x000000008a800000| Untracked |  0
|  17|0x000000008a900000, 0x000000008a900000, 0x000000008aa00000|  0%| F|  |TAMS 0x000000008a900000| PB 0x000000008a900000| Untracked |  0
|  18|0x000000008aa00000, 0x000000008aa00000, 0x000000008ab00000|  0%| F|  |TAMS 0x000000008aa00000| PB 0x000000008aa00000| Untracked |  0
|  19|0x000000008ab00000, 0x000000008ab00000, 0x000000008ac00000|  0%| F|  |TAMS 0x000000008ab00000| PB 0x000000008ab00000| Untracked |  0
|  20|0x000000008ac00000, 0x000000008ac00000, 0x000000008ad00000|  0%| F|  |TAMS 0x000000008ac00000| PB 0x000000008ac00000| Untracked |  0
|  21|0x000000008ad00000, 0x000000008ad00000, 0x000000008ae00000|  0%| F|  |TAMS 0x000000008ad00000| PB 0x000000008ad00000| Untracked |  0
|  22|0x000000008ae00000, 0x000000008ae00000, 0x000000008af00000|  0%| F|  |TAMS 0x000000008ae00000| PB 0x000000008ae00000| Untracked |  0
|  23|0x000000008af00000, 0x000000008af00000, 0x000000008b000000|  0%| F|  |TAMS 0x000000008af00000| PB 0x000000008af00000| Untracked |  0
|  24|0x000000008b000000, 0x000000008b000000, 0x000000008b100000|  0%| F|  |TAMS 0x000000008b000000| PB 0x000000008b000000| Untracked |  0
|  25|0x000000008b100000, 0x000000008b100000, 0x000000008b200000|  0%| F|  |TAMS 0x000000008b100000| PB 0x000000008b100000| Untracked |  0
|  26|0x000000008b200000, 0x000000008b200000, 0x000000008b300000|  0%| F|  |TAMS 0x000000008b200000| PB 0x000000008b200000| Untracked |  0
|  27|0x000000008b300000, 0x000000008b300000, 0x000000008b400000|  0%| F|  |TAMS 0x000000008b300000| PB 0x000000008b300000| Untracked |  0
|  28|0x000000008b400000, 0x000000008b400000, 0x000000008b500000|  0%| F|  |TAMS 0x000000008b400000| PB 0x000000008b400000| Untracked |  0
|  29|0x000000008b500000, 0x000000008b500000, 0x000000008b600000|  0%| F|  |TAMS 0x000000008b500000| PB 0x000000008b500000| Untracked |  0
|  30|0x000000008b600000, 0x000000008b600000, 0x000000008b700000|  0%| F|  |TAMS 0x000000008b600000| PB 0x000000008b600000| Untracked |  0
|  31|0x000000008b700000, 0x000000008b700000, 0x000000008b800000|  0%| F|  |TAMS 0x000000008b700000| PB 0x000000008b700000| Untracked |  0
|  32|0x000000008b800000, 0x000000008b800000, 0x000000008b900000|  0%| F|  |TAMS 0x000000008b800000| PB 0x000000008b800000| Untracked |  0
|  33|0x000000008b900000, 0x000000008b900000, 0x000000008ba00000|  0%| F|  |TAMS 0x000000008b900000| PB 0x000000008b900000| Untracked |  0
|  34|0x000000008ba00000, 0x000000008ba00000, 0x000000008bb00000|  0%| F|  |TAMS 0x000000008ba00000| PB 0x000000008ba00000| Untracked |  0
|  35|0x000000008bb00000, 0x000000008bb00000, 0x000000008bc00000|  0%| F|  |TAMS 0x000000008bb00000| PB 0x000000008bb00000| Untracked |  0
|  36|0x000000008bc00000, 0x000000008bc00000, 0x000000008bd00000|  0%| F|  |TAMS 0x000000008bc00000| PB 0x000000008bc00000| Untracked |  0
|  37|0x000000008bd00000, 0x000000008bd00000, 0x000000008be00000|  0%| F|  |TAMS 0x000000008bd00000| PB 0x000000008bd00000| Untracked |  0
|  38|0x000000008be00000, 0x000000008be00000, 0x000000008bf00000|  0%| F|  |TAMS 0x000000008be00000| PB 0x000000008be00000| Untracked |  0
|  39|0x000000008bf00000, 0x000000008bf00000, 0x000000008c000000|  0%| F|  |TAMS 0x000000008bf00000| PB 0x000000008bf00000| Untracked |  0
|  40|0x000000008c000000, 0x000000008c000000, 0x000000008c100000|  0%| F|  |TAMS 0x000000008c000000| PB 0x000000008c000000| Untracked |  0
|  41|0x000000008c100000, 0x000000008c100000, 0x000000008c200000|  0%| F|  |TAMS 0x000000008c100000| PB 0x000000008c100000| Untracked |  0
|  42|0x000000008c200000, 0x000000008c200000, 0x000000008c300000|  0%| F|  |TAMS 0x000000008c200000| PB 0x000000008c200000| Untracked |  0
|  43|0x000000008c300000, 0x000000008c300000, 0x000000008c400000|  0%| F|  |TAMS 0x000000008c300000| PB 0x000000008c300000| Untracked |  0
|  44|0x000000008c400000, 0x000000008c400000, 0x000000008c500000|  0%| F|  |TAMS 0x000000008c400000| PB 0x000000008c400000| Untracked |  0
|  45|0x000000008c500000, 0x000000008c500000, 0x000000008c600000|  0%| F|  |TAMS 0x000000008c500000| PB 0x000000008c500000| Untracked |  0
|  46|0x000000008c600000, 0x000000008c600000, 0x000000008c700000|  0%| F|  |TAMS 0x000000008c600000| PB 0x000000008c600000| Untracked |  0
|  47|0x000000008c700000, 0x000000008c700000, 0x000000008c800000|  0%| F|  |TAMS 0x000000008c700000| PB 0x000000008c700000| Untracked |  0
|  48|0x000000008c800000, 0x000000008c800000, 0x000000008c900000|  0%| F|  |TAMS 0x000000008c800000| PB 0x000000008c800000| Untracked |  0
|  49|0x000000008c900000, 0x000000008c900000, 0x000000008ca00000|  0%| F|  |TAMS 0x000000008c900000| PB 0x000000008c900000| Untracked |  0
|  50|0x000000008ca00000, 0x000000008ca00000, 0x000000008cb00000|  0%| F|  |TAMS 0x000000008ca00000| PB 0x000000008ca00000| Untracked |  0
|  51|0x000000008cb00000, 0x000000008cb00000, 0x000000008cc00000|  0%| F|  |TAMS 0x000000008cb00000| PB 0x000000008cb00000| Untracked |  0
|  52|0x000000008cc00000, 0x000000008cc00000, 0x000000008cd00000|  0%| F|  |TAMS 0x000000008cc00000| PB 0x000000008cc00000| Untracked |  0
|  53|0x000000008cd00000, 0x000000008cd00000, 0x000000008ce00000|  0%| F|  |TAMS 0x000000008cd00000| PB 0x000000008cd00000| Untracked |  0
|  54|0x000000008ce00000, 0x000000008ce00000, 0x000000008cf00000|  0%| F|  |TAMS 0x000000008ce00000| PB 0x000000008ce00000| Untracked |  0
|  55|0x000000008cf00000, 0x000000008cf00000, 0x000000008d000000|  0%| F|  |TAMS 0x000000008cf00000| PB 0x000000008cf00000| Untracked |  0
|  56|0x000000008d000000, 0x000000008d000000, 0x000000008d100000|  0%| F|  |TAMS 0x000000008d000000| PB 0x000000008d000000| Untracked |  0
|  57|0x000000008d100000, 0x000000008d100000, 0x000000008d200000|  0%| F|  |TAMS 0x000000008d100000| PB 0x000000008d100000| Untracked |  0
|  58|0x000000008d200000, 0x000000008d200000, 0x000000008d300000|  0%| F|  |TAMS 0x000000008d200000| PB 0x000000008d200000| Untracked |  0
|  59|0x000000008d300000, 0x000000008d300000, 0x000000008d400000|  0%| F|  |TAMS 0x000000008d300000| PB 0x000000008d300000| Untracked |  0
|  60|0x000000008d400000, 0x000000008d400000, 0x000000008d500000|  0%| F|  |TAMS 0x000000008d400000| PB 0x000000008d400000| Untracked |  0
|  61|0x000000008d500000, 0x000000008d500000, 0x000000008d600000|  0%| F|  |TAMS 0x000000008d500000| PB 0x000000008d500000| Untracked |  0
|  62|0x000000008d600000, 0x000000008d600000, 0x000000008d700000|  0%| F|  |TAMS 0x000000008d600000| PB 0x000000008d600000| Untracked |  0
|  63|0x000000008d700000, 0x000000008d700000, 0x000000008d800000|  0%| F|  |TAMS 0x000000008d700000| PB 0x000000008d700000| Untracked |  0
|  64|0x000000008d800000, 0x000000008d800000, 0x000000008d900000|  0%| F|  |TAMS 0x000000008d800000| PB 0x000000008d800000| Untracked |  0
|  65|0x000000008d900000, 0x000000008d900000, 0x000000008da00000|  0%| F|  |TAMS 0x000000008d900000| PB 0x000000008d900000| Untracked |  0
|  66|0x000000008da00000, 0x000000008da00000, 0x000000008db00000|  0%| F|  |TAMS 0x000000008da00000| PB 0x000000008da00000| Untracked |  0
|  67|0x000000008db00000, 0x000000008db00000, 0x000000008dc00000|  0%| F|  |TAMS 0x000000008db00000| PB 0x000000008db00000| Untracked |  0
|  68|0x000000008dc00000, 0x000000008dc00000, 0x000000008dd00000|  0%| F|  |TAMS 0x000000008dc00000| PB 0x000000008dc00000| Untracked |  0
|  69|0x000000008dd00000, 0x000000008dd00000, 0x000000008de00000|  0%| F|  |TAMS 0x000000008dd00000| PB 0x000000008dd00000| Untracked |  0
|  70|0x000000008de00000, 0x000000008de00000, 0x000000008df00000|  0%| F|  |TAMS 0x000000008de00000| PB 0x000000008de00000| Untracked |  0
|  71|0x000000008df00000, 0x000000008df00000, 0x000000008e000000|  0%| F|  |TAMS 0x000000008df00000| PB 0x000000008df00000| Untracked |  0
|  72|0x000000008e000000, 0x000000008e000000, 0x000000008e100000|  0%| F|  |TAMS 0x000000008e000000| PB 0x000000008e000000| Untracked |  0
|  73|0x000000008e100000, 0x000000008e100000, 0x000000008e200000|  0%| F|  |TAMS 0x000000008e100000| PB 0x000000008e100000| Untracked |  0
|  74|0x000000008e200000, 0x000000008e200000, 0x000000008e300000|  0%| F|  |TAMS 0x000000008e200000| PB 0x000000008e200000| Untracked |  0
|  75|0x000000008e300000, 0x000000008e300000, 0x000000008e400000|  0%| F|  |TAMS 0x000000008e300000| PB 0x000000008e300000| Untracked |  0
|  76|0x000000008e400000, 0x000000008e400000, 0x000000008e500000|  0%| F|  |TAMS 0x000000008e400000| PB 0x000000008e400000| Untracked |  0
|  77|0x000000008e500000, 0x000000008e500000, 0x000000008e600000|  0%| F|  |TAMS 0x000000008e500000| PB 0x000000008e500000| Untracked |  0
|  78|0x000000008e600000, 0x000000008e680000, 0x000000008e700000| 50%| E|  |TAMS 0x000000008e600000| PB 0x000000008e600000| Complete |  0
|  79|0x000000008e700000, 0x000000008e800000, 0x000000008e800000|100%| E|CS|TAMS 0x000000008e700000| PB 0x000000008e700000| Complete |  0
|  80|0x000000008e800000, 0x000000008e900000, 0x000000008e900000|100%| E|CS|TAMS 0x000000008e800000| PB 0x000000008e800000| Complete |  0
|  81|0x000000008e900000, 0x000000008ea00000, 0x000000008ea00000|100%| E|CS|TAMS 0x000000008e900000| PB 0x000000008e900000| Complete |  0
|  82|0x000000008ea00000, 0x000000008eb00000, 0x000000008eb00000|100%| E|CS|TAMS 0x000000008ea00000| PB 0x000000008ea00000| Complete |  1
|  83|0x000000008eb00000, 0x000000008ec00000, 0x000000008ec00000|100%| E|CS|TAMS 0x000000008eb00000| PB 0x000000008eb00000| Complete |  0
|  84|0x000000008ec00000, 0x000000008ed00000, 0x000000008ed00000|100%| E|CS|TAMS 0x000000008ec00000| PB 0x000000008ec00000| Complete |  0
|  85|0x000000008ed00000, 0x000000008ee00000, 0x000000008ee00000|100%| E|CS|TAMS 0x000000008ed00000| PB 0x000000008ed00000| Complete |  0
|  86|0x000000008ee00000, 0x000000008ef00000, 0x000000008ef00000|100%| E|CS|TAMS 0x000000008ee00000| PB 0x000000008ee00000| Complete |  0
|  87|0x000000008ef00000, 0x000000008f000000, 0x000000008f000000|100%| E|CS|TAMS 0x000000008ef00000| PB 0x000000008ef00000| Complete |  0
|  88|0x000000008f000000, 0x000000008f100000, 0x000000008f100000|100%| E|CS|TAMS 0x000000008f000000| PB 0x000000008f000000| Complete |  0
|  89|0x000000008f100000, 0x000000008f200000, 0x000000008f200000|100%| E|CS|TAMS 0x000000008f100000| PB 0x000000008f100000| Complete |  0
|  90|0x000000008f200000, 0x000000008f300000, 0x000000008f300000|100%| E|CS|TAMS 0x000000008f200000| PB 0x000000008f200000| Complete |  0
|  91|0x000000008f300000, 0x000000008f400000, 0x000000008f400000|100%| E|CS|TAMS 0x000000008f300000| PB 0x000000008f300000| Complete |  0
|  92|0x000000008f400000, 0x000000008f500000, 0x000000008f500000|100%| E|CS|TAMS 0x000000008f400000| PB 0x000000008f400000| Complete |  0
|  93|0x000000008f500000, 0x000000008f600000, 0x000000008f600000|100%| E|CS|TAMS 0x000000008f500000| PB 0x000000008f500000| Complete |  0
|  94|0x000000008f600000, 0x000000008f700000, 0x000000008f700000|100%| E|CS|TAMS 0x000000008f600000| PB 0x000000008f600000| Complete |  0
|  95|0x000000008f700000, 0x000000008f800000, 0x000000008f800000|100%| E|CS|TAMS 0x000000008f700000| PB 0x000000008f700000| Complete |  0
|  96|0x000000008f800000, 0x000000008f900000, 0x000000008f900000|100%| E|CS|TAMS 0x000000008f800000| PB 0x000000008f800000| Complete |  0
|  97|0x000000008f900000, 0x000000008fa00000, 0x000000008fa00000|100%| E|CS|TAMS 0x000000008f900000| PB 0x000000008f900000| Complete |  0
|  98|0x000000008fa00000, 0x000000008fb00000, 0x000000008fb00000|100%| E|CS|TAMS 0x000000008fa00000| PB 0x000000008fa00000| Complete |  0
|  99|0x000000008fb00000, 0x000000008fc00000, 0x000000008fc00000|100%| E|CS|TAMS 0x000000008fb00000| PB 0x000000008fb00000| Complete |  0
| 100|0x000000008fc00000, 0x000000008fd00000, 0x000000008fd00000|100%| E|CS|TAMS 0x000000008fc00000| PB 0x000000008fc00000| Complete |  0
| 101|0x000000008fd00000, 0x000000008fe00000, 0x000000008fe00000|100%| E|CS|TAMS 0x000000008fd00000| PB 0x000000008fd00000| Complete |  0
| 102|0x000000008fe00000, 0x000000008ff00000, 0x000000008ff00000|100%| E|CS|TAMS 0x000000008fe00000| PB 0x000000008fe00000| Complete |  0
| 103|0x000000008ff00000, 0x0000000090000000, 0x0000000090000000|100%| E|CS|TAMS 0x000000008ff00000| PB 0x000000008ff00000| Complete |  0
| 104|0x0000000090000000, 0x0000000090100000, 0x0000000090100000|100%| E|CS|TAMS 0x0000000090000000| PB 0x0000000090000000| Complete |  0
| 105|0x0000000090100000, 0x0000000090200000, 0x0000000090200000|100%| E|CS|TAMS 0x0000000090100000| PB 0x0000000090100000| Complete |  0
| 106|0x0000000090200000, 0x0000000090300000, 0x0000000090300000|100%| E|CS|TAMS 0x0000000090200000| PB 0x0000000090200000| Complete |  0
| 107|0x0000000090300000, 0x0000000090400000, 0x0000000090400000|100%| E|CS|TAMS 0x0000000090300000| PB 0x0000000090300000| Complete |  0
| 108|0x0000000090400000, 0x0000000090500000, 0x0000000090500000|100%| E|CS|TAMS 0x0000000090400000| PB 0x0000000090400000| Complete |  0
| 109|0x0000000090500000, 0x0000000090600000, 0x0000000090600000|100%| E|CS|TAMS 0x0000000090500000| PB 0x0000000090500000| Complete |  0
| 110|0x0000000090600000, 0x0000000090700000, 0x0000000090700000|100%| E|CS|TAMS 0x0000000090600000| PB 0x0000000090600000| Complete |  0
| 111|0x0000000090700000, 0x0000000090800000, 0x0000000090800000|100%| E|CS|TAMS 0x0000000090700000| PB 0x0000000090700000| Complete |  0
| 112|0x0000000090800000, 0x0000000090900000, 0x0000000090900000|100%| E|CS|TAMS 0x0000000090800000| PB 0x0000000090800000| Complete |  0
| 113|0x0000000090900000, 0x0000000090a00000, 0x0000000090a00000|100%| E|CS|TAMS 0x0000000090900000| PB 0x0000000090900000| Complete |  0
| 114|0x0000000090a00000, 0x0000000090b00000, 0x0000000090b00000|100%| E|CS|TAMS 0x0000000090a00000| PB 0x0000000090a00000| Complete |  0
| 115|0x0000000090b00000, 0x0000000090c00000, 0x0000000090c00000|100%| E|CS|TAMS 0x0000000090b00000| PB 0x0000000090b00000| Complete |  0
| 116|0x0000000090c00000, 0x0000000090d00000, 0x0000000090d00000|100%| E|CS|TAMS 0x0000000090c00000| PB 0x0000000090c00000| Complete |  0
| 117|0x0000000090d00000, 0x0000000090e00000, 0x0000000090e00000|100%| E|CS|TAMS 0x0000000090d00000| PB 0x0000000090d00000| Complete |  0
| 118|0x0000000090e00000, 0x0000000090f00000, 0x0000000090f00000|100%| E|CS|TAMS 0x0000000090e00000| PB 0x0000000090e00000| Complete |  0
| 119|0x0000000090f00000, 0x0000000091000000, 0x0000000091000000|100%| E|CS|TAMS 0x0000000090f00000| PB 0x0000000090f00000| Complete |  0
|1894|0x00000000ffe00000, 0x00000000fff00000, 0x00000000fff00000|100%| O|  |TAMS 0x00000000ffe00000| PB 0x00000000ffe00000| Untracked |  0
|1895|0x00000000fff00000, 0x00000000fff1d1c0, 0x0000000100000000| 11%| O|  |TAMS 0x00000000fff00000| PB 0x00000000fff00000| Untracked |  0

Card table byte_map: [0x000001e44ccf0000,0x000001e44d0b0000] _byte_map_base: 0x000001e44c8a4000

Marking Bits: (CMBitMap*) 0x000001e432b5ba50
 Bits: [0x000001e44d0b0000, 0x000001e44ee50000)

Polling page: 0x000001e43cc80000

Metaspace:

Usage:
  Non-class:     15.95 MB used.
      Class:      1.67 MB used.
       Both:     17.62 MB used.

Virtual space:
  Non-class space:       64.00 MB reserved,      16.06 MB ( 25%) committed,  1 nodes.
      Class space:        1.00 GB reserved,       1.81 MB ( <1%) committed,  1 nodes.
             Both:        1.06 GB reserved,      17.88 MB (  2%) committed. 

Chunk freelists:
   Non-Class:  15.00 MB
       Class:  14.11 MB
        Both:  29.11 MB

MaxMetaspaceSize: unlimited
CompressedClassSpaceSize: 1.00 GB
Initial GC threshold: 21.00 MB
Current GC threshold: 21.00 MB
CDS: on
 - commit_granule_bytes: 65536.
 - commit_granule_words: 8192.
 - virtual_space_node_default_size: 8388608.
 - enlarge_chunks_in_place: 1.
UseCompressedClassPointers 1, UseCompactObjectHeaders 0
Narrow klass pointer bits 32, Max shift 3
Narrow klass base: 0x000001e452000000, Narrow klass shift: 0
Encoding Range: [0x000001e452000000 - 0x000001e552000000), (4294967296 bytes)
Klass Range:    [0x000001e452000000 - 0x000001e493000000), (1090519040 bytes)
Klass ID Range:  [8 - 1090519033) (1090519025)


Internal statistics:

num_allocs_failed_limit: 0.
num_arena_births: 186.
num_arena_deaths: 0.
num_vsnodes_births: 2.
num_vsnodes_deaths: 0.
num_space_committed: 286.
num_space_uncommitted: 0.
num_chunks_returned_to_freelist: 0.
num_chunks_taken_from_freelist: 404.
num_chunk_merges: 0.
num_chunk_splits: 242.
num_chunks_enlarged: 131.
num_inconsistent_stats: 0.

CodeHeap 'non-profiled nmethods': size=120064Kb used=1005Kb max_used=1005Kb free=119058Kb
 bounds [0x000001e444760000, 0x000001e4449d0000, 0x000001e44bca0000]
CodeHeap 'profiled nmethods': size=120000Kb used=5787Kb max_used=5787Kb free=114212Kb
 bounds [0x000001e43cca0000, 0x000001e43d250000, 0x000001e4441d0000]
CodeHeap 'non-nmethods': size=5696Kb used=1643Kb max_used=1729Kb free=4052Kb
 bounds [0x000001e4441d0000, 0x000001e444440000, 0x000001e444760000]
CodeCache: size=245760Kb, used=8435Kb, max_used=8521Kb, free=237322Kb
 total_blobs=4046, nmethods=3232, adapters=717, full_count=0
Compilation: enabled, stopped_count=0, restarted_count=0

Compilation events (20 events):
Event: 1177.874 Thread 0x000001e451b471b0 nmethod 3224 0x000001e43d240b08 code [0x000001e43d240c80, 0x000001e43d2410d8]
Event: 1177.874 Thread 0x000001e451b471b0 3223   !   3       java.lang.ref.ReferenceQueue::remove (49 bytes)
Event: 1177.875 Thread 0x000001e451b471b0 nmethod 3223 0x000001e43d241108 code [0x000001e43d2412a0, 0x000001e43d241c48]
Event: 1212.879 Thread 0x000001e451b471b0 3225       3       jdk.internal.loader.URLClassPath$FileLoader::findResource (17 bytes)
Event: 1212.880 Thread 0x000001e451b471b0 nmethod 3225 0x000001e43d241c88 code [0x000001e43d241dc0, 0x000001e43d242038]
Event: 1252.925 Thread 0x000001e451b471b0 3226       3       sun.net.util.IPAddressUtil::checkAuth (45 bytes)
Event: 1252.927 Thread 0x000001e451b471b0 nmethod 3226 0x000001e43d242088 code [0x000001e43d2422a0, 0x000001e43d243038]
Event: 1277.966 Thread 0x000001e451b471b0 3227   !   3       com.mysql.cj.jdbc.AbandonedConnectionCleanupThread::checkThreadContextClassLoader (20 bytes)
Event: 1277.967 Thread 0x000001e451b471b0 nmethod 3227 0x000001e43d243108 code [0x000001e43d243280, 0x000001e43d2438a8]
Event: 2097.802 Thread 0x000001e451b471b0 3228       3       java.lang.invoke.MemberName::<init> (139 bytes)
Event: 2097.804 Thread 0x000001e451b471b0 nmethod 3228 0x000001e43d243908 code [0x000001e43d243ba0, 0x000001e43d244ff0]
Event: 2097.804 Thread 0x000001e451b471b0 3229       3       java.lang.invoke.MemberName::isField (8 bytes)
Event: 2097.804 Thread 0x000001e451b471b0 nmethod 3229 0x000001e43d245088 code [0x000001e43d2451a0, 0x000001e43d245360]
Event: 2097.804 Thread 0x000001e451b471b0 3230       3       java.lang.invoke.DirectMethodHandle$Holder::invokeStatic (24 bytes)
Event: 2097.804 Thread 0x000001e451b471b0 nmethod 3230 0x000001e43d245388 code [0x000001e43d2454c0, 0x000001e43d245a10]
Event: 2097.805 Thread 0x000001e451b471b0 3231       3       java.lang.invoke.BoundMethodHandle::rebind (14 bytes)
Event: 2097.805 Thread 0x000001e451b471b0 nmethod 3231 0x000001e43d245a88 code [0x000001e43d245c00, 0x000001e43d246240]
Event: 2097.805 Thread 0x000001e451b471b0 3232       3       java.lang.invoke.BoundMethodHandle::tooComplex (27 bytes)
Event: 2097.806 Thread 0x000001e451b471b0 nmethod 3232 0x000001e43d246288 code [0x000001e43d2463e0, 0x000001e43d246940]
Event: 2097.806 Thread 0x000001e451b471b0 3233       3       java.lang.invoke.BoundMethodHandle::fieldCount (8 bytes)

GC Heap History (0 events):
No events

Dll operation events (10 events):
Event: 0.017 Loaded shared library C:\Program Files\Java\jdk-24\bin\java.dll
Event: 0.059 Loaded shared library C:\Program Files\Java\jdk-24\bin\jsvml.dll
Event: 0.107 Loaded shared library C:\Program Files\Java\jdk-24\bin\net.dll
Event: 0.110 Loaded shared library C:\Program Files\Java\jdk-24\bin\nio.dll
Event: 0.155 Loaded shared library C:\Program Files\Java\jdk-24\bin\zip.dll
Event: 0.189 Loaded shared library C:\Program Files\Java\jdk-24\bin\jimage.dll
Event: 0.204 Loaded shared library C:\Program Files\Java\jdk-24\bin\awt.dll
Event: 0.401 Loaded shared library C:\Program Files\Java\jdk-24\bin\freetype.dll
Event: 0.402 Loaded shared library C:\Program Files\Java\jdk-24\bin\fontmanager.dll
Event: 1.774 Loaded shared library C:\Program Files\Java\jdk-24\bin\extnet.dll

Deoptimization events (20 events):
Event: 188.585 Thread 0x000001e4975bee30 Uncommon trap: trap_request=0xffffffbe fr.pc=0x000001e4448546bc relative=0x00000000000006dc
Event: 188.585 Thread 0x000001e4975bee30 Uncommon trap: reason=profile_predicate action=maybe_recompile pc=0x000001e4448546bc method=java.awt.LinearGradientPaintContext.fillRaster([IIIIIII)V @ 53 c2
Event: 188.585 Thread 0x000001e4975bee30 DEOPT PACKING pc=0x000001e4448546bc sp=0x0000005a203fd410
Event: 188.585 Thread 0x000001e4975bee30 DEOPT UNPACKING pc=0x000001e4442e4c02 sp=0x0000005a203fd3c8 mode 2
Event: 188.586 Thread 0x000001e4975bee30 Uncommon trap: trap_request=0xffffffbe fr.pc=0x000001e444837684 relative=0x0000000000000804
Event: 188.586 Thread 0x000001e4975bee30 Uncommon trap: reason=profile_predicate action=maybe_recompile pc=0x000001e444837684 method=java.awt.LinearGradientPaintContext.fillRaster([IIIIIII)V @ 50 c2
Event: 188.586 Thread 0x000001e4975bee30 DEOPT PACKING pc=0x000001e444837684 sp=0x0000005a203fd3f0
Event: 188.586 Thread 0x000001e4975bee30 DEOPT UNPACKING pc=0x000001e4442e4c02 sp=0x0000005a203fd3d8 mode 2
Event: 188.586 Thread 0x000001e4975bee30 Uncommon trap: trap_request=0xffffffbe fr.pc=0x000001e4448546bc relative=0x00000000000006dc
Event: 188.586 Thread 0x000001e4975bee30 Uncommon trap: reason=profile_predicate action=maybe_recompile pc=0x000001e4448546bc method=java.awt.LinearGradientPaintContext.fillRaster([IIIIIII)V @ 53 c2
Event: 188.586 Thread 0x000001e4975bee30 DEOPT PACKING pc=0x000001e4448546bc sp=0x0000005a203fd410
Event: 188.586 Thread 0x000001e4975bee30 DEOPT UNPACKING pc=0x000001e4442e4c02 sp=0x0000005a203fd3c8 mode 2
Event: 265.400 Thread 0x000001e49c829b10 Uncommon trap: trap_request=0xffffffcc fr.pc=0x000001e444859288 relative=0x00000000000002c8
Event: 265.400 Thread 0x000001e49c829b10 Uncommon trap: reason=intrinsic_or_type_checked_inlining action=make_not_entrant pc=0x000001e444859288 method=java.util.Arrays.copyOf([Ljava/lang/Object;ILjava/lang/Class;)[Ljava/lang/Object; @ 35 c2
Event: 265.400 Thread 0x000001e49c829b10 DEOPT PACKING pc=0x000001e444859288 sp=0x0000005a210ff200
Event: 265.400 Thread 0x000001e49c829b10 DEOPT UNPACKING pc=0x000001e4442e4c02 sp=0x0000005a210ff190 mode 2
Event: 489.787 Thread 0x000001e49c829b10 Uncommon trap: trap_request=0xffffffdc fr.pc=0x000001e44485a550 relative=0x0000000000000230
Event: 489.787 Thread 0x000001e49c829b10 Uncommon trap: reason=class_check action=make_not_entrant pc=0x000001e44485a550 method=java.util.ArrayList.toArray([Ljava/lang/Object;)[Ljava/lang/Object; @ 21 c2
Event: 489.787 Thread 0x000001e49c829b10 DEOPT PACKING pc=0x000001e44485a550 sp=0x0000005a210ff260
Event: 489.787 Thread 0x000001e49c829b10 DEOPT UNPACKING pc=0x000001e4442e4c02 sp=0x0000005a210ff220 mode 2

Classes loaded (20 events):
Event: 13.333 Loading class java/awt/WaitDispatchSupport$4
Event: 13.333 Loading class java/awt/WaitDispatchSupport$4 done
Event: 13.333 Loading class java/awt/WaitDispatchSupport$1
Event: 13.333 Loading class java/awt/WaitDispatchSupport$1 done
Event: 13.333 Loading class java/awt/WaitDispatchSupport$2
Event: 13.333 Loading class java/awt/WaitDispatchSupport$2 done
Event: 13.341 Loading class javax/swing/plaf/synth/SynthGraphicsUtils$SynthIconWrapper
Event: 13.342 Loading class javax/swing/plaf/synth/SynthGraphicsUtils$SynthIconWrapper done
Event: 13.342 Loading class javax/swing/plaf/nimbus/OptionPanePainter
Event: 13.342 Loading class javax/swing/plaf/nimbus/OptionPanePainter done
Event: 13.345 Loading class java/awt/geom/EllipseIterator
Event: 13.346 Loading class java/awt/geom/EllipseIterator done
Event: 15.187 Loading class sun/awt/SunToolkit$1
Event: 15.188 Loading class sun/awt/SunToolkit$1 done
Event: 15.202 Loading class java/awt/Window$1DisposeAction
Event: 15.202 Loading class java/awt/Window$1DisposeAction done
Event: 1466.512 Loading class java/awt/desktop/SystemSleepListener
Event: 1466.512 Loading class java/awt/desktop/SystemEventListener
Event: 1466.512 Loading class java/awt/desktop/SystemEventListener done
Event: 1466.512 Loading class java/awt/desktop/SystemSleepListener done

Classes unloaded (0 events):
No events

Classes redefined (0 events):
No events

Internal exceptions (20 events):
Event: 1.054 Thread 0x000001e4975bee30 Exception <a 'java/lang/NoSuchMethodError'{0x000000009047d398}: 'void java.lang.invoke.DirectMethodHandle$Holder.invokeStaticInit(java.lang.Object)'> (0x000000009047d398) 
thrown [s\open\src\hotspot\share\interpreter\linkResolver.cpp, line 805]
Event: 1.130 Thread 0x000001e4975bee30 Exception <a 'java/lang/NoSuchMethodError'{0x000000008fe58500}: 'void java.lang.invoke.DelegatingMethodHandle$Holder.reinvoke_L(java.lang.Object, java.lang.Object, java.lang.Object, java.lang.Object, long, long, float)'> (0x000000008fe58500) 
thrown [s\open\src\hotspot\share\interpreter\linkResolver.cpp, line 805]
Event: 1.133 Thread 0x000001e4975bee30 Exception <a 'java/lang/NoSuchMethodError'{0x000000008fe786b8}: 'java.lang.Object java.lang.invoke.DirectMethodHandle$Holder.invokeStatic(java.lang.Object, java.lang.Object, java.lang.Object, java.lang.Object, java.lang.Object, long)'> (0x000000008fe786b8) 
thrown [s\open\src\hotspot\share\interpreter\linkResolver.cpp, line 805]
Event: 1.140 Thread 0x000001e4975bee30 Exception <a 'java/lang/NoSuchMethodError'{0x000000008febc208}: 'float java.lang.invoke.DelegatingMethodHandle$Holder.reinvoke_L(java.lang.Object, java.lang.Object, java.lang.Object, java.lang.Object, long, long)'> (0x000000008febc208) 
thrown [s\open\src\hotspot\share\interpreter\linkResolver.cpp, line 805]
Event: 1.196 Thread 0x000001e4975bee30 Exception <a 'java/io/FileNotFoundException'{0x000000008fd5b110}> (0x000000008fd5b110) 
thrown [s\open\src\hotspot\share\prims\jni.cpp, line 518]
Event: 1.232 Thread 0x000001e4975bee30 Exception <a 'java/io/FileNotFoundException'{0x000000008fdb45c8}> (0x000000008fdb45c8) 
thrown [s\open\src\hotspot\share\prims\jni.cpp, line 518]
Event: 1.265 Thread 0x000001e451d973f0 Exception <a 'java/lang/NoSuchMethodError'{0x0000000090b10168}: 'void java.lang.invoke.DirectMethodHandle$Holder.invokeVirtual(java.lang.Object, java.lang.Object)'> (0x0000000090b10168) 
thrown [s\open\src\hotspot\share\interpreter\linkResolver.cpp, line 805]
Event: 1.321 Thread 0x000001e4975bee30 Exception <a 'java/lang/NoSuchMethodError'{0x000000008fc06b20}: 'void java.lang.invoke.DelegatingMethodHandle$Holder.reinvoke_L(java.lang.Object, java.lang.Object, java.lang.Object, java.lang.Object, long, long, int)'> (0x000000008fc06b20) 
thrown [s\open\src\hotspot\share\interpreter\linkResolver.cpp, line 805]
Event: 1.326 Thread 0x000001e4975bee30 Exception <a 'java/lang/NoSuchMethodError'{0x000000008fc313b8}: 'void java.lang.invoke.DelegatingMethodHandle$Holder.reinvoke_L(java.lang.Object, java.lang.Object, java.lang.Object, java.lang.Object, long, long, long)'> (0x000000008fc313b8) 
thrown [s\open\src\hotspot\share\interpreter\linkResolver.cpp, line 805]
Event: 1.347 Thread 0x000001e4975bee30 Exception <a 'java/lang/NoSuchMethodError'{0x000000008fc849c0}: 'void java.lang.invoke.DelegatingMethodHandle$Holder.reinvoke_L(java.lang.Object, java.lang.Object, java.lang.Object, java.lang.Object, long, long, double)'> (0x000000008fc849c0) 
thrown [s\open\src\hotspot\share\interpreter\linkResolver.cpp, line 805]
Event: 1.529 Thread 0x000001e4975bee30 Exception <a 'java/lang/NoSuchMethodError'{0x000000008fa0ce08}: 'void java.lang.invoke.DirectMethodHandle$Holder.invokeStatic(java.lang.Object, java.lang.Object)'> (0x000000008fa0ce08) 
thrown [s\open\src\hotspot\share\interpreter\linkResolver.cpp, line 805]
Event: 1.575 Thread 0x000001e4975bee30 Exception <a 'java/lang/NoSuchMethodError'{0x000000008f9460d0}: 'java.lang.Object java.lang.invoke.DirectMethodHandle$Holder.invokeInterface(java.lang.Object, java.lang.Object)'> (0x000000008f9460d0) 
thrown [s\open\src\hotspot\share\interpreter\linkResolver.cpp, line 805]
Event: 1.632 Thread 0x000001e4975bee30 Exception <a 'java/lang/NoSuchMethodError'{0x000000008f7febf8}: 'void java.lang.invoke.DirectMethodHandle$Holder.invokeStatic(java.lang.Object, java.lang.Object, java.lang.Object)'> (0x000000008f7febf8) 
thrown [s\open\src\hotspot\share\interpreter\linkResolver.cpp, line 805]
Event: 1.635 Thread 0x000001e4975bee30 Exception <a 'java/lang/NoSuchMethodError'{0x000000008f6173d8}: 'java.lang.Object java.lang.invoke.DirectMethodHandle$Holder.invokeVirtual(java.lang.Object, java.lang.Object, java.lang.Object)'> (0x000000008f6173d8) 
thrown [s\open\src\hotspot\share\interpreter\linkResolver.cpp, line 805]
Event: 13.331 Thread 0x000001e4975bee30 Exception <a 'java/lang/NoSuchMethodError'{0x000000008ebfd528}: 'int java.lang.invoke.DirectMethodHandle$Holder.invokeStatic(java.lang.Object)'> (0x000000008ebfd528) 
thrown [s\open\src\hotspot\share\interpreter\linkResolver.cpp, line 805]
Event: 188.585 Thread 0x000001e4975bee30 Implicit null exception at 0x000001e4448540cd to 0x000001e444854683
Event: 188.585 Thread 0x000001e4975bee30 Implicit null exception at 0x000001e444836f62 to 0x000001e444837638
Event: 188.585 Thread 0x000001e4975bee30 Implicit null exception at 0x000001e4448540cd to 0x000001e444854683
Event: 188.586 Thread 0x000001e4975bee30 Implicit null exception at 0x000001e444836f62 to 0x000001e444837638
Event: 188.586 Thread 0x000001e4975bee30 Implicit null exception at 0x000001e4448540cd to 0x000001e444854683

VM Operations (20 events):
Event: 1.382 Executing VM operation: HandshakeAllThreads (Deoptimize)
Event: 1.382 Executing VM operation: HandshakeAllThreads (Deoptimize) done
Event: 1.513 Executing VM operation: HandshakeAllThreads (Deoptimize)
Event: 1.513 Executing VM operation: HandshakeAllThreads (Deoptimize) done
Event: 1.543 Executing VM operation: HandshakeAllThreads (Deoptimize)
Event: 1.543 Executing VM operation: HandshakeAllThreads (Deoptimize) done
Event: 1.758 Executing VM operation: HandshakeAllThreads (Deoptimize)
Event: 1.759 Executing VM operation: HandshakeAllThreads (Deoptimize) done
Event: 11.663 Executing VM operation: HandshakeAllThreads (Deoptimize)
Event: 11.664 Executing VM operation: HandshakeAllThreads (Deoptimize) done
Event: 11.664 Executing VM operation: HandshakeAllThreads (Deoptimize)
Event: 11.664 Executing VM operation: HandshakeAllThreads (Deoptimize) done
Event: 60.227 Executing VM operation: HandshakeAllThreads (HandshakeForDeflation)
Event: 60.227 Executing VM operation: HandshakeAllThreads (HandshakeForDeflation) done
Event: 60.227 Executing VM operation: RendezvousGCThreads
Event: 60.227 Executing VM operation: RendezvousGCThreads done
Event: 240.573 Executing VM operation: HandshakeAllThreads (HandshakeForDeflation)
Event: 240.573 Executing VM operation: HandshakeAllThreads (HandshakeForDeflation) done
Event: 240.573 Executing VM operation: RendezvousGCThreads
Event: 240.573 Executing VM operation: RendezvousGCThreads done

Memory protections (0 events):
No events

Nmethod flushes (0 events):
No events

Events (20 events):
Event: 0.057 Thread 0x000001e43285f410 Thread added: 0x000001e451b471b0
Event: 0.104 Thread 0x000001e43285f410 Thread added: 0x000001e451c1c1c0
Event: 0.149 Thread 0x000001e43285f410 Thread added: 0x000001e451d753c0
Event: 0.159 Thread 0x000001e451b471b0 Thread added: 0x000001e451b48860
Event: 0.269 Thread 0x000001e43285f410 Thread added: 0x000001e451f24c50
Event: 0.271 Thread 0x000001e43285f410 Thread added: 0x000001e451d96cb0
Event: 0.271 Thread 0x000001e43285f410 Thread added: 0x000001e451d973f0
Event: 0.518 Thread 0x000001e43285f410 Thread added: 0x000001e4975bee30
Event: 0.519 Thread 0x000001e43285f410 Thread exited: 0x000001e43285f410
Event: 0.519 Thread 0x000001e43285f410 Thread added: 0x000001e43285f410
Event: 0.783 Thread 0x000001e4975bee30 Thread added: 0x000001e49c53bc30
Event: 1.336 Thread 0x000001e4975bee30 Thread added: 0x000001e49c829b10
Event: 1.531 Thread 0x000001e4975bee30 Thread added: 0x000001e49c674a20
Event: 1.616 Thread 0x000001e451b471b0 Thread added: 0x000001e451b49f10
Event: 2.148 Thread 0x000001e4975bee30 Thread added: 0x000001e49c8f3dd0
Event: 2.219 Thread 0x000001e451b49f10 Thread exited: 0x000001e451b49f10
Event: 2.219 Thread 0x000001e451b48860 Thread exited: 0x000001e451b48860
Event: 6.024 Thread 0x000001e49c53bc30 Thread exited: 0x000001e49c53bc30
Event: 15.349 Thread 0x000001e451b471b0 Thread added: 0x000001e451b48ff0
Event: 15.993 Thread 0x000001e451b48ff0 Thread exited: 0x000001e451b48ff0


Dynamic libraries:
0x00007ff7e6920000 - 0x00007ff7e6930000 	C:\Program Files\Java\jdk-24\bin\java.exe
0x00007fffbd000000 - 0x00007fffbd267000 	C:\WINDOWS\SYSTEM32\ntdll.dll
0x00007fffbbad0000 - 0x00007fffbbb99000 	C:\WINDOWS\System32\KERNEL32.DLL
0x00007fffba7a0000 - 0x00007fffbab8f000 	C:\WINDOWS\System32\KERNELBASE.dll
0x00007fffba5a0000 - 0x00007fffba6eb000 	C:\WINDOWS\System32\ucrtbase.dll
0x00007fffb5240000 - 0x00007fffb5256000 	C:\Program Files\Java\jdk-24\bin\jli.dll
0x00007fffb6740000 - 0x00007fffb675b000 	C:\Program Files\Java\jdk-24\bin\VCRUNTIME140.dll
0x00007fffbbc60000 - 0x00007fffbbe25000 	C:\WINDOWS\System32\USER32.dll
0x00007fffaa950000 - 0x00007fffaabe3000 	C:\WINDOWS\WinSxS\amd64_microsoft.windows.common-controls_6595b64144ccf1df_6.0.26100.7309_none_3e05feeae336a044\COMCTL32.dll
0x00007fffba380000 - 0x00007fffba3a7000 	C:\WINDOWS\System32\win32u.dll
0x00007fffbb780000 - 0x00007fffbb829000 	C:\WINDOWS\System32\msvcrt.dll
0x00007fffbbe30000 - 0x00007fffbbe5b000 	C:\WINDOWS\System32\GDI32.dll
0x00007fffba470000 - 0x00007fffba59c000 	C:\WINDOWS\System32\gdi32full.dll
0x00007fffba150000 - 0x00007fffba1f3000 	C:\WINDOWS\System32\msvcp_win.dll
0x00007fffbc6e0000 - 0x00007fffbc711000 	C:\WINDOWS\System32\IMM32.DLL
0x00007fffb51c0000 - 0x00007fffb51cc000 	C:\Program Files\Java\jdk-24\bin\vcruntime140_1.dll
0x00007fffa46a0000 - 0x00007fffa472e000 	C:\Program Files\Java\jdk-24\bin\msvcp140.dll
0x00007fff74b50000 - 0x00007fff758f2000 	C:\Program Files\Java\jdk-24\bin\server\jvm.dll
0x00007fffbb390000 - 0x00007fffbb444000 	C:\WINDOWS\System32\ADVAPI32.dll
0x00007fffbaf50000 - 0x00007fffbaff6000 	C:\WINDOWS\System32\sechost.dll
0x00007fffbc5c0000 - 0x00007fffbc6d8000 	C:\WINDOWS\System32\RPCRT4.dll
0x00007fffbc820000 - 0x00007fffbc894000 	C:\WINDOWS\System32\WS2_32.dll
0x00007fffb9fb0000 - 0x00007fffba00e000 	C:\WINDOWS\SYSTEM32\POWRPROF.dll
0x00007fffb2d60000 - 0x00007fffb2d6b000 	C:\WINDOWS\SYSTEM32\VERSION.dll
0x00007fffb2d20000 - 0x00007fffb2d55000 	C:\WINDOWS\SYSTEM32\WINMM.dll
0x00007fffb9f90000 - 0x00007fffb9fa4000 	C:\WINDOWS\SYSTEM32\UMPDC.dll
0x00007fffb8ec0000 - 0x00007fffb8edb000 	C:\WINDOWS\SYSTEM32\kernel.appcore.dll
0x00007fffb51b0000 - 0x00007fffb51ba000 	C:\Program Files\Java\jdk-24\bin\jimage.dll
0x00007fffaf700000 - 0x00007fffaf942000 	C:\WINDOWS\SYSTEM32\DBGHELP.DLL
0x00007fffbb000000 - 0x00007fffbb385000 	C:\WINDOWS\System32\combase.dll
0x00007fffbb9f0000 - 0x00007fffbbac6000 	C:\WINDOWS\System32\OLEAUT32.dll
0x00007fffaa8d0000 - 0x00007fffaa90c000 	C:\WINDOWS\SYSTEM32\dbgcore.DLL
0x00007fffba6f0000 - 0x00007fffba795000 	C:\WINDOWS\System32\bcryptPrimitives.dll
0x00007fffb44d0000 - 0x00007fffb44ee000 	C:\Program Files\Java\jdk-24\bin\java.dll
0x00007fffbadb0000 - 0x00007fffbaf47000 	C:\WINDOWS\System32\ole32.dll
0x00007fffbbe60000 - 0x00007fffbc5b3000 	C:\WINDOWS\System32\SHELL32.dll
0x00007fffbaba0000 - 0x00007fffbad0a000 	C:\WINDOWS\System32\wintypes.dll
0x00007fffb7d30000 - 0x00007fffb858e000 	C:\WINDOWS\SYSTEM32\windows.storage.dll
0x00007fffbc720000 - 0x00007fffbc815000 	C:\WINDOWS\System32\SHCORE.dll
0x00007fffbb4b0000 - 0x00007fffbb516000 	C:\WINDOWS\System32\shlwapi.dll
0x00007fffba070000 - 0x00007fffba099000 	C:\WINDOWS\SYSTEM32\profapi.dll
0x00007fffb2a70000 - 0x00007fffb2b47000 	C:\Program Files\Java\jdk-24\bin\jsvml.dll
0x00007fffb44c0000 - 0x00007fffb44d0000 	C:\Program Files\Java\jdk-24\bin\net.dll
0x00007fffb9410000 - 0x00007fffb947b000 	C:\WINDOWS\system32\mswsock.dll
0x00007fffb44a0000 - 0x00007fffb44b6000 	C:\Program Files\Java\jdk-24\bin\nio.dll
0x00007fffb4480000 - 0x00007fffb4497000 	C:\Program Files\Java\jdk-24\bin\zip.dll
0x00007fffb28f0000 - 0x00007fffb2a6f000 	C:\Program Files\Java\jdk-24\bin\awt.dll
0x00007fffb7170000 - 0x00007fffb720f000 	C:\WINDOWS\SYSTEM32\apphelp.dll
0x00007fffb73d0000 - 0x00007fffb747b000 	C:\WINDOWS\system32\uxtheme.dll
0x00007fffbb830000 - 0x00007fffbb98e000 	C:\WINDOWS\System32\MSCTF.dll
0x00007fffb7680000 - 0x00007fffb76b0000 	C:\WINDOWS\system32\DWMAPI.DLL
0x00007fffa4610000 - 0x00007fffa4697000 	C:\Program Files\Java\jdk-24\bin\freetype.dll
0x00007fff930d0000 - 0x00007fff931a7000 	C:\Program Files\Java\jdk-24\bin\fontmanager.dll
0x00007fff46820000 - 0x00007fff46930000 	C:\WINDOWS\system32\opengl32.dll
0x00007fff441e0000 - 0x00007fff4420d000 	C:\WINDOWS\SYSTEM32\GLU32.dll
0x00007fffb7630000 - 0x00007fffb7674000 	C:\WINDOWS\SYSTEM32\dxcore.dll
0x00007fffbbba0000 - 0x00007fffbbc50000 	C:\WINDOWS\System32\clbcatq.dll
0x00007fffb59e0000 - 0x00007fffb5c10000 	C:\WINDOWS\SYSTEM32\WindowsCodecs.dll
0x00007fff9bb50000 - 0x00007fff9bbaa000 	C:\WINDOWS\system32\dataexchange.dll
0x00007fffaf200000 - 0x00007fffaf444000 	C:\WINDOWS\system32\twinapi.appcore.dll
0x00007fff9b930000 - 0x00007fff9ba78000 	C:\WINDOWS\SYSTEM32\textinputframework.dll
0x00007fffb88f0000 - 0x00007fffb8a1c000 	C:\WINDOWS\SYSTEM32\DNSAPI.dll
0x00007fffb88b0000 - 0x00007fffb88e4000 	C:\WINDOWS\SYSTEM32\IPHLPAPI.DLL
0x00007fffbada0000 - 0x00007fffbadaa000 	C:\WINDOWS\System32\NSI.dll
0x00007fffacc50000 - 0x00007fffacc5b000 	C:\Windows\System32\rasadhlp.dll
0x00007fffb04a0000 - 0x00007fffb0526000 	C:\WINDOWS\System32\fwpuclnt.dll
0x00007fffb4460000 - 0x00007fffb4469000 	C:\Program Files\Java\jdk-24\bin\extnet.dll
0x00007fffb6ec0000 - 0x00007fffb6fe7000 	C:\WINDOWS\SYSTEM32\CoreMessaging.dll
0x00007fffb3540000 - 0x00007fffb3822000 	C:\WINDOWS\SYSTEM32\CoreUIComponents.dll
0x00007fffb9660000 - 0x00007fffb966c000 	C:\WINDOWS\SYSTEM32\CRYPTBASE.DLL
0x00007fff9dd50000 - 0x00007fff9ddce000 	C:\WINDOWS\system32\Ninput.dll

JVMTI agents: none

dbghelp: loaded successfully - version: 4.0.5 - missing functions: none
symbol engine: initialized successfully - sym options: 0x614 - pdb path: .;C:\Program Files\Java\jdk-24\bin;C:\WINDOWS\SYSTEM32;C:\WINDOWS\WinSxS\amd64_microsoft.windows.common-controls_6595b64144ccf1df_6.0.26100.7309_none_3e05feeae336a044;C:\Program Files\Java\jdk-24\bin\server;C:\WINDOWS\System32\DriverStore\FileRepository\u0417877.inf_amd64_8b2c2b61b3f8a9e5\B417004

VM Arguments:
jvm_args: -Dfile.encoding=UTF-8 --enable-preview --module-path=C:\Users\Hype\Documents\NetBeansProjects\Hotel Management System\build\classes 
java_command: ManageRoom
java_class_path (initial): C:\Program Files\NetBeans-25\netbeans\java\modules\ext\AbsoluteLayout.jar;C:\mysql-connector-j-9.3.0\mysql-connector-j-9.3.0.jar;C:\Users\Hype\Downloads\itext-2.1.7.jar;C:\Users\Hype\Documents\NetBeansProjects\Hotel Management System\build\classes
Launcher Type: SUN_STANDARD

[Global flags]
     intx CICompilerCount                          = 4                                         {product} {ergonomic}
     uint ConcGCThreads                            = 3                                         {product} {ergonomic}
     uint G1ConcRefinementThreads                  = 10                                        {product} {ergonomic}
   size_t G1HeapRegionSize                         = 1048576                                   {product} {ergonomic}
   size_t InitialHeapSize                          = 125829120                                 {product} {ergonomic}
   size_t MarkStackSize                            = 4194304                                   {product} {ergonomic}
   size_t MarkStackSizeMax                         = 536870912                                 {product} {ergonomic}
   size_t MaxHeapSize                              = 1988100096                                {product} {ergonomic}
   size_t MaxNewSize                               = 1192230912                                {product} {ergonomic}
   size_t MinHeapDeltaBytes                        = 1048576                                   {product} {ergonomic}
   size_t MinHeapSize                              = 8388608                                   {product} {ergonomic}
    uintx NonNMethodCodeHeapSize                   = 5832704                                {pd product} {ergonomic}
    uintx NonProfiledCodeHeapSize                  = 122945536                              {pd product} {ergonomic}
    uintx ProfiledCodeHeapSize                     = 122880000                              {pd product} {ergonomic}
    uintx ReservedCodeCacheSize                    = 251658240                              {pd product} {ergonomic}
     bool SegmentedCodeCache                       = true                                      {product} {ergonomic}
   size_t SoftMaxHeapSize                          = 1988100096                             {manageable} {ergonomic}
     bool UseCompressedOops                        = true                           {product lp64_product} {ergonomic}
     bool UseG1GC                                  = true                                      {product} {ergonomic}
     bool UseLargePagesIndividualAllocation        = false                                  {pd product} {ergonomic}

Logging:
Log output configuration:
 #0: stdout all=warning uptime,level,tags foldmultilines=false
 #1: stderr all=off uptime,level,tags foldmultilines=false

Environment Variables:
JAVA_HOME=C:\Program Files\Java\jdk1.8.0_202
PATH=C:\Program Files\Common Files\Oracle\Java\javapath;C:\WINDOWS\system32;C:\WINDOWS;C:\WINDOWS\System32\Wbem;C:\WINDOWS\System32\WindowsPowerShell\v1.0\;C:\WINDOWS\System32\OpenSSH\;C:\Program Files\Java\jdk1.8.0_202\bin;C:\xampp\php;C:\Users\Hype\AppData\Local\Programs\Python\Python313\Scripts\;C:\Users\Hype\AppData\Local\Programs\Python\Python313\;C:\Users\Hype\AppData\Local\Microsoft\WindowsApps;C:\\xampp\\php\\php.exe;C:\mysql-connector-j-9.3.0;C:\Users\Hype\AppData\Local\Programs\Microsoft VS Code\bin;
USERNAME=Hype
OS=Windows_NT
PROCESSOR_IDENTIFIER=AMD64 Family 25 Model 80 Stepping 0, AuthenticAMD
TMP=C:\Users\Hype\AppData\Local\Temp
TEMP=C:\Users\Hype\AppData\Local\Temp




Periodic native trim disabled

---------------  S Y S T E M  ---------------

OS:
 Windows 11 , 64 bit Build 26100 (10.0.26100.7309)
OS uptime: 0 days 2:38 hours
Hyper-V role detected

CPU: total 12 (initial active 12) (12 cores per cpu, 2 threads per core) family 25 model 80 stepping 0 microcode 0xa50000f, cx8, cmov, fxsr, ht, mmx, 3dnowpref, sse, sse2, sse3, ssse3, sse4a, sse4.1, sse4.2, popcnt, lzcnt, tsc, tscinvbit, avx, avx2, aes, erms, clmul, bmi1, bmi2, adx, sha, fma, vzeroupper, clflush, clflushopt, hv, rdtscp, rdpid, fsrm, f16c, cet_ss
Processor Information for the first 12 processors :
  Max Mhz: 2301, Current Mhz: 2301, Mhz Limit: 2301

Memory: 4k page, system-wide physical 7580M (770M free)
TotalPageFile size 14236M (AvailPageFile size 3049M)
current process WorkingSet (physical memory assigned to process): 151M, peak: 183M
current process commit charge ("private bytes"): 293M, peak: 332M

vm_info: Java HotSpot(TM) 64-Bit Server VM (24.0.1+9-30) for windows-amd64 JRE (24.0.1+9-30), built on 2025-03-05T07:23:45Z with MS VC++ 17.6 (VS2022)

END.
