#
# A fatal error has been detected by the Java Runtime Environment:
#
#  EXCEPTION_ACCESS_VIOLATION (0xc0000005) at pc=0x00007fffb29caa89, pid=14812, tid=400
#
# JRE version: Java(TM) SE Runtime Environment (24.0.1+9) (build 24.0.1+9-30)
# Java VM: Java HotSpot(TM) 64-Bit Server VM (24.0.1+9-30, mixed mode, sharing, tiered, compressed oops, compressed class ptrs, g1 gc, windows-amd64)
# Problematic frame:
# C  [awt.dll+0xdaa89]
#
# No core dump will be written. Minidumps are not enabled by default on client versions of Windows
#
# If you would like to submit a bug report, please visit:
#   https://bugreport.java.com/bugreport/crash.jsp
# The crash happened outside the Java Virtual Machine in native code.
# See problematic frame for where to report the bug.
#

---------------  S U M M A R Y ------------

Command Line: -Dfile.encoding=UTF-8 --enable-preview --module-path=C:\Users\Hype\Documents\NetBeansProjects\Hotel Management System\build\classes CustomerBill

Host: AMD Ryzen 5 7430U with Radeon Graphics         , 12 cores, 7G,  Windows 11 , 64 bit Build 26100 (10.0.26100.7309)
Time: Fri Dec 26 13:21:27 2025 SE Asia Standard Time elapsed time: 1519.019435 seconds (0d 0h 25m 19s)

---------------  T H R E A D  ---------------

Current thread (0x000001403f88bf60):  JavaThread "AWT-EventQueue-0"        [_thread_in_native, id=400, stack(0x000000368e700000,0x000000368e800000) (1024K)]

Stack: [0x000000368e700000,0x000000368e800000],  sp=0x000000368e7fe910,  free space=1018k
Native frames: (J=compiled Java code, j=interpreted, Vv=VM code, C=native code)
C  [awt.dll+0xdaa89]  (no source info available)
C  [awt.dll+0xd9e48]  (no source info available)
C  0x00000140322ace20  (no source info available)

The last pc belongs to native method entry point (kind = native) (printed below).
Java frames: (J=compiled Java code, j=interpreted, Vv=VM code)
j  sun.awt.Win32GraphicsConfig.getBounds(I)Ljava/awt/Rectangle;+0 java.desktop@24.0.1
j  sun.awt.Win32GraphicsConfig.getBounds()Ljava/awt/Rectangle;+8 java.desktop@24.0.1
j  sun.awt.Win32GraphicsDevice.displayChanged()V+23 java.desktop@24.0.1
j  sun.java2d.d3d.D3DGraphicsDevice.displayChanged()V+1 java.desktop@24.0.1
j  sun.awt.Win32GraphicsEnvironment.displayChanged()V+271 java.desktop@24.0.1
j  sun.awt.windows.WToolkit.lambda$displayChanged$0()V+15 java.desktop@24.0.1
j  sun.awt.windows.WToolkit$$Lambda+0x00000140411ce780.run()V+0 java.desktop@24.0.1
J 2336 c1 java.awt.event.InvocationEvent.dispatch()V java.desktop@24.0.1 (69 bytes) @ 0x000001402b134d94 [0x000001402b134b80+0x0000000000000214]
J 2235 c1 java.awt.EventQueue.dispatchEventImpl(Ljava/awt/AWTEvent;Ljava/lang/Object;)V java.desktop@24.0.1 (139 bytes) @ 0x000001402b0ed33c [0x000001402b0eba80+0x00000000000018bc]
J 2194 c1 java.awt.EventQueue.dispatchEvent(Ljava/awt/AWTEvent;)V java.desktop@24.0.1 (48 bytes) @ 0x000001402b0d5d2c [0x000001402b0d5ae0+0x000000000000024c]
J 2197 c1 java.awt.EventDispatchThread.pumpOneEventForFilters(I)V java.desktop@24.0.1 (106 bytes) @ 0x000001402b0d75d4 [0x000001402b0d6dc0+0x0000000000000814]
j  java.awt.EventDispatchThread.pumpEventsForFilter(ILjava/awt/Conditional;Ljava/awt/EventFilter;)V+35 java.desktop@24.0.1
j  java.awt.EventDispatchThread.pumpEventsForHierarchy(ILjava/awt/Conditional;Ljava/awt/Component;)V+11 java.desktop@24.0.1
j  java.awt.EventDispatchThread.pumpEvents(ILjava/awt/Conditional;)V+4 java.desktop@24.0.1
j  java.awt.EventDispatchThread.pumpEvents(Ljava/awt/Conditional;)V+3 java.desktop@24.0.1
j  java.awt.EventDispatchThread.run()V+9 java.desktop@24.0.1
v  ~StubRoutines::call_stub 0x00000140322a0fcd

siginfo: EXCEPTION_ACCESS_VIOLATION (0xc0000005), reading address 0x0000000000000028


Registers:
RAX=0x0000000000000000, RBX=0x0000014085104410, RCX=0x0000000000000000, RDX=0x0000000000000000
RSP=0x000000368e7fe910, RBP=0x0000000000000000, RSI=0x0000000000000000, RDI=0x0000000000000000
R8 =0x0000000000000001, R9 =0x000000368d0d1000, R10=0x0000014085463ab0, R11=0x00000140815500b0
R12=0x0000000000000000, R13=0x000001408512ee00, R14=0x000001403f88cbb0, R15=0x0000000000000000
RIP=0x00007fffb29caa89, EFLAGS=0x0000000000010246

XMM[0]=0x0000000000000000 0x0000000000000000
XMM[1]=0x0000000000000000 0x000000368e7fe9e0
XMM[2]=0x00007fff74d11be9 0x000000368e7f8310
XMM[3]=0x00000140322a8140 0x00000140322a8140
XMM[4]=0x000001402b12bc5c 0x000000368e7fdea0
XMM[5]=0x000001403f88bf60 0x00007fff00000001
XMM[6]=0x0000000000000000 0x4037000000000000
XMM[7]=0x0000000000000000 0x3f1a36e2eb1c432d
XMM[8]=0x0000000000000000 0x0000000041fbd9c1
XMM[9]=0x0000000000000000 0x000000003dfcd698
XMM[10]=0x0000000000000000 0x0000000000000000
XMM[11]=0x0000000000000000 0x000000003f75c28f
XMM[12]=0x0000000000000000 0x000000003f7684bd
XMM[13]=0x0000000000000000 0x000001408a6e3b10
XMM[14]=0x0000000000000000 0x0000000000000000
XMM[15]=0x0000000000000000 0x000000008fb7f678
  MXCSR=0x00001fa2


Register to memory mapping:

RAX=0x0 is null
RBX=0x0000014085104410 points into unknown readable memory: 0x00000140201ac9a0 | a0 c9 1a 20 40 01 00 00
RCX=0x0 is null
RDX=0x0 is null
RSP=0x000000368e7fe910 is pointing into the stack for thread: 0x000001403f88bf60
RBP=0x0 is null
RSI=0x0 is null
RDI=0x0 is null
R8 =0x0000000000000001 is an unknown value
R9 =0x000000368d0d1000 points into unknown readable memory: 0x0000000000000000 | 00 00 00 00 00 00 00 00
R10=0x0000014085463ab0 points into unknown readable memory: 0x0000004000000003 | 03 00 00 00 40 00 00 00
R11={method} {0x00000140815500b8} '<init>' '(IIII)V' in 'java/awt/Rectangle'
R12=0x0 is null
R13=0x000001408512ee00 points into unknown readable memory: 0x00000140815500b0 | b0 00 55 81 40 01 00 00
R14=0x000001403f88cbb0 points into unknown readable memory: 0x000000009078d4e8 | e8 d4 78 90 00 00 00 00
R15=0x0 is null

Top of Stack: (sp=0x000000368e7fe910)
0x000000368e7fe910:   00007fffb2a27838 0000014085104410   8x.......D..@...
0x000000368e7fe920:   000001403f88c328 0000014085104410   (..?@....D..@...
0x000000368e7fe930:   000001403f88c328 00007fffb29c9e48   (..?@...H.......
0x000000368e7fe940:   0000014085104410 0000014085104410   .D..@....D..@...
0x000000368e7fe950:   00000000000001e4 000001403f88c328   ........(..?@...
0x000000368e7fe960:   fffffffffffffff7 000001408144cbd6   ..........D.@...
0x000000368e7fe970:   0000000000000003 0000014081450078   ........x.E.@...
0x000000368e7fe980:   0000000000000000 0000000000000000   ................
0x000000368e7fe990:   00006c65b60c96c3 0000000000000000   ....el..........
0x000000368e7fe9a0:   000001403f88bf60 000000368e7fea88   `..?@.......6...
0x000000368e7fe9b0:   000001408144d560 0000000000000000   `.D.@...........
0x000000368e7fe9c0:   0000000000000001 00000000000001e4   ................
0x000000368e7fe9d0:   000000368e7fea60 00000140322ace20   `...6... .*2@...
0x000000368e7fe9e0:   0000000000000003 000001408144d560   ........`.D.@...
0x000000368e7fe9f0:   0000014081f67930 00000000906a84a0   0y..@.....j.....
0x000000368e7fea00:   00000140814dfc20 0000000000000000    .M.@...........
0x000000368e7fea10:   000000368e7fea40 fffffffffffffff7   @...6...........
0x000000368e7fea20:   0000000000000000 0000000000000005   ................
0x000000368e7fea30:   0000014081450078 0000000000000000   x.E.@...........
0x000000368e7fea40:   00000000906bbfc8 000001408144d560   ..k.....`.D.@...
0x000000368e7fea50:   0000000000000000 000000368e7fea80   ............6...
0x000000368e7fea60:   000000368e7fead8 00000140322a899a   ....6.....*2@...
0x000000368e7fea70:   0000000000000000 00000140322aa43a   ........:.*2@...
0x000000368e7fea80:   0000000000000000 000000008e26eb50   ........P.&.....
0x000000368e7fea90:   fffffffffffffff7 000001408144d608   ..........D.@...
0x000000368e7feaa0:   0000000000000002 0000014081450078   ........x.E.@...
0x000000368e7feab0:   0000000000000000 00000000906bbfc8   ..........k.....
0x000000368e7feac0:   000001408144d620 fffffffffffffff5    .D.@...........
0x000000368e7fead0:   000000368e7feae8 000000368e7feb38   ....6...8...6...
0x000000368e7feae0:   00000140322a899a 000000008e26eb50   ..*2@...P.&.....
0x000000368e7feaf0:   fffffffffffffff7 00000140814e0aef   ..........N.@...
0x000000368e7feb00:   0000000000000003 00000140814e2270   ........p"N.@...

Instructions: (pc=0x00007fffb29caa89)
  0x00007fffb29ca989:   cc cc cc cc cc cc cc 48 89 5c 24 08 48 89 6c 24
  0x00007fffb29ca999:   10 48 89 74 24 18 57 48 83 ec 20 41 8b f8 0f b6
  0x00007fffb29ca9a9:   f2 48 8b e9 e8 9e d3 f4 ff 48 8b d8 48 89 44 24
  0x00007fffb29ca9b9:   48 41 b8 01 00 00 00 8b d7 48 8b c8 e8 06 d3 f4
  0x00007fffb29ca9c9:   ff 48 8b c8 44 0f b6 c6 48 8b d5 e8 97 fa ff ff
  0x00007fffb29ca9d9:   48 8b f8 48 8b cb e8 2c d5 f4 ff 90 48 8b c7 48
  0x00007fffb29ca9e9:   8b 5c 24 30 48 8b 6c 24 38 48 8b 74 24 40 48 83
  0x00007fffb29ca9f9:   c4 20 5f c3 cc cc cc 48 8b 49 28 e9 07 07 00 00
  0x00007fffb29caa09:   cc cc cc cc cc cc cc 48 89 5c 24 08 57 48 83 ec
  0x00007fffb29caa19:   20 8b f9 e8 2f d3 f4 ff 48 8b d8 48 89 44 24 38
  0x00007fffb29caa29:   41 b8 01 00 00 00 8b d7 48 8b c8 e8 97 d2 f4 ff
  0x00007fffb29caa39:   48 8b 08 8b 39 48 8b cb e8 ca d4 f4 ff 90 8b c7
  0x00007fffb29caa49:   48 8b 5c 24 30 48 83 c4 20 5f c3 cc cc cc cc cc
  0x00007fffb29caa59:   cc cc cc cc cc cc cc 48 89 5c 24 08 57 48 83 ec
  0x00007fffb29caa69:   20 8b f9 e8 df d2 f4 ff 48 8b d8 48 89 44 24 38
  0x00007fffb29caa79:   41 b8 01 00 00 00 8b d7 48 8b c8 e8 47 d2 f4 ff
=>0x00007fffb29caa89:   48 8b 78 28 48 8b cb e8 7b d4 f4 ff 90 48 8b c7
  0x00007fffb29caa99:   48 8b 5c 24 30 48 83 c4 20 5f c3 cc cc cc cc cc
  0x00007fffb29caaa9:   cc cc cc cc cc cc cc 48 89 5c 24 08 57 48 83 ec
  0x00007fffb29caab9:   20 8b f9 e8 8f d2 f4 ff 48 8b d8 48 89 44 24 38
  0x00007fffb29caac9:   41 b8 01 00 00 00 8b d7 48 8b c8 e8 f7 d1 f4 ff
  0x00007fffb29caad9:   48 8b 78 30 48 8b cb e8 2b d4 f4 ff 90 48 8b c7
  0x00007fffb29caae9:   48 8b 5c 24 30 48 83 c4 20 5f c3 cc cc cc cc cc
  0x00007fffb29caaf9:   cc cc cc cc cc cc cc 48 89 5c 24 08 57 48 83 ec
  0x00007fffb29cab09:   20 8b f9 e8 3f d2 f4 ff 48 8b d8 48 89 44 24 38
  0x00007fffb29cab19:   41 b8 01 00 00 00 8b d7 48 8b c8 e8 a7 d1 f4 ff
  0x00007fffb29cab29:   48 8b 78 08 48 85 ff 74 07 48 8b bf 08 0c 00 00
  0x00007fffb29cab39:   48 8b cb e8 cf d3 f4 ff 90 48 8b c7 48 8b 5c 24
  0x00007fffb29cab49:   30 48 83 c4 20 5f c3 f3 0f 10 41 48 c3 cc cc cc
  0x00007fffb29cab59:   cc cc cc cc cc cc cc f3 0f 10 41 4c c3 cc cc cc
  0x00007fffb29cab69:   cc cc cc cc cc cc cc 48 89 5c 24 10 48 89 74 24
  0x00007fffb29cab79:   18 55 57 41 56 48 8d 6c 24 e0 48 81 ec 20 01 00


Stack slot to memory mapping:

stack at sp + 0 slots: 0x00007fffb2a27838 awt.dll
stack at sp + 1 slots: 0x0000014085104410 points into unknown readable memory: 0x00000140201ac9a0 | a0 c9 1a 20 40 01 00 00
stack at sp + 2 slots: 0x000001403f88c328 points into unknown readable memory: 0x00007fff757817b0 | b0 17 78 75 ff 7f 00 00
stack at sp + 3 slots: 0x0000014085104410 points into unknown readable memory: 0x00000140201ac9a0 | a0 c9 1a 20 40 01 00 00
stack at sp + 4 slots: 0x000001403f88c328 points into unknown readable memory: 0x00007fff757817b0 | b0 17 78 75 ff 7f 00 00
stack at sp + 5 slots: 0x00007fffb29c9e48 awt.dll
stack at sp + 6 slots: 0x0000014085104410 points into unknown readable memory: 0x00000140201ac9a0 | a0 c9 1a 20 40 01 00 00
stack at sp + 7 slots: 0x0000014085104410 points into unknown readable memory: 0x00000140201ac9a0 | a0 c9 1a 20 40 01 00 00

Lock stack of current Java thread (top to bottom):

native method entry point (kind = native)  [0x00000140322aca40, 0x00000140322ad478]  2616 bytes
[MachCode]
  0x00000140322aca40: 488b 4b08 | 0fb7 492e | 584c 8d74 | ccf8 6800 | 0000 0068 | 0000 0000 | 5055 488b | ec41 5568 
  0x00000140322aca60: 0000 0000 | 4c8b 6b08 | 4d8d 6d38 | 5348 8b53 | 0848 8b52 | 0848 8b52 | 1848 8b52 | 7048 8b12 
  0x00000140322aca80: 5248 8b53 | 1048 85d2 | 0f84 0700 | 0000 4881 | c208 0100 | 0052 488b | 5308 488b | 5208 488b 
  0x00000140322acaa0: 5210 5249 | 8bc6 482b | c548 c1e8 | 0350 6800 | 0000 0068 | f7ff ffff | 41c6 8771 | 0400 0001 
  0x00000140322acac0: 488b 4310 | 4885 c074 | 208b 88cc | 0000 0083 | c102 8988 | cc00 0000 | 2388 e000 | 0000 0f84 
  0x00000140322acae0: e408 0000 | e9cd 0000 | 0048 8b43 | 1848 85c0 | 0f85 b000 | 0000 e805 | 0000 00e9 | 9900 0000 
  0x00000140322acb00: 488b d348 | 8d44 2408 | 4c89 6dc0 | 498b cfc5 | f877 4989 | afb8 0300 | 0049 8987 | a803 0000 
  0x00000140322acb20: 4883 ec20 | 40f6 c40f | 0f84 1900 | 0000 4883 | ec08 48b8 | 6030 f674 | ff7f 0000 | ffd0 4883 
  0x00000140322acb40: c408 e90c | 0000 0048 | b860 30f6 | 74ff 7f00 | 00ff d048 | 83c4 2049 | c787 a803 | 0000 0000 
  0x00000140322acb60: 0000 49c7 | 87b8 0300 | 0000 0000 | 0049 c787 | b003 0000 | 0000 0000 | c5f8 7749 | 837f 0800 
  0x00000140322acb80: 0f84 0500 | 0000 e935 | 43ff ff4c | 8b6d c04c | 8b75 c84e | 8d74 f500 | c348 8b43 | 1848 85c0 
  0x00000140322acba0: 0f84 1000 | 0000 8b08 | 83c1 0289 | 0823 4814 | 0f84 1208 | 0000 493b | a7f0 0400 | 000f 8748 
  0x00000140322acbc0: 0000 0089 | 8424 00f0 | ffff 8984 | 2400 e0ff | ff89 8424 | 00d0 ffff | 8984 2400 | c0ff ff89 
  0x00000140322acbe0: 8424 00b0 | ffff 8984 | 2400 a0ff | ff89 8424 | 0090 ffff | 8984 2400 | 80ff ff49 | 3ba7 e804 
  0x00000140322acc00: 0000 7607 | 4989 a7f0 | 0400 0041 | c687 7104 | 0000 0048 | 8b5d e84c | 8b5b 0845 | 0fb7 5b2e 
  0x00000140322acc20: 41c1 e303 | 492b e348 | 83ec 2048 | 83e4 f04c | 8b5b 604d | 85db 0f85 | ab00 0000 | e805 0000 
  0x00000140322acc40: 00e9 9900 | 0000 488b | d348 8d44 | 2408 4c89 | 6dc0 498b | cfc5 f877 | 4989 afb8 | 0300 0049 
  0x00000140322acc60: 8987 a803 | 0000 4883 | ec20 40f6 | c40f 0f84 | 1900 0000 | 4883 ec08 | 48b8 a05a | f674 ff7f 
  0x00000140322acc80: 0000 ffd0 | 4883 c408 | e90c 0000 | 0048 b8a0 | 5af6 74ff | 7f00 00ff | d048 83c4 | 2049 c787 
  0x00000140322acca0: a803 0000 | 0000 0000 | 49c7 87b8 | 0300 0000 | 0000 0049 | c787 b003 | 0000 0000 | 0000 c5f8 
  0x00000140322accc0: 7749 837f | 0800 0f84 | 0500 0000 | e9ef 41ff | ff4c 8b6d | c04c 8b75 | c84e 8d74 | f500 c348 
  0x00000140322acce0: 8b5d e84c | 8b5b 6041 | ffd3 488b | 5de8 4889 | 4518 448b | 5b28 41f6 | c308 0f84 | 1b00 0000 
  0x00000140322acd00: 4c8b 5b08 | 4d8b 5b08 | 4d8b 5b18 | 4d8b 5b70 | 4d8b 1b4c | 895d 1048 | 8d55 1048 | 8b43 5849 
  0x00000140322acd20: ba40 702f | 75ff 7f00 | 0049 3bc2 | 0f85 ab00 | 0000 e805 | 0000 00e9 | 9900 0000 | 488b d348 
  0x00000140322acd40: 8d44 2408 | 4c89 6dc0 | 498b cfc5 | f877 4989 | afb8 0300 | 0049 8987 | a803 0000 | 4883 ec20 
  0x00000140322acd60: 40f6 c40f | 0f84 1900 | 0000 4883 | ec08 48b8 | a05a f674 | ff7f 0000 | ffd0 4883 | c408 e90c 
  0x00000140322acd80: 0000 0048 | b8a0 5af6 | 74ff 7f00 | 00ff d048 | 83c4 2049 | c787 a803 | 0000 0000 | 0000 49c7 
  0x00000140322acda0: 87b8 0300 | 0000 0000 | 0049 c787 | b003 0000 | 0000 0000 | c5f8 7749 | 837f 0800 | 0f84 0500 
  0x00000140322acdc0: 0000 e9f9 | 40ff ff4c | 8b6d c04c | 8b75 c84e | 8d74 f500 | c348 8b5d | e848 8b43 | 5849 8d8f 
  0x00000140322acde0: c803 0000 | 4c8d 15d5 | 0000 004d | 8997 b003 | 0000 c5f8 | 7749 89af | b803 0000 | 4989 a7a8 
  0x00000140322ace00: 0300 0041 | c787 5404 | 0000 0400 | 0000 493b | a748 0500 | 0076 0749 | 89a7 4805 | 0000 ffd0 
  0x00000140322ace20: 493b a748 | 0500 0072 | 0b49 c787 | 4805 0000 | 0000 0000 | c5f8 7748 | 83ec 10c5 | fb11 0424 
  0x00000140322ace40: 4883 ec10 | 4889 0424 | 48c7 4424 | 0800 0000 | 0041 c787 | 5404 0000 | 0500 0000 | f083 4424 
  0x00000140322ace60: c000 493b | 6f28 0f87 | 0e00 0000 | 4183 bf50 | 0400 0000 | 0f84 2000 | 0000 498b | cf4c 8be4 
  0x00000140322ace80: 4883 ec20 | 4883 e4f0 | 48b8 d0b9 | f774 ff7f | 0000 ffd0 | 498b e44d | 33e4 41c7 | 8754 0400 
  0x00000140322acea0: 0008 0000 | 004d 8b97 | 7005 0000 | 4983 fa00 | 7435 49c7 | 8770 0500 | 0000 0000 | 0041 ffe2 
  0x00000140322acec0: 49ba 00bb | 2a32 4001 | 0000 41ff | d248 83ec | 10c5 fb11 | 0424 4883 | ec10 4889 | 0424 48c7 
  0x00000140322acee0: 4424 0800 | 0000 0049 | c787 a803 | 0000 0000 | 0000 49c7 | 87b8 0300 | 0000 0000 | 0049 c787 
  0x00000140322acf00: b003 0000 | 0000 0000 | c5f8 774d | 8b9f 3804 | 0000 41c7 | 8300 0100 | 0000 0000 | 0049 bb3a 
  0x00000140322acf20: a42a 3240 | 0100 004c | 3b5d 180f | 8555 0100 | 0048 8b04 | 2448 83c4 | 1048 85c0 | 0f84 2f01 
  0x00000140322acf40: 0000 a803 | 0f85 0800 | 0000 488b | 00e9 1f01 | 0000 a801 | 0f85 0900 | 0000 488b | 40fe e90e 
  0x00000140322acf60: 0100 0048 | 8b40 ff41 | 807f 4800 | 0f84 ff00 | 0000 4883 | f800 0f84 | f500 0000 | 4d8b 5f38 
  0x00000140322acf80: 4d85 db0f | 8414 0000 | 0049 83eb | 084d 895f | 384d 035f | 4049 8903 | e9d4 0000 | 0048 83ec 
  0x00000140322acfa0: 7048 8904 | 2448 894c | 2408 4889 | 5424 104c | 8944 2418 | 4c89 4c24 | 204c 8954 | 2428 4c89 
  0x00000140322acfc0: 5c24 30c5 | fb11 4424 | 40c5 fb11 | 4c24 48c5 | fb11 5424 | 50c5 fb11 | 5c24 58c5 | fb11 6424 
  0x00000140322acfe0: 60c5 fb11 | 6c24 6849 | 8bd7 488b | c848 83ec | 2040 f6c4 | 0f0f 8419 | 0000 0048 | 83ec 0848 
  0x00000140322ad000: b890 49ea | 74ff 7f00 | 00ff d048 | 83c4 08e9 | 0c00 0000 | 48b8 9049 | ea74 ff7f | 0000 ffd0 
  0x00000140322ad020: 4883 c420 | c5fb 106c | 2468 c5fb | 1064 2460 | c5fb 105c | 2458 c5fb | 1054 2450 | c5fb 104c 
  0x00000140322ad040: 2448 c5fb | 1044 2440 | 4c8b 5c24 | 304c 8b54 | 2428 4c8b | 4c24 204c | 8b44 2418 | 488b 5424 
  0x00000140322ad060: 1048 8b4c | 2408 488b | 0424 4883 | c470 c5f8 | 7748 8945 | 1048 83ec | 1048 8904 | 2448 c744 
  0x00000140322ad080: 2408 0000 | 0000 4183 | bfd0 0400 | 0002 0f85 | bf00 0000 | 4881 ec80 | 0000 0048 | 8944 2478 
  0x00000140322ad0a0: 4889 4c24 | 7048 8954 | 2468 4889 | 5c24 6048 | 896c 2450 | 4889 7424 | 4848 897c | 2440 4c89 
  0x00000140322ad0c0: 4424 384c | 894c 2430 | 4c89 5424 | 284c 895c | 2420 4c89 | 6424 184c | 896c 2410 | 4c89 7424 
  0x00000140322ad0e0: 084c 893c | 244c 8be4 | 4883 ec20 | 4883 e4f0 | 48b8 d056 | 2f75 ff7f | 0000 ffd0 | 498b e44c 
  0x00000140322ad100: 8b3c 244c | 8b74 2408 | 4c8b 6c24 | 104c 8b64 | 2418 4c8b | 5c24 204c | 8b54 2428 | 4c8b 4c24 
  0x00000140322ad120: 304c 8b44 | 2438 488b | 7c24 4048 | 8b74 2448 | 488b 6c24 | 5048 8b5c | 2460 488b | 5424 6848 
  0x00000140322ad140: 8b4c 2470 | 488b 4424 | 7848 81c4 | 8000 0000 | 4d33 e448 | 8b5d e84c | 8b6b 084d | 8d6d 3849 
  0x00000140322ad160: 837f 0800 | 0f84 bb00 | 0000 e805 | 0000 00e9 | 9600 0000 | 488d 4424 | 084c 896d | c049 8bcf 
  0x00000140322ad180: c5f8 7749 | 89af b803 | 0000 4989 | 87a8 0300 | 0048 83ec | 2040 f6c4 | 0f0f 8419 | 0000 0048 
  0x00000140322ad1a0: 83ec 0848 | b840 79f6 | 74ff 7f00 | 00ff d048 | 83c4 08e9 | 0c00 0000 | 48b8 4079 | f674 ff7f 
  0x00000140322ad1c0: 0000 ffd0 | 4883 c420 | 49c7 87a8 | 0300 0000 | 0000 0049 | c787 b803 | 0000 0000 | 0000 49c7 
  0x00000140322ad1e0: 87b0 0300 | 0000 0000 | 00c5 f877 | 4983 7f08 | 000f 8405 | 0000 00e9 | c43c ffff | 4c8b 6dc0 
  0x00000140322ad200: 4c8b 75c8 | 4e8d 74f5 | 00c3 48b9 | 08ec 5575 | ff7f 0000 | 4883 e4f0 | 48b8 30a8 | 1c75 ff7f 
  0x00000140322ad220: 0000 ffd0 | f444 8b5b | 2841 f6c3 | 200f 8472 | 0100 0048 | 8d55 a84c | 8b5a 084d | 85db 0f85 
  0x00000140322ad240: bb00 0000 | e805 0000 | 00e9 9600 | 0000 488d | 4424 084c | 896d c049 | 8bcf c5f8 | 7749 89af 
  0x00000140322ad260: b803 0000 | 4989 87a8 | 0300 0048 | 83ec 2040 | f6c4 0f0f | 8419 0000 | 0048 83ec | 0848 b870 
  0x00000140322ad280: 78f6 74ff | 7f00 00ff | d048 83c4 | 08e9 0c00 | 0000 48b8 | 7078 f674 | ff7f 0000 | ffd0 4883 
  0x00000140322ad2a0: c420 49c7 | 87a8 0300 | 0000 0000 | 0049 c787 | b803 0000 | 0000 0000 | 49c7 87b0 | 0300 0000 
  0x00000140322ad2c0: 0000 00c5 | f877 4983 | 7f08 000f | 8405 0000 | 00e9 ea3b | ffff 4c8b | 6dc0 4c8b | 75c8 4e8d 
  0x00000140322ad2e0: 74f5 00c3 | 48b9 08ec | 5575 ff7f | 0000 4883 | e4f0 48b8 | 30a8 1c75 | ff7f 0000 | ffd0 f44c 
  0x00000140322ad300: 896d c04c | 8b4a 0848 | c742 0800 | 0000 0045 | 8b87 5806 | 0000 4f3b | 4c07 f80f | 8542 0000 
  0x00000140322ad320: 0041 83af | 5806 0000 | 084f 3b4c | 07f0 0f84 | 2a00 0000 | 498b 01a8 | 020f 8512 | 0000 004c 
  0x00000140322ad340: 8bc0 4983 | c801 f04d | 0fb1 010f | 840d 0000 | 0041 8387 | 5806 0000 | 08e9 0500 | 0000 e93e 
  0x00000140322ad360: 0000 004c | 894a 0848 | 8bca 4883 | ec20 40f6 | c40f 0f84 | 1900 0000 | 4883 ec08 | 48b8 904a 
  0x00000140322ad380: f674 ff7f | 0000 ffd0 | 4883 c408 | e90c 0000 | 0048 b890 | 4af6 74ff | 7f00 00ff | d048 83c4 
  0x00000140322ad3a0: 204c 8b6d | c048 8b04 | 2448 83c4 | 10c5 fb10 | 0424 4883 | c410 4c8b | 5d18 41ff | d34c 8b5d 
  0x00000140322ad3c0: f8c9 5f49 | 8be3 ffe7 | ba00 0000 | 00e8 0500 | 0000 e996 | 0000 0048 | 8d44 2408 | 4c89 6dc0 
  0x00000140322ad3e0: 498b cfc5 | f877 4989 | afb8 0300 | 0049 8987 | a803 0000 | 4883 ec20 | 40f6 c40f | 0f84 1900 
  0x00000140322ad400: 0000 4883 | ec08 48b8 | 303f f674 | ff7f 0000 | ffd0 4883 | c408 e90c | 0000 0048 | b830 3ff6 
  0x00000140322ad420: 74ff 7f00 | 00ff d048 | 83c4 2049 | c787 a803 | 0000 0000 | 0000 49c7 | 87b8 0300 | 0000 0000 
  0x00000140322ad440: 0049 c787 | b003 0000 | 0000 0000 | c5f8 7749 | 837f 0800 | 0f84 0500 | 0000 e961 | 3aff ff4c 
  0x00000140322ad460: 8b6d c04c | 8b75 c84e | 8d74 f500 | c348 8b5d | e8e9 40f7 | ffff 6690 
[/MachCode]

Compiled method (c1) 1519420 2336   !   3       java.awt.event.InvocationEvent::dispatch (69 bytes)
 total in heap  [0x000001402b134a08,0x000001402b1351e8] = 2016
 relocation     [0x000001402b134ae0,0x000001402b134b68] = 136
 main code      [0x000001402b134b80,0x000001402b135178] = 1528
 stub code      [0x000001402b135178,0x000001402b1351e0] = 104
 metadata       [0x000001402b1351e0,0x000001402b1351e8] = 8
 immutable data [0x000001408a691700,0x000001408a6918a8] = 424
 dependencies   [0x000001408a691700,0x000001408a691708] = 8
 nul chk table  [0x000001408a691708,0x000001408a691720] = 24
 handler table  [0x000001408a691720,0x000001408a6917b0] = 144
 scopes pcs     [0x000001408a6917b0,0x000001408a691850] = 160
 scopes data    [0x000001408a691850,0x000001408a6918a8] = 88

[Constant Pool (empty)]

[MachCode]
[Instructions begin]
  0x000001402b134b80: 660f 1f84 | 0000 0000 | 0066 0f1f | 8400 0000 | 0000 448b | 5208 443b 

  0x000001402b134b98: ;   {runtime_call Shared Runtime ic_miss_blob}
  0x000001402b134b98: 5008 0f85 | c09b 1b07 
[Verified Entry Point]
  0x000001402b134ba0: 8984 2400 | 80ff ff55 | 4883 ec30 | 4181 7f20 | 0100 0000 

  0x000001402b134bb4: ;   {runtime_call StubRoutines (final stubs)}
  0x000001402b134bb4: 7405 e805 | 0d1a 0748 | 8954 2418 

  0x000001402b134bc0: ;   {metadata(method data for {method} {0x00000140814c6028} 'dispatch' '()V' in 'java/awt/event/InvocationEvent')}
  0x000001402b134bc0: 48be 204e | f381 4001 | 0000 8bbe | cc00 0000 | 83c7 0289 | becc 0000 | 0081 e7fe | 0700 0085 
  0x000001402b134be0: ff0f 84b7 | 0400 000f | be72 1d85 

  0x000001402b134bec: ;   {metadata(method data for {method} {0x00000140814c6028} 'dispatch' '()V' in 'java/awt/event/InvocationEvent')}
  0x000001402b134bec: f648 be20 | 4ef3 8140 | 0100 00bf | 1001 0000 | 7405 bf20 | 0100 0048 | 8b1c 3e48 | 8d5b 0148 
  0x000001402b134c0c: 891c 3e0f | 84d1 0000 | 008b 7228 

  0x000001402b134c18: ; implicit exception: dispatches to 0x000001402b1350bf
  0x000001402b134c18: 483b 0648 

  0x000001402b134c1c: ;   {metadata(method data for {method} {0x00000140814c6028} 'dispatch' '()V' in 'java/awt/event/InvocationEvent')}
  0x000001402b134c1c: 8bfe 48bb | 204e f381 | 4001 0000 | 8b7f 0849 | ba00 0000 | 4040 0100 | 0049 03fa | 483b bb38 
  0x000001402b134c3c: 0100 0075 | 0d48 8383 | 4001 0000 | 01e9 6000 | 0000 483b | bb48 0100 | 0075 0d48 | 8383 5001 
  0x000001402b134c5c: 0000 01e9 | 4a00 0000 | 4883 bb38 | 0100 0000 | 7517 4889 | bb38 0100 | 0048 c783 | 4001 0000 
  0x000001402b134c7c: 0100 0000 | e929 0000 | 0048 83bb | 4801 0000 | 0075 1748 | 89bb 4801 | 0000 48c7 | 8350 0100 
  0x000001402b134c9c: 0001 0000 | 00e9 0800 | 0000 4883 | 8330 0100 | 0001 488b | d60f 1f40 | 0048 b870 | c03e 8a40 
  0x000001402b134cbc: ;   {virtual_call}
  0x000001402b134cbc: 0100 00e8 

  0x000001402b134cc0: ; ImmutableOopMap {[24]=Oop }
                      ;*invokeinterface run {reexecute=0 rethrow=0 return_oop=0}
                      ; - java.awt.event.InvocationEvent::dispatch@11 (line 308)
  0x000001402b134cc0: 9ca0 1b07 

  0x000001402b134cc4: ;   {post_call_nop}
  0x000001402b134cc4: 0f1f 8400 | bc02 0000 

  0x000001402b134ccc: ;   {metadata(method data for {method} {0x00000140814c6028} 'dispatch' '()V' in 'java/awt/event/InvocationEvent')}
  0x000001402b134ccc: 48ba 204e | f381 4001 | 0000 ff82 | 6001 0000 | 488b 5424 | 18e9 0f03 | 0000 8b72 | 2848 3b06 
  0x000001402b134cec: ;   {metadata(method data for {method} {0x00000140814c6028} 'dispatch' '()V' in 'java/awt/event/InvocationEvent')}
  0x000001402b134cec: 488b fe48 | bb20 4ef3 | 8140 0100 | 008b 7f08 | 49ba 0000 | 0040 4001 | 0000 4903 | fa48 3bbb 
  0x000001402b134d0c: 1802 0000 | 750d 4883 | 8320 0200 | 0001 e960 | 0000 0048 | 3bbb 2802 | 0000 750d | 4883 8330 
  0x000001402b134d2c: 0200 0001 | e94a 0000 | 0048 83bb | 1802 0000 | 0075 1748 | 89bb 1802 | 0000 48c7 | 8320 0200 
  0x000001402b134d4c: 0001 0000 | 00e9 2900 | 0000 4883 | bb28 0200 | 0000 7517 | 4889 bb28 | 0200 0048 | c783 3002 
  0x000001402b134d6c: 0000 0100 | 0000 e908 | 0000 0048 | 8383 1002 | 0000 0148 | 8bd6 6666 | 9048 b898 | c03e 8a40 
  0x000001402b134d8c: ;   {virtual_call}
  0x000001402b134d8c: 0100 00e8 

  0x000001402b134d90: ; ImmutableOopMap {[24]=Oop }
                      ;*invokeinterface run {reexecute=0 rethrow=0 return_oop=0}
                      ; - java.awt.event.InvocationEvent::dispatch@47 (line 318)
  0x000001402b134d90: bc85 2807 

  0x000001402b134d94: ;   {post_call_nop}
  0x000001402b134d94: 0f1f 8400 | 8c03 0001 | 488b 5424 | 18e9 4f02 | 0000 498b | 8708 0500 | 004d 33d2 | 4d89 9708 
  0x000001402b134db4: 0500 004d | 33d2 4d89 | 9710 0500 | 0048 85c0 

  0x000001402b134dc4: ;   {metadata(method data for {method} {0x00000140814c6028} 'dispatch' '()V' in 'java/awt/event/InvocationEvent')}
  0x000001402b134dc4: 48be 204e | f381 4001 | 0000 750c | 808e 7101 | 0000 01e9 | af00 0000 | 8b78 0849 | ba00 0000 
  0x000001402b134de4: 4040 0100 | 0049 03fa | 483b be80 | 0100 0075 | 0d48 8386 | 8801 0000 | 01e9 6000 | 0000 483b 
  0x000001402b134e04: be90 0100 | 0075 0d48 | 8386 9801 | 0000 01e9 | 4a00 0000 | 4883 be80 | 0100 0000 | 7517 4889 
  0x000001402b134e24: be80 0100 | 0048 c786 | 8801 0000 | 0100 0000 | e929 0000 | 0048 83be | 9001 0000 | 0075 1748 
  0x000001402b134e44: 89be 9001 | 0000 48c7 | 8698 0100 | 0001 0000 | 00e9 0800 | 0000 4883 | 8678 0100 

  0x000001402b134e60: ;   {metadata('java/lang/Exception')}
  0x000001402b134e60: 0001 48bf | c801 1c40 | 4001 0000 | 8b70 0849 | ba00 0000 | 4040 0100 | 0049 03f2 | 483b 7e40 
  0x000001402b134e80: 0f85 0500 | 0000 e905 | 0000 004d | 33c0 eb06 | 41b8 0100 | 0000 4585 

  0x000001402b134e98: ;   {metadata(method data for {method} {0x00000140814c6028} 'dispatch' '()V' in 'java/awt/event/InvocationEvent')}
  0x000001402b134e98: c049 b820 | 4ef3 8140 | 0100 00ba | a801 0000 | 7405 bab8 | 0100 0049 | 8b34 1048 | 8d76 0149 
  0x000001402b134eb8: 8934 1048 | 8b54 2418 | 0f84 f500 | 0000 4885 

  0x000001402b134ec8: ;   {metadata(method data for {method} {0x00000140814c6028} 'dispatch' '()V' in 'java/awt/event/InvocationEvent')}
  0x000001402b134ec8: c048 bf20 | 4ef3 8140 | 0100 0075 | 0c80 8fc1 | 0100 0001 | e9af 0000 | 008b 5808 | 49ba 0000 
  0x000001402b134ee8: 0040 4001 | 0000 4903 | da48 3b9f | d001 0000 | 750d 4883 | 87d8 0100 | 0001 e960 | 0000 0048 
  0x000001402b134f08: 3b9f e001 | 0000 750d | 4883 87e8 | 0100 0001 | e94a 0000 | 0048 83bf | d001 0000 | 0075 1748 
  0x000001402b134f28: 899f d001 | 0000 48c7 | 87d8 0100 | 0001 0000 | 00e9 2900 | 0000 4883 | bfe0 0100 | 0000 7517 
  0x000001402b134f48: 4889 9fe0 | 0100 0048 | c787 e801 | 0000 0100 | 0000 e908 | 0000 0048 | 8387 c801 

  0x000001402b134f64: ;   {metadata('java/lang/Exception')}
  0x000001402b134f64: 0000 0148 | bbc8 011c | 4040 0100 | 008b 7808 | 49ba 0000 | 0040 4001 | 0000 4903 | fa48 3b5f 
  0x000001402b134f84: 400f 853e | 0100 00e9 | 0000 0000 | 4c8b c041 | 0fbe 7748 | 85f6 0f85 | 3201 0000 | 4d8b d044 
  0x000001402b134fa4: 8952 3448 | 8bf2 4933 | f048 c1ee | 1448 83fe | 000f 8532 | 0100 0045 | 0fbe 4748 | 4585 c00f 
  0x000001402b134fc4: 853c 0100 | 004c 8bd0 | 4489 5238 | 4c8b c24c | 33c0 49c1 | e814 4983 | f800 0f85 | 3d01 0000 
  0x000001402b134fe4: ;   {metadata(method data for {method} {0x00000140814c6028} 'dispatch' '()V' in 'java/awt/event/InvocationEvent')}
  0x000001402b134fe4: 49b8 204e | f381 4001 | 0000 41ff | 80f8 0100 | 004c 8bc2 

  0x000001402b134ff8: ;   {metadata(method data for {method} {0x00000140814c6028} 'dispatch' '()V' in 'java/awt/event/InvocationEvent')}
  0x000001402b134ff8: 48be 204e | f381 4001 | 0000 4883 | 8640 0200 | 0001 41b8 | 0100 0000 | 0f1f 8000 

  0x000001402b135014: ;   {optimized virtual_call}
  0x000001402b135014: 0000 00e8 

  0x000001402b135018: ; ImmutableOopMap {}
                      ;*invokevirtual finishedDispatching {reexecute=0 rethrow=0 return_oop=0}
                      ; - java.awt.event.InvocationEvent::dispatch@54 (line 321)
  0x000001402b135018: c488 0300 

  0x000001402b13501c: ;   {post_call_nop}
  0x000001402b13501c: 0f1f 8400 | 1406 0002 

  0x000001402b135024: ;   {metadata(method data for {method} {0x00000140814c6028} 'dispatch' '()V' in 'java/awt/event/InvocationEvent')}
  0x000001402b135024: 48b8 204e | f381 4001 | 0000 ff80 | 7002 0000 | 4883 c430 

  0x000001402b135038: ;   {poll_return}
  0x000001402b135038: 5d49 3b67 | 280f 87f6 | 0000 00c3 | 488b 5424 | 1849 8b87 | 0805 0000 | 4d33 d24d | 8997 0805 
  0x000001402b135058: 0000 4d33 | d24d 8997 | 1005 0000 

  0x000001402b135064: ;   {metadata(method data for {method} {0x00000140814c6028} 'dispatch' '()V' in 'java/awt/event/InvocationEvent')}
  0x000001402b135064: 4c8b c248 | be20 4ef3 | 8140 0100 | 0048 8386 | 8802 0000 | 0141 b801 | 0000 0048 | 8944 2420 
  0x000001402b135084: ;   {optimized virtual_call}
  0x000001402b135084: 6666 90e8 

  0x000001402b135088: ; ImmutableOopMap {[32]=Oop }
                      ;*invokevirtual finishedDispatching {reexecute=0 rethrow=0 return_oop=0}
                      ; - java.awt.event.InvocationEvent::dispatch@63 (line 321)
  0x000001402b135088: d499 1b07 

  0x000001402b13508c: ;   {post_call_nop}
  0x000001402b13508c: 0f1f 8400 | 8406 0003 | 488b 4424 | 20e9 ce00 

  0x000001402b13509c: ;   {metadata({method} {0x00000140814c6028} 'dispatch' '()V' in 'java/awt/event/InvocationEvent')}
  0x000001402b13509c: 0000 49ba | 2060 4c81 | 4001 0000 | 4c89 5424 | 0848 c704 | 24ff ffff 

  0x000001402b1350b4: ;   {runtime_call C1 Runtime counter_overflow_blob}
  0x000001402b1350b4: ffe8 26cf 

  0x000001402b1350b8: ; ImmutableOopMap {rdx=Oop [24]=Oop }
                      ;*synchronization entry
                      ; - java.awt.event.InvocationEvent::dispatch@-1 (line 306)
  0x000001402b1350b8: 2707 e928 

  0x000001402b1350bc: ;   {runtime_call C1 Runtime throw_null_pointer_exception_blob}
  0x000001402b1350bc: fbff ffe8 

  0x000001402b1350c0: ; ImmutableOopMap {rdx=Oop rsi=Oop [24]=Oop }
                      ;*invokeinterface run {reexecute=0 rethrow=0 return_oop=0}
                      ; - java.awt.event.InvocationEvent::dispatch@11 (line 308)
  0x000001402b1350c0: 9c73 2707 

  0x000001402b1350c4: ;   {runtime_call C1 Runtime throw_null_pointer_exception_blob}
  0x000001402b1350c4: e897 7327 

  0x000001402b1350c8: ; ImmutableOopMap {rdx=Oop rsi=Oop [24]=Oop }
                      ;*invokeinterface run {reexecute=0 rethrow=0 return_oop=0}
                      ; - java.awt.event.InvocationEvent::dispatch@47 (line 318)
  0x000001402b1350c8: 0748 8904 

  0x000001402b1350cc: ;   {runtime_call C1 Runtime throw_class_cast_exception_blob}
  0x000001402b1350cc: 24e8 8e97 

  0x000001402b1350d0: ; ImmutableOopMap {rax=Oop rdx=Oop [24]=Oop }
                      ;*checkcast {reexecute=0 rethrow=0 return_oop=0}
                      ; - java.awt.event.InvocationEvent::dispatch@29 (line 312)
  0x000001402b1350d0: 2707 8b72 | 3448 83fe | 000f 84c1 | feff ff48 

  0x000001402b1350e0: ;   {runtime_call g1_pre_barrier_slow}
  0x000001402b1350e0: 8934 24e8 | f8db 2707 | e9b3 feff | ff49 83f8 | 000f 84c4 | feff ff48 

  0x000001402b1350f8: ;   {runtime_call g1_post_barrier_slow}
  0x000001402b1350f8: 8914 24e8 | e0de 2707 | e9b6 feff | ff44 8b42 | 3849 83f8 | 000f 84b6 | feff ff4c 

  0x000001402b135114: ;   {runtime_call g1_pre_barrier_slow}
  0x000001402b135114: 8904 24e8 | c4db 2707 | e9a8 feff | ff48 83f8 | 000f 84b9 | feff ff48 

  0x000001402b13512c: ;   {runtime_call g1_post_barrier_slow}
  0x000001402b13512c: 8914 24e8 | acde 2707 | e9ab feff 

  0x000001402b135138: ;   {internal_word}
  0x000001402b135138: ff49 ba39 | 5013 2b40 | 0100 004d | 8997 6004 

  0x000001402b135148: ;   {runtime_call SafepointBlob}
  0x000001402b135148: 0000 e991 | 0b1c 0749 | 8b87 0805 | 0000 49c7 | 8708 0500 | 0000 0000 | 0049 c787 | 1005 0000 
  0x000001402b135168: 0000 0000 | 4883 c430 

  0x000001402b135170: ;   {runtime_call C1 Runtime unwind_exception_blob}
  0x000001402b135170: 5de9 6a5c | 2707 f4f4 
[Stub Code]
  0x000001402b135178: ;   {no_reloc}
  0x000001402b135178: 0f1f 4400 

  0x000001402b13517c: ;   {static_stub}
  0x000001402b13517c: 0048 bb00 | 0000 0000 

  0x000001402b135184: ;   {runtime_call nmethod}
  0x000001402b135184: 0000 00e9 | fbff ffff 

  0x000001402b13518c: ;   {static_stub}
  0x000001402b13518c: 9048 bb00 | 0000 0000 

  0x000001402b135194: ;   {runtime_call nmethod}
  0x000001402b135194: 0000 00e9 | fbff ffff 

  0x000001402b13519c: ;   {static_stub}
  0x000001402b13519c: 48bb 2064 | 4c81 4001 

  0x000001402b1351a4: ;   {runtime_call I2C/C2I adapters}
  0x000001402b1351a4: 0000 e90b 

  0x000001402b1351a8: ;   {runtime_call C1 Runtime handle_exception_from_callee_blob}
  0x000001402b1351a8: f61b 07e8 | b090 2707 

  0x000001402b1351b0: ;   {external_word}
  0x000001402b1351b0: 48b9 08ec | 5575 ff7f | 0000 4883 

  0x000001402b1351bc: ;   {runtime_call}
  0x000001402b1351bc: e4f0 48b8 | 30a8 1c75 | ff7f 0000 

  0x000001402b1351c8: ;   {section_word}
  0x000001402b1351c8: ffd0 f449 | bacb 5113 | 2b40 0100 

  0x000001402b1351d4: ;   {runtime_call DeoptimizationBlob}
  0x000001402b1351d4: 0041 52e9 | a400 1c07 | f4f4 f4f4 
[/MachCode]


Compiled method (c1) 1519454 2235       3       java.awt.EventQueue::dispatchEventImpl (139 bytes)
 total in heap  [0x000001402b0eb708,0x000001402b0edbd8] = 9424
 relocation     [0x000001402b0eb7e0,0x000001402b0eba80] = 672
 main code      [0x000001402b0eba80,0x000001402b0ed9f0] = 8048
 stub code      [0x000001402b0ed9f0,0x000001402b0edb00] = 272
 oops           [0x000001402b0edb00,0x000001402b0edb10] = 16
 metadata       [0x000001402b0edb10,0x000001402b0edbd8] = 200
 immutable data [0x0000014085787860,0x0000014085787fe8] = 1928
 dependencies   [0x0000014085787860,0x0000014085787898] = 56
 nul chk table  [0x0000014085787898,0x0000014085787918] = 128
 handler table  [0x0000014085787918,0x00000140857879d8] = 192
 scopes pcs     [0x00000140857879d8,0x0000014085787db8] = 992
 scopes data    [0x0000014085787db8,0x0000014085787fe8] = 560

[Constant Pool (empty)]

[MachCode]
[Instructions begin]
  0x000001402b0eba80: 660f 1f84 | 0000 0000 | 0066 0f1f | 8400 0000 | 0000 448b | 5208 443b 

  0x000001402b0eba98: ;   {runtime_call Shared Runtime ic_miss_blob}
  0x000001402b0eba98: 5008 0f85 | c02c 2007 
[Verified Entry Point]
  0x000001402b0ebaa0: 8984 2400 | 80ff ff55 | 4881 ecd0 | 0000 0090 | 4181 7f20 | 0100 0000 

  0x000001402b0ebab8: ;   {runtime_call StubRoutines (final stubs)}
  0x000001402b0ebab8: 7405 e801 | 9e1e 074c | 8984 24a8 

  0x000001402b0ebac4: ;   {metadata(method data for {method} {0x0000014081289bd0} 'dispatchEventImpl' '(Ljava/awt/AWTEvent;Ljava/lang/Object;)V' in 'java/awt/EventQueue')}
  0x000001402b0ebac4: 0000 0048 | bee8 c5db | 8140 0100 | 008b becc | 0000 0083 | c702 89be | cc00 0000 | 81e7 fe07 
  0x000001402b0ebae4: 0000 85ff | 0f84 ce1a | 0000 41c6 | 4016 014d 

  0x000001402b0ebaf4: ;   {metadata(method data for {method} {0x0000014081289bd0} 'dispatchEventImpl' '(Ljava/awt/AWTEvent;Ljava/lang/Object;)V' in 'java/awt/EventQueue')}
  0x000001402b0ebaf4: 85c0 48bb | e8c5 db81 | 4001 0000 | 750c 808b | 0901 0000 | 01e9 cb00 | 0000 418b | 4008 49ba 
  0x000001402b0ebb14: 0000 0040 | 4001 0000 | 4903 c248 | 3b83 1801 | 0000 750d | 4883 8320 | 0100 0001 | e960 0000 
  0x000001402b0ebb34: 0048 3b83 | 2801 0000 | 750d 4883 | 8330 0100 | 0001 e94a | 0000 0048 | 83bb 1801 | 0000 0075 
  0x000001402b0ebb54: 1748 8983 | 1801 0000 | 48c7 8320 | 0100 0001 | 0000 00e9 | 2900 0000 | 4883 bb28 | 0100 0000 
  0x000001402b0ebb74: 7517 4889 | 8328 0100 | 0048 c783 | 3001 0000 | 0100 0000 | e908 0000 | 0048 8383 | 1001 0000 
  0x000001402b0ebb94: ;   {metadata('java/awt/ActiveEvent')}
  0x000001402b0ebb94: 0148 b828 | 584c 8140 | 0100 0041 | 8b58 0849 | ba00 0000 | 4040 0100 | 0049 03da | 483b 4320 
  0x000001402b0ebbb4: 0f84 2400 | 0000 483b | d80f 841b | 0000 0053 

  0x000001402b0ebbc4: ;   {runtime_call C1 Runtime slow_subtype_check_blob}
  0x000001402b0ebbc4: 50e8 7632 | 2c07 5b5b | 85db 0f84 | 0500 0000 | e905 0000 | 0048 33f6 | eb05 be01 | 0000 0085 
  0x000001402b0ebbe4: ;   {metadata(method data for {method} {0x0000014081289bd0} 'dispatchEventImpl' '(Ljava/awt/AWTEvent;Ljava/lang/Object;)V' in 'java/awt/EventQueue')}
  0x000001402b0ebbe4: f648 bee8 | c5db 8140 | 0100 00bf | 5001 0000 | 7505 bf40 | 0100 0048 | 8b1c 3e48 | 8d5b 0148 
  0x000001402b0ebc04: 891c 3e0f | 856b 1500 | 004d 85c9 

  0x000001402b0ebc10: ;   {metadata(method data for {method} {0x0000014081289bd0} 'dispatchEventImpl' '(Ljava/awt/AWTEvent;Ljava/lang/Object;)V' in 'java/awt/EventQueue')}
  0x000001402b0ebc10: 48bb e8c5 | db81 4001 | 0000 750c | 808b 0102 | 0000 01e9 | b100 0000 | 418b 4108 | 49ba 0000 
  0x000001402b0ebc30: 0040 4001 | 0000 4903 | c248 3b83 | 1002 0000 | 750d 4883 | 8318 0200 | 0001 e960 | 0000 0048 
  0x000001402b0ebc50: 3b83 2002 | 0000 750d | 4883 8328 | 0200 0001 | e94a 0000 | 0048 83bb | 1002 0000 | 0075 1748 
  0x000001402b0ebc70: 8983 1002 | 0000 48c7 | 8318 0200 | 0001 0000 | 00e9 2900 | 0000 4883 | bb20 0200 | 0000 7517 
  0x000001402b0ebc90: 4889 8320 | 0200 0048 | c783 2802 | 0000 0100 | 0000 e908 | 0000 0048 | 8383 0802 

  0x000001402b0ebcac: ;   {metadata('java/awt/Component')}
  0x000001402b0ebcac: 0000 0148 | b820 6209 | 8140 0100 | 0041 8b59 | 0849 ba00 | 0000 4040 | 0100 0049 | 03da 483b 
  0x000001402b0ebccc: 4338 0f85 | 0500 0000 | e905 0000 | 0048 33f6 | eb05 be01 | 0000 0085 

  0x000001402b0ebce4: ;   {metadata(method data for {method} {0x0000014081289bd0} 'dispatchEventImpl' '(Ljava/awt/AWTEvent;Ljava/lang/Object;)V' in 'java/awt/EventQueue')}
  0x000001402b0ebce4: f648 bee8 | c5db 8140 | 0100 00bf | 3802 0000 | 7405 bf48 | 0200 0048 | 8b1c 3e48 | 8d5b 0148 
  0x000001402b0ebd04: 891c 3e0f | 84dc 0600 | 004d 85c9 

  0x000001402b0ebd10: ;   {metadata(method data for {method} {0x0000014081289bd0} 'dispatchEventImpl' '(Ljava/awt/AWTEvent;Ljava/lang/Object;)V' in 'java/awt/EventQueue')}
  0x000001402b0ebd10: 48bf e8c5 | db81 4001 | 0000 750c | 808f 5102 | 0000 01e9 | b100 0000 | 418b 5908 | 49ba 0000 
  0x000001402b0ebd30: 0040 4001 | 0000 4903 | da48 3b9f | 6002 0000 | 750d 4883 | 8768 0200 | 0001 e960 | 0000 0048 
  0x000001402b0ebd50: 3b9f 7002 | 0000 750d | 4883 8778 | 0200 0001 | e94a 0000 | 0048 83bf | 6002 0000 | 0075 1748 
  0x000001402b0ebd70: 899f 6002 | 0000 48c7 | 8768 0200 | 0001 0000 | 00e9 2900 | 0000 4883 | bf70 0200 | 0000 7517 
  0x000001402b0ebd90: 4889 9f70 | 0200 0048 | c787 7802 | 0000 0100 | 0000 e908 | 0000 0048 | 8387 5802 

  0x000001402b0ebdac: ;   {metadata('java/awt/Component')}
  0x000001402b0ebdac: 0000 0148 | bb20 6209 | 8140 0100 | 0041 8b79 | 0849 ba00 | 0000 4040 | 0100 0049 | 03fa 483b 
  0x000001402b0ebdcc: 5f38 0f85 | 0e18 0000 | e900 0000 | 0049 8bd1 

  0x000001402b0ebddc: ; implicit exception: dispatches to 0x000001402b0ed5eb
  0x000001402b0ebddc: 483b 0248 

  0x000001402b0ebde0: ;   {metadata(method data for {method} {0x0000014081289bd0} 'dispatchEventImpl' '(Ljava/awt/AWTEvent;Ljava/lang/Object;)V' in 'java/awt/EventQueue')}
  0x000001402b0ebde0: 8bf2 48bf | e8c5 db81 | 4001 0000 | 8b76 0849 | ba00 0000 | 4040 0100 | 0049 03f2 | 483b b790 
  0x000001402b0ebe00: 0200 0075 | 0d48 8387 | 9802 0000 | 01e9 6000 | 0000 483b | b7a0 0200 | 0075 0d48 | 8387 a802 
  0x000001402b0ebe20: 0000 01e9 | 4a00 0000 | 4883 bf90 | 0200 0000 | 7517 4889 | b790 0200 | 0048 c787 | 9802 0000 
  0x000001402b0ebe40: 0100 0000 | e929 0000 | 0048 83bf | a002 0000 | 0075 1748 | 89b7 a002 | 0000 48c7 | 87a8 0200 
  0x000001402b0ebe60: 0001 0000 | 00e9 0800 | 0000 4883 | 8788 0200 

  0x000001402b0ebe70: ;   {metadata(method data for {method} {0x00000140810896b0} 'dispatchEvent' '(Ljava/awt/AWTEvent;)V' in 'java/awt/Component')}
  0x000001402b0ebe70: 0001 48be | d83c dc81 | 4001 0000 | 8bbe cc00 | 0000 83c7 | 0289 becc | 0000 0081 | e7fe ff1f 
  0x000001402b0ebe90: 0085 ff0f | 8457 1700 | 0048 8bf2 

  0x000001402b0ebe9c: ;   {metadata(method data for {method} {0x00000140810896b0} 'dispatchEvent' '(Ljava/awt/AWTEvent;)V' in 'java/awt/Component')}
  0x000001402b0ebe9c: 48bf d83c | dc81 4001 | 0000 8b76 | 0849 ba00 | 0000 4040 | 0100 0049 | 03f2 483b | b718 0100 
  0x000001402b0ebebc: 0075 0d48 | 8387 2001 | 0000 01e9 | 6000 0000 | 483b b728 | 0100 0075 | 0d48 8387 | 3001 0000 
  0x000001402b0ebedc: 01e9 4a00 | 0000 4883 | bf18 0100 | 0000 7517 | 4889 b718 | 0100 0048 | c787 2001 | 0000 0100 
  0x000001402b0ebefc: 0000 e929 | 0000 0048 | 83bf 2801 | 0000 0075 | 1748 89b7 | 2801 0000 | 48c7 8730 | 0100 0001 
  0x000001402b0ebf1c: 0000 00e9 | 0800 0000 | 4883 8710 | 0100 0001 | 498b f04c | 8bc6 6666 | 9048 b8a0 | 8b69 8a40 
  0x000001402b0ebf3c: ;   {virtual_call}
  0x000001402b0ebf3c: 0100 00e8 

  0x000001402b0ebf40: ; ImmutableOopMap {[168]=Oop }
                      ;*invokevirtual dispatchEventImpl {reexecute=0 rethrow=0 return_oop=0}
                      ; - java.awt.Component::dispatchEvent@2 (line 4790)
                      ; - java.awt.EventQueue::dispatchEventImpl@41 (line 725)
  0x000001402b0ebf40: 1c05 3407 

  0x000001402b0ebf44: ;   {post_call_nop}
  0x000001402b0ebf44: 0f1f 8400 | 3c08 0000 | 4c8b 8424 | a800 0000 

  0x000001402b0ebf54: ;   {metadata(method data for {method} {0x0000014081289bd0} 'dispatchEventImpl' '(Ljava/awt/AWTEvent;Ljava/lang/Object;)V' in 'java/awt/EventQueue')}
  0x000001402b0ebf54: 48be e8c5 | db81 4001 | 0000 458b | 4008 49ba | 0000 0040 | 4001 0000 | 4d03 c24c | 3b86 c002 
  0x000001402b0ebf74: 0000 750d | 4883 86c8 | 0200 0001 | e960 0000 | 004c 3b86 | d002 0000 | 750d 4883 | 86d8 0200 
  0x000001402b0ebf94: 0001 e94a | 0000 0048 | 83be c002 | 0000 0075 | 174c 8986 | c002 0000 | 48c7 86c8 | 0200 0001 
  0x000001402b0ebfb4: 0000 00e9 | 2900 0000 | 4883 bed0 | 0200 0000 | 7517 4c89 | 86d0 0200 | 0048 c786 | d802 0000 
  0x000001402b0ebfd4: 0100 0000 | e908 0000 | 0048 8386 | b802 0000 

  0x000001402b0ebfe4: ;   {metadata(method data for {method} {0x00000140810fbcd0} 'dispatched' '()V' in 'java/awt/AWTEvent')}
  0x000001402b0ebfe4: 0148 bea0 | 85dc 8140 | 0100 008b | becc 0000 | 0083 c702 | 89be cc00 | 0000 81e7 | feff 1f00 
  0x000001402b0ec004: 85ff 0f84 | 0516 0000 | 4c8b 8424 | a800 0000 

  0x000001402b0ec014: ;   {metadata(method data for {method} {0x00000140810fbcd0} 'dispatched' '()V' in 'java/awt/AWTEvent')}
  0x000001402b0ec014: 4d85 c048 | bba0 85dc | 8140 0100 | 0075 0c80 | 8b09 0100 | 0001 e9b1 | 0000 0041 | 8b40 0849 
  0x000001402b0ec034: ba00 0000 | 4040 0100 | 0049 03c2 | 483b 8318 | 0100 0075 | 0d48 8383 | 2001 0000 | 01e9 6000 
  0x000001402b0ec054: 0000 483b | 8328 0100 | 0075 0d48 | 8383 3001 | 0000 01e9 | 4a00 0000 | 4883 bb18 | 0100 0000 
  0x000001402b0ec074: 7517 4889 | 8318 0100 | 0048 c783 | 2001 0000 | 0100 0000 | e929 0000 | 0048 83bb | 2801 0000 
  0x000001402b0ec094: 0075 1748 | 8983 2801 | 0000 48c7 | 8330 0100 | 0001 0000 | 00e9 0800 | 0000 4883 | 8310 0100 
  0x000001402b0ec0b4: ;   {metadata('java/awt/event/InputEvent')}
  0x000001402b0ec0b4: 0001 48b8 | 60c8 0f81 | 4001 0000 | 418b 5808 | 49ba 0000 | 0040 4001 | 0000 4903 | da48 3b43 
  0x000001402b0ec0d4: 500f 8505 | 0000 00e9 | 0500 0000 | 4833 f6eb | 05be 0100 | 0000 85f6 

  0x000001402b0ec0ec: ;   {metadata(method data for {method} {0x00000140810fbcd0} 'dispatched' '()V' in 'java/awt/AWTEvent')}
  0x000001402b0ec0ec: 48be a085 | dc81 4001 | 0000 bf40 | 0100 0074 | 05bf 5001 | 0000 488b | 1c3e 488d | 5b01 4889 
  0x000001402b0ec10c: 1c3e 0f84 | 8514 0000 

  0x000001402b0ec114: ;   {metadata(method data for {method} {0x00000140810fbcd0} 'dispatched' '()V' in 'java/awt/AWTEvent')}
  0x000001402b0ec114: 48be a085 | dc81 4001 | 0000 4883 | 8660 0100 

  0x000001402b0ec124: ;   {metadata(method data for {method} {0x0000014081119548} 'getInputEventAccessor' '()Lsun/awt/AWTAccessor$InputEventAccessor;' in 'sun/awt/AWTAccessor')}
  0x000001402b0ec124: 0001 48be | b087 dc81 | 4001 0000 | 8bbe cc00 | 0000 83c7 | 0289 becc | 0000 0081 | e7fe ff1f 
  0x000001402b0ec144: 0085 ff0f | 84e5 1400 

  0x000001402b0ec14c: ;   {oop(a 'java/lang/Class'{0x0000000090c57ea8} = 'sun/awt/AWTAccessor')}
  0x000001402b0ec14c: 0048 bea8 | 7ec5 9000 | 0000 008b | b684 0000 | 0048 85f6 

  0x000001402b0ec160: ;   {metadata(method data for {method} {0x0000014081119548} 'getInputEventAccessor' '()Lsun/awt/AWTAccessor$InputEventAccessor;' in 'sun/awt/AWTAccessor')}
  0x000001402b0ec160: 48bf b087 | dc81 4001 | 0000 bb10 | 0100 0075 | 05bb 2001 | 0000 488b | 041f 488d | 4001 4889 
  0x000001402b0ec180: 041f 0f85 | b412 0000 

  0x000001402b0ec188: ;   {metadata(method data for {method} {0x0000014081119548} 'getInputEventAccessor' '()Lsun/awt/AWTAccessor$InputEventAccessor;' in 'sun/awt/AWTAccessor')}
  0x000001402b0ec188: 48be b087 | dc81 4001 | 0000 4883 | 8630 0100 

  0x000001402b0ec198: ;   {metadata(method data for {method} {0x000001408111bd08} 'ensureClassInitialized' '(Ljava/lang/Class;)V' in 'sun/awt/AWTAccessor')}
  0x000001402b0ec198: 0001 48be | b00c 7e81 | 4001 0000 | 8bbe cc00 | 0000 83c7 | 0289 becc | 0000 0081 | e7fe ff1f 
  0x000001402b0ec1b8: 0085 ff0f | 8492 1400 

  0x000001402b0ec1c0: ;   {metadata(method data for {method} {0x000001408111bd08} 'ensureClassInitialized' '(Ljava/lang/Class;)V' in 'sun/awt/AWTAccessor')}
  0x000001402b0ec1c0: 0048 beb0 | 0c7e 8140 | 0100 0048 | 8386 1001 

  0x000001402b0ec1d0: ;   {metadata(method data for {method} {0x000001404044b720} 'lookup' '()Ljava/lang/invoke/MethodHandles$Lookup;' in 'java/lang/invoke/MethodHandles')}
  0x000001402b0ec1d0: 0000 0148 | be60 0e7e | 8140 0100 | 008b becc | 0000 0083 | c702 89be | cc00 0000 | 81e7 feff 
  0x000001402b0ec1f0: 1f00 85ff | 0f84 7a14 

  0x000001402b0ec1f8: ;   {metadata(method data for {method} {0x000001404044b720} 'lookup' '()Ljava/lang/invoke/MethodHandles$Lookup;' in 'java/lang/invoke/MethodHandles')}
  0x000001402b0ec1f8: 0000 48be | 600e 7e81 | 4001 0000 | 4883 8610 | 0100 0001 

  0x000001402b0ec20c: ;   {static_call}
  0x000001402b0ec20c: 6666 90e8 

  0x000001402b0ec210: ; ImmutableOopMap {[168]=Oop }
                      ;*invokestatic getCallerClass {reexecute=0 rethrow=0 return_oop=0}
                      ; - java.lang.invoke.MethodHandles::lookup@0 (line 126)
                      ; - sun.awt.AWTAccessor::ensureClassInitialized@0 (line 1464)
                      ; - sun.awt.AWTAccessor::getInputEventAccessor@10 (line 963)
                      ; - java.awt.AWTEvent::dispatched@7 (line 571)
                      ; - java.awt.EventQueue::dispatchEventImpl@45 (line 726)
  0x000001402b0ec210: 4c2e 2007 

  0x000001402b0ec214: ;   {post_call_nop}
  0x000001402b0ec214: 0f1f 8400 | 0c0b 0001 | 4c8b c04d 

  0x000001402b0ec220: ;   {metadata(method data for {method} {0x000001404044b720} 'lookup' '()Ljava/lang/invoke/MethodHandles$Lookup;' in 'java/lang/invoke/MethodHandles')}
  0x000001402b0ec220: 85c0 48ba | 600e 7e81 | 4001 0000 | be30 0100 | 0074 05be | 2001 0000 | 488b 3c32 | 488d 7f01 
  0x000001402b0ec240: 4889 3c32 | 0f84 1d11 

  0x000001402b0ec248: ;   {metadata('java/lang/invoke/MethodHandles$Lookup')}
  0x000001402b0ec248: 0000 48ba | 98b2 1e40 | 4001 0000 | 498b 87c8 | 0100 0048 | 8d78 2049 | 3bbf d801 | 0000 0f87 
  0x000001402b0ec268: 2914 0000 | 4989 bfc8 | 0100 0048 | c700 0100 | 0000 488b | ca49 ba00 | 0000 4040 | 0100 0049 
  0x000001402b0ec288: 2bca 8948 | 0848 33c9 | 8948 0c48 | 33c9 4889 | 4810 4889 | 4818 4c8b 

  0x000001402b0ec2a0: ;   {metadata(method data for {method} {0x000001404044b720} 'lookup' '()Ljava/lang/invoke/MethodHandles$Lookup;' in 'java/lang/invoke/MethodHandles')}
  0x000001402b0ec2a0: c848 bf60 | 0e7e 8140 | 0100 0048 | 8387 5001 

  0x000001402b0ec2b0: ;   {metadata(method data for {method} {0x000001404044f9d0} '<init>' '(Ljava/lang/Class;)V' in 'java/lang/invoke/MethodHandles$Lookup')}
  0x000001402b0ec2b0: 0000 0149 | b970 107e | 8140 0100 | 0041 8bb9 | cc00 0000 | 83c7 0241 | 89b9 cc00 | 0000 81e7 
  0x000001402b0ec2d0: feff 1f00 | 85ff 0f84 | c613 0000 

  0x000001402b0ec2dc: ;   {metadata(method data for {method} {0x000001404044f9d0} '<init>' '(Ljava/lang/Class;)V' in 'java/lang/invoke/MethodHandles$Lookup')}
  0x000001402b0ec2dc: 4c8b c848 | bf70 107e | 8140 0100 | 0048 8387 | 1001 0000 

  0x000001402b0ec2f0: ;   {oop(nullptr)}
  0x000001402b0ec2f0: 0149 b900 | 0000 0000 | 0000 00bf | 5f00 0000 | 488b d048 | 8984 24b0 | 0000 000f 

  0x000001402b0ec30c: ;   {optimized virtual_call}
  0x000001402b0ec30c: 1f40 00e8 

  0x000001402b0ec310: ; ImmutableOopMap {[168]=Oop [176]=Oop }
                      ;*invokespecial <init> {reexecute=0 rethrow=0 return_oop=0}
                      ; - java.lang.invoke.MethodHandles$Lookup::<init>@5 (line 1534)
                      ; - java.lang.invoke.MethodHandles::lookup@23 (line 130)
                      ; - sun.awt.AWTAccessor::ensureClassInitialized@0 (line 1464)
                      ; - sun.awt.AWTAccessor::getInputEventAccessor@10 (line 963)
                      ; - java.awt.AWTEvent::dispatched@7 (line 571)
                      ; - java.awt.EventQueue::dispatchEventImpl@45 (line 726)
  0x000001402b0ec310: 4c27 2007 

  0x000001402b0ec314: ;   {post_call_nop}
  0x000001402b0ec314: 0f1f 8400 | 0c0c 0002 | 488b 8424 | b000 0000 

  0x000001402b0ec324: ;   {metadata(method data for {method} {0x000001408111bd08} 'ensureClassInitialized' '(Ljava/lang/Class;)V' in 'sun/awt/AWTAccessor')}
  0x000001402b0ec324: 4c8b c048 | bab0 0c7e | 8140 0100 | 0045 8b40 | 0849 ba00 | 0000 4040 | 0100 004d | 03c2 4c3b 
  0x000001402b0ec344: 8228 0100 | 0075 0d48 | 8382 3001 | 0000 01e9 | 6000 0000 | 4c3b 8238 | 0100 0075 | 0d48 8382 
  0x000001402b0ec364: 4001 0000 | 01e9 4a00 | 0000 4883 | ba28 0100 | 0000 7517 | 4c89 8228 | 0100 0048 | c782 3001 
  0x000001402b0ec384: 0000 0100 | 0000 e929 | 0000 0048 | 83ba 3801 | 0000 0075 | 174c 8982 | 3801 0000 | 48c7 8240 
  0x000001402b0ec3a4: 0100 0001 | 0000 00e9 | 0800 0000 | 4883 8220 | 0100 0001 

  0x000001402b0ec3b8: ;   {oop(a 'java/lang/Class'{0x0000000090c4f518} = 'java/awt/event/InputEvent')}
  0x000001402b0ec3b8: 49b8 18f5 | c490 0000 | 0000 488b 

  0x000001402b0ec3c4: ;   {optimized virtual_call}
  0x000001402b0ec3c4: d066 90e8 

  0x000001402b0ec3c8: ; ImmutableOopMap {[168]=Oop }
                      ;*invokevirtual ensureInitialized {reexecute=0 rethrow=0 return_oop=0}
                      ; - sun.awt.AWTAccessor::ensureClassInitialized@4 (line 1464)
                      ; - sun.awt.AWTAccessor::getInputEventAccessor@10 (line 963)
                      ; - java.awt.AWTEvent::dispatched@7 (line 571)
                      ; - java.awt.EventQueue::dispatchEventImpl@45 (line 726)
  0x000001402b0ec3c8: 9426 2007 

  0x000001402b0ec3cc: ;   {post_call_nop}
  0x000001402b0ec3cc: 0f1f 8400 | c40c 0003 

  0x000001402b0ec3d4: ;   {metadata(method data for {method} {0x000001408111bd08} 'ensureClassInitialized' '(Ljava/lang/Class;)V' in 'sun/awt/AWTAccessor')}
  0x000001402b0ec3d4: 48ba b00c | 7e81 4001 | 0000 ff82 | 5001 0000 | e943 1000 | 004d 85c9 

  0x000001402b0ec3ec: ;   {metadata(method data for {method} {0x0000014081289bd0} 'dispatchEventImpl' '(Ljava/awt/AWTEvent;Ljava/lang/Object;)V' in 'java/awt/EventQueue')}
  0x000001402b0ec3ec: 48bb e8c5 | db81 4001 | 0000 750c | 808b f902 | 0000 01e9 | b000 0000 | 418b 4108 | 49ba 0000 
  0x000001402b0ec40c: 0040 4001 | 0000 4903 | c248 3b83 | 0803 0000 | 750d 4883 | 8310 0300 | 0001 e960 | 0000 0048 
  0x000001402b0ec42c: 3b83 1803 | 0000 750d | 4883 8320 | 0300 0001 | e94a 0000 | 0048 83bb | 0803 0000 | 0075 1748 
  0x000001402b0ec44c: 8983 0803 | 0000 48c7 | 8310 0300 | 0001 0000 | 00e9 2900 | 0000 4883 | bb18 0300 | 0000 7517 
  0x000001402b0ec46c: 4889 8318 | 0300 0048 | c783 2003 | 0000 0100 | 0000 e908 | 0000 0048 | 8383 0003 

  0x000001402b0ec488: ;   {metadata('java/awt/MenuComponent')}
  0x000001402b0ec488: 0000 0148 | b8d8 f894 | 8140 0100 | 0041 8b79 | 0849 ba00 | 0000 4040 | 0100 0049 | 03fa 483b 
  0x000001402b0ec4a8: c70f 8505 | 0000 00e9 | 0500 0000 | 4833 f6eb | 05be 0100 | 0000 85f6 

  0x000001402b0ec4c0: ;   {metadata(method data for {method} {0x0000014081289bd0} 'dispatchEventImpl' '(Ljava/awt/AWTEvent;Ljava/lang/Object;)V' in 'java/awt/EventQueue')}
  0x000001402b0ec4c0: 48be e8c5 | db81 4001 | 0000 bf40 | 0300 0075 | 05bf 3003 | 0000 488b | 1c3e 488d | 5b01 4889 
  0x000001402b0ec4e0: 1c3e 0f85 | f00a 0000 

  0x000001402b0ec4e8: ;   {metadata(method data for {method} {0x0000014081289bd0} 'dispatchEventImpl' '(Ljava/awt/AWTEvent;Ljava/lang/Object;)V' in 'java/awt/EventQueue')}
  0x000001402b0ec4e8: 4d85 c948 | bbe8 c5db | 8140 0100 | 0075 0c80 | 8bc1 0300 | 0001 e9dd | 0000 0041 | 8b41 0849 
  0x000001402b0ec508: ba00 0000 | 4040 0100 | 0049 03c2 | 483b 83d0 | 0300 0075 | 0d48 8383 | d803 0000 | 01e9 6000 
  0x000001402b0ec528: 0000 483b | 83e0 0300 | 0075 0d48 | 8383 e803 | 0000 01e9 | 4a00 0000 | 4883 bbd0 | 0300 0000 
  0x000001402b0ec548: 7517 4889 | 83d0 0300 | 0048 c783 | d803 0000 | 0100 0000 | e929 0000 | 0048 83bb | e003 0000 
  0x000001402b0ec568: 0075 1748 | 8983 e003 | 0000 48c7 | 83e8 0300 | 0001 0000 | 00e9 0800 | 0000 4883 | 83c8 0300 
  0x000001402b0ec588: 0001 660f | 1f44 0000 

  0x000001402b0ec590: ;   {no_reloc}
  0x000001402b0ec590: e93d 1100 | 0000 0000 | 0000 418b | 5908 49ba | 0000 0040 | 4001 0000 | 4903 da48 | 3bd8 0f84 
  0x000001402b0ec5b0: 3100 0000 | 8b78 1448 | 3b04 3b0f | 8424 0000 | 0083 ff20 | 0f85 1600 | 0000 5350 

  0x000001402b0ec5cc: ;   {runtime_call C1 Runtime slow_subtype_check_blob}
  0x000001402b0ec5cc: e86f 282c | 075b 5885 | c00f 8405 | 0000 00e9 | 0500 0000 | 4833 f6eb | 05be 0100 | 0000 85f6 
  0x000001402b0ec5ec: ;   {metadata(method data for {method} {0x0000014081289bd0} 'dispatchEventImpl' '(Ljava/awt/AWTEvent;Ljava/lang/Object;)V' in 'java/awt/EventQueue')}
  0x000001402b0ec5ec: 48be e8c5 | db81 4001 | 0000 bf08 | 0400 0075 | 05bf f803 | 0000 488b | 1c3e 488d | 5b01 4889 
  0x000001402b0ec60c: 1c3e 0f85 | 8a08 0000 

  0x000001402b0ec614: ;   {metadata(method data for {method} {0x0000014081289bd0} 'dispatchEventImpl' '(Ljava/awt/AWTEvent;Ljava/lang/Object;)V' in 'java/awt/EventQueue')}
  0x000001402b0ec614: 4d85 c948 | bbe8 c5db | 8140 0100 | 0075 0c80 | 8b89 0400 | 0001 e9b0 | 0000 0041 | 8b41 0849 
  0x000001402b0ec634: ba00 0000 | 4040 0100 | 0049 03c2 | 483b 8398 | 0400 0075 | 0d48 8383 | a004 0000 | 01e9 6000 
  0x000001402b0ec654: 0000 483b | 83a8 0400 | 0075 0d48 | 8383 b004 | 0000 01e9 | 4a00 0000 | 4883 bb98 | 0400 0000 
  0x000001402b0ec674: 7517 4889 | 8398 0400 | 0048 c783 | a004 0000 | 0100 0000 | e929 0000 | 0048 83bb | a804 0000 
  0x000001402b0ec694: 0075 1748 | 8983 a804 | 0000 48c7 | 83b0 0400 | 0001 0000 | 00e9 0800 | 0000 4883 | 8390 0400 
  0x000001402b0ec6b4: ;   {metadata('sun/awt/AWTAutoShutdown')}
  0x000001402b0ec6b4: 0001 48b8 | 1097 0641 | 4001 0000 | 418b 7908 | 49ba 0000 | 0040 4001 | 0000 4903 | fa48 3bc7 
  0x000001402b0ec6d4: 0f85 0500 | 0000 e905 | 0000 0048 | 33f6 eb05 | be01 0000 

  0x000001402b0ec6e8: ;   {metadata(method data for {method} {0x0000014081289bd0} 'dispatchEventImpl' '(Ljava/awt/AWTEvent;Ljava/lang/Object;)V' in 'java/awt/EventQueue')}
  0x000001402b0ec6e8: 0085 f648 | bee8 c5db | 8140 0100 | 00bf c004 | 0000 7405 | bfd0 0400 | 0048 8b1c | 3e48 8d5b 
  0x000001402b0ec708: 0148 891c | 3e0f 843c | 0100 0048 

  0x000001402b0ec714: ;   {metadata(method data for {method} {0x0000014081289bd0} 'dispatchEventImpl' '(Ljava/awt/AWTEvent;Ljava/lang/Object;)V' in 'java/awt/EventQueue')}
  0x000001402b0ec714: 8bf2 48bf | e8c5 db81 | 4001 0000 | 4883 87e0 | 0400 0001 

  0x000001402b0ec728: ;   {metadata(method data for {method} {0x0000014081289208} 'noEvents' '()Z' in 'java/awt/EventQueue')}
  0x000001402b0ec728: 48be e0bb | db81 4001 | 0000 8bbe | cc00 0000 | 83c7 0289 | becc 0000 | 0081 e7fe | ff1f 0085 
  0x000001402b0ec748: ff0f 848d | 0f00 00be | 0000 0000 | e988 0000 | 000f 1f80 | 0000 0000 | 8b7a 203b | 770c 0f83 
  0x000001402b0ec768: 9b0f 0000 | 4863 de8b | 7c9f 108b | 7f0c 4885 

  0x000001402b0ec778: ;   {metadata(method data for {method} {0x0000014081289208} 'noEvents' '()Z' in 'java/awt/EventQueue')}
  0x000001402b0ec778: ff48 bfe0 | bbdb 8140 | 0100 00bb | 4001 0000 | 7505 bb30 | 0100 0048 | 8b04 1f48 | 8d40 0148 
  0x000001402b0ec798: 8904 1f0f | 8570 0000 

  0x000001402b0ec7a0: ;   {metadata(method data for {method} {0x0000014081289208} 'noEvents' '()Z' in 'java/awt/EventQueue')}
  0x000001402b0ec7a0: 00ff c648 | bfe0 bbdb | 8140 0100 | 008b 9fd0 | 0000 0083 | c302 899f | d000 0000 | 81e3 fe3f 
  0x000001402b0ec7c0: 0000 85db | 0f84 500f | 0000 4d8b 

  0x000001402b0ec7cc: ; ImmutableOopMap {rdx=Oop }
                      ;*goto {reexecute=1 rethrow=0 return_oop=0}
                      ; - (reexecute) java.awt.EventQueue::noEvents@24 (line 520)
                      ; - java.awt.EventQueue::dispatchEventImpl@95 (line 732)
                      ;   {poll}
  0x000001402b0ec7cc: 5730 4185 

  0x000001402b0ec7d0: ;   {metadata(method data for {method} {0x0000014081289208} 'noEvents' '()Z' in 'java/awt/EventQueue')}
  0x000001402b0ec7d0: 0248 bfe0 | bbdb 8140 | 0100 00ff | 8750 0100 | 0083 fe04 

  0x000001402b0ec7e4: ;   {metadata(method data for {method} {0x0000014081289208} 'noEvents' '()Z' in 'java/awt/EventQueue')}
  0x000001402b0ec7e4: 48bf e0bb | db81 4001 | 0000 bb10 | 0100 007d | 05bb 2001 | 0000 488b | 041f 488d | 4001 4889 
  0x000001402b0ec804: 041f 0f8d | 0f00 0000 | e94f ffff | ffbe 0000 | 0000 e905 | 0000 00be | 0100 0000 

  0x000001402b0ec820: ;   {metadata(method data for {method} {0x0000014081289bd0} 'dispatchEventImpl' '(Ljava/awt/AWTEvent;Ljava/lang/Object;)V' in 'java/awt/EventQueue')}
  0x000001402b0ec820: 85f6 48be | e8c5 db81 | 4001 0000 | bf10 0500 | 0074 05bf | 2005 0000 | 488b 1c3e | 488d 5b01 
  0x000001402b0ec840: 4889 1c3e | 0f84 5f0d | 0000 e9c8 

  0x000001402b0ec84c: ;   {metadata(method data for {method} {0x0000014081289bd0} 'dispatchEventImpl' '(Ljava/awt/AWTEvent;Ljava/lang/Object;)V' in 'java/awt/EventQueue')}
  0x000001402b0ec84c: 0500 0048 | bae8 c5db | 8140 0100 | 0048 8382 | 7805 0000 

  0x000001402b0ec860: ;   {metadata(method data for {method} {0x0000014081287fd8} 'getEventLog' '()Lsun/util/logging/PlatformLogger;' in 'java/awt/EventQueue')}
  0x000001402b0ec860: 0148 ba60 | 8adc 8140 | 0100 008b | b2cc 0000 | 0083 c602 | 89b2 cc00 | 0000 81e6 | feff 1f00 
  0x000001402b0ec880: 85f6 0f84 | b30e 0000 

  0x000001402b0ec888: ;   {oop(a 'java/lang/Class'{0x0000000090cf0ba0} = 'java/awt/EventQueue')}
  0x000001402b0ec888: 48ba a00b | cf90 0000 | 0000 8b52 | 7848 85d2 

  0x000001402b0ec898: ;   {metadata(method data for {method} {0x0000014081287fd8} 'getEventLog' '()Lsun/util/logging/PlatformLogger;' in 'java/awt/EventQueue')}
  0x000001402b0ec898: 48ba 608a | dc81 4001 | 0000 be10 | 0100 0075 | 05be 2001 | 0000 488b | 3c32 488d | 7f01 4889 
  0x000001402b0ec8b8: 3c32 0f85 | 6400 0000 

  0x000001402b0ec8c0: ;   {metadata(method data for {method} {0x0000014081287fd8} 'getEventLog' '()Lsun/util/logging/PlatformLogger;' in 'java/awt/EventQueue')}
  0x000001402b0ec8c0: 48ba 608a | dc81 4001 | 0000 4883 | 8230 0100 

  0x000001402b0ec8d0: ;   {oop("java.awt.event.EventQueue"{0x0000000090d00680})}
  0x000001402b0ec8d0: 0001 48ba | 8006 d090 | 0000 0000 

  0x000001402b0ec8dc: ;   {static_call}
  0x000001402b0ec8dc: 6666 90e8 

  0x000001402b0ec8e0: ; ImmutableOopMap {[168]=Oop }
                      ;*invokestatic getLogger {reexecute=0 rethrow=0 return_oop=0}
                      ; - java.awt.EventQueue::getEventLog@8 (line 181)
                      ; - java.awt.EventQueue::dispatchEventImpl@111 (line 736)
  0x000001402b0ec8e0: 7c27 2007 

  0x000001402b0ec8e4: ;   {post_call_nop}
  0x000001402b0ec8e4: 0f1f 8400 | dc11 0005 

  0x000001402b0ec8ec: ;   {oop(a 'java/lang/Class'{0x0000000090cf0ba0} = 'java/awt/EventQueue')}
  0x000001402b0ec8ec: 49b8 a00b | cf90 0000 | 0000 410f | be57 4885 | d20f 8559 | 0e00 004c | 8bd0 4589 | 5078 f083 
  0x000001402b0ec90c: 4424 c000 | 498b d048 | 33d0 48c1 | ea14 4883 | fa00 0f85 | 540e 0000 

  0x000001402b0ec924: ;   {oop(a 'java/lang/Class'{0x0000000090cf0ba0} = 'java/awt/EventQueue')}
  0x000001402b0ec924: 49b8 a00b | cf90 0000 | 0000 458b | 4078 493b | 0049 8bd0 

  0x000001402b0ec938: ;   {metadata(method data for {method} {0x0000014081289bd0} 'dispatchEventImpl' '(Ljava/awt/AWTEvent;Ljava/lang/Object;)V' in 'java/awt/EventQueue')}
  0x000001402b0ec938: 48be e8c5 | db81 4001 

  0x000001402b0ec940: ;   {metadata('sun/util/logging/PlatformLogger')}
  0x000001402b0ec940: 0000 49ba | 80ff 0441 | 4001 0000 | 4c89 9690 | 0500 0048 | 8386 9805 

  0x000001402b0ec958: ;   {metadata(method data for {method} {0x00000140810fe390} 'isLoggable' '(Lsun/util/logging/PlatformLogger$Level;)Z' in 'sun/util/logging/PlatformLogger')}
  0x000001402b0ec958: 0000 0148 | baf0 5481 | 8140 0100 | 008b b2cc | 0000 0083 | c602 89b2 | cc00 0000 | 81e6 feff 
  0x000001402b0ec978: 1f00 85f6 | 0f84 130e 

  0x000001402b0ec980: ;   {metadata(method data for {method} {0x00000140810fe390} 'isLoggable' '(Lsun/util/logging/PlatformLogger$Level;)Z' in 'sun/util/logging/PlatformLogger')}
  0x000001402b0ec980: 0000 48ba | f054 8181 | 4001 0000 | ff82 1001 | 0000 418b | 500c 483b | 024c 8bc2 

  0x000001402b0ec99c: ;   {metadata(method data for {method} {0x00000140810fe390} 'isLoggable' '(Lsun/util/logging/PlatformLogger$Level;)Z' in 'sun/util/logging/PlatformLogger')}
  0x000001402b0ec99c: 48be f054 | 8181 4001 | 0000 458b | 4008 49ba | 0000 0040 | 4001 0000 | 4d03 c24c | 3b86 4801 
  0x000001402b0ec9bc: 0000 750d | 4883 8650 | 0100 0001 | e960 0000 | 004c 3b86 | 5801 0000 | 750d 4883 | 8660 0100 
  0x000001402b0ec9dc: 0001 e94a | 0000 0048 | 83be 4801 | 0000 0075 | 174c 8986 | 4801 0000 | 48c7 8650 | 0100 0001 
  0x000001402b0ec9fc: 0000 00e9 | 2900 0000 | 4883 be58 | 0100 0000 | 7517 4c89 | 8658 0100 | 0048 c786 | 6001 0000 
  0x000001402b0eca1c: 0100 0000 | e908 0000 | 0048 8386 | 4001 0000 

  0x000001402b0eca2c: ;   {oop(a 'sun/util/logging/PlatformLogger$Level'{0x0000000090c504d0})}
  0x000001402b0eca2c: 0149 b8d0 | 04c5 9000 | 0000 0066 | 0f1f 4400 | 0048 b8c8 | 8b69 8a40 

  0x000001402b0eca44: ;   {virtual_call}
  0x000001402b0eca44: 0100 00e8 

  0x000001402b0eca48: ; ImmutableOopMap {[168]=Oop }
                      ;*invokeinterface isLoggable {reexecute=0 rethrow=0 return_oop=0}
                      ; - sun.util.logging.PlatformLogger::isLoggable@17 (line 340)
                      ; - java.awt.EventQueue::dispatchEventImpl@117 (line 736)
  0x000001402b0eca48: 1423 2007 

  0x000001402b0eca4c: ;   {post_call_nop}
  0x000001402b0eca4c: 0f1f 8400 | 4413 0006 | 83e0 0185 

  0x000001402b0eca58: ;   {metadata(method data for {method} {0x0000014081289bd0} 'dispatchEventImpl' '(Ljava/awt/AWTEvent;Ljava/lang/Object;)V' in 'java/awt/EventQueue')}
  0x000001402b0eca58: c048 bae8 | c5db 8140 | 0100 00be | b805 0000 | 7405 bec8 | 0500 0048 | 8b3c 3248 | 8d7f 0148 
  0x000001402b0eca78: 893c 320f | 8428 0b00 

  0x000001402b0eca80: ;   {metadata(method data for {method} {0x0000014081289bd0} 'dispatchEventImpl' '(Ljava/awt/AWTEvent;Ljava/lang/Object;)V' in 'java/awt/EventQueue')}
  0x000001402b0eca80: 0048 bae8 | c5db 8140 | 0100 0048 | 8382 d805 

  0x000001402b0eca90: ;   {metadata(method data for {method} {0x0000014081287fd8} 'getEventLog' '()Lsun/util/logging/PlatformLogger;' in 'java/awt/EventQueue')}
  0x000001402b0eca90: 0000 0148 | ba60 8adc | 8140 0100 | 008b b2cc | 0000 0083 | c602 89b2 | cc00 0000 | 81e6 feff 
  0x000001402b0ecab0: 1f00 85f6 | 0f84 010d 

  0x000001402b0ecab8: ;   {oop(a 'java/lang/Class'{0x0000000090cf0ba0} = 'java/awt/EventQueue')}
  0x000001402b0ecab8: 0000 48ba | a00b cf90 | 0000 0000 | 8b52 7848 

  0x000001402b0ecac8: ;   {metadata(method data for {method} {0x0000014081287fd8} 'getEventLog' '()Lsun/util/logging/PlatformLogger;' in 'java/awt/EventQueue')}
  0x000001402b0ecac8: 85d2 48ba | 608a dc81 | 4001 0000 | be10 0100 | 0075 05be | 2001 0000 | 488b 3c32 | 488d 7f01 
  0x000001402b0ecae8: 4889 3c32 | 0f85 6200 

  0x000001402b0ecaf0: ;   {metadata(method data for {method} {0x0000014081287fd8} 'getEventLog' '()Lsun/util/logging/PlatformLogger;' in 'java/awt/EventQueue')}
  0x000001402b0ecaf0: 0000 48ba | 608a dc81 | 4001 0000 | 4883 8230 | 0100 0001 

  0x000001402b0ecb04: ;   {oop("java.awt.event.EventQueue"{0x0000000090d00680})}
  0x000001402b0ecb04: 48ba 8006 | d090 0000 

  0x000001402b0ecb0c: ;   {static_call}
  0x000001402b0ecb0c: 0000 90e8 

  0x000001402b0ecb10: ; ImmutableOopMap {[168]=Oop }
                      ;*invokestatic getLogger {reexecute=0 rethrow=0 return_oop=0}
                      ; - java.awt.EventQueue::getEventLog@8 (line 181)
                      ; - java.awt.EventQueue::dispatchEventImpl@123 (line 737)
  0x000001402b0ecb10: 4c25 2007 

  0x000001402b0ecb14: ;   {post_call_nop}
  0x000001402b0ecb14: 0f1f 8400 | 0c14 0007 

  0x000001402b0ecb1c: ;   {oop(a 'java/lang/Class'{0x0000000090cf0ba0} = 'java/awt/EventQueue')}
  0x000001402b0ecb1c: 48ba a00b | cf90 0000 | 0000 410f | be77 4885 | f60f 85a9 | 0c00 004c | 8bd0 4489 | 5278 f083 
  0x000001402b0ecb3c: 4424 c000 | 488b f248 | 33f0 48c1 | ee14 4883 | fe00 0f85 | a30c 0000 

  0x000001402b0ecb54: ;   {oop(a 'java/lang/Class'{0x0000000090cf0ba0} = 'java/awt/EventQueue')}
  0x000001402b0ecb54: 48ba a00b | cf90 0000 | 0000 8b72 | 7848 89b4 | 24b8 0000 | 004c 8b84 | 24a8 0000 

  0x000001402b0ecb70: ;   {metadata(method data for {method} {0x0000014081289bd0} 'dispatchEventImpl' '(Ljava/awt/AWTEvent;Ljava/lang/Object;)V' in 'java/awt/EventQueue')}
  0x000001402b0ecb70: 0048 bae8 | c5db 8140 | 0100 0048 | 8382 e805 

  0x000001402b0ecb80: ;   {metadata(method data for {method} {0x000001404047f488} 'valueOf' '(Ljava/lang/Object;)Ljava/lang/String;' in 'java/lang/String')}
  0x000001402b0ecb80: 0000 0148 | ba98 092b | 8140 0100 | 008b bacc | 0000 0083 | c702 89ba | cc00 0000 | 81e7 feff 
  0x000001402b0ecba0: 1f00 85ff | 0f84 650c | 0000 4d85 

  0x000001402b0ecbac: ;   {metadata(method data for {method} {0x000001404047f488} 'valueOf' '(Ljava/lang/Object;)Ljava/lang/String;' in 'java/lang/String')}
  0x000001402b0ecbac: c048 ba98 | 092b 8140 | 0100 00bf | 1001 0000 | 7505 bf20 | 0100 0048 | 8b1c 3a48 | 8d5b 0148 
  0x000001402b0ecbcc: 891c 3a0f | 851f 0000 

  0x000001402b0ecbd4: ;   {metadata(method data for {method} {0x000001404047f488} 'valueOf' '(Ljava/lang/Object;)Ljava/lang/String;' in 'java/lang/String')}
  0x000001402b0ecbd4: 0048 ba98 | 092b 8140 | 0100 00ff | 8230 0100 

  0x000001402b0ecbe4: ;   {oop("null"{0x00000000ffe1cbb0})}
  0x000001402b0ecbe4: 0048 bfb0 | cbe1 ff00 | 0000 00e9 | ab00 0000 

  0x000001402b0ecbf4: ;   {metadata(method data for {method} {0x000001404047f488} 'valueOf' '(Ljava/lang/Object;)Ljava/lang/String;' in 'java/lang/String')}
  0x000001402b0ecbf4: 498b d048 | bf98 092b | 8140 0100 | 008b 5208 | 49ba 0000 | 0040 4001 | 0000 4903 | d248 3b97 
  0x000001402b0ecc14: 5001 0000 | 750d 4883 | 8758 0100 | 0001 e960 | 0000 0048 | 3b97 6001 | 0000 750d | 4883 8768 
  0x000001402b0ecc34: 0100 0001 | e94a 0000 | 0048 83bf | 5001 0000 | 0075 1748 | 8997 5001 | 0000 48c7 | 8758 0100 
  0x000001402b0ecc54: 0001 0000 | 00e9 2900 | 0000 4883 | bf60 0100 | 0000 7517 | 4889 9760 | 0100 0048 | c787 6801 
  0x000001402b0ecc74: 0000 0100 | 0000 e908 | 0000 0048 | 8387 4801 | 0000 0149 | 8bd0 0f1f 

  0x000001402b0ecc8c: ;   {optimized virtual_call}
  0x000001402b0ecc8c: 4400 00e8 

  0x000001402b0ecc90: ; ImmutableOopMap {[184]=Oop }
                      ;*invokevirtual toString {reexecute=0 rethrow=0 return_oop=0}
                      ; - java.lang.String::valueOf@11 (line 4543)
                      ; - java.awt.EventQueue::dispatchEventImpl@127 (line 737)
  0x000001402b0ecc90: cc1d 2007 

  0x000001402b0ecc94: ;   {post_call_nop}
  0x000001402b0ecc94: 0f1f 8400 | 8c15 0008 | 488b f890 

  0x000001402b0ecca0: ;   {no_reloc}
  0x000001402b0ecca0: e99a 0b00 | 0090 9090 | 9090 488b 

  0x000001402b0eccac: ;   {static_call}
  0x000001402b0eccac: d766 90e8 

  0x000001402b0eccb0: ; ImmutableOopMap {[184]=Oop }
                      ;*invokedynamic {reexecute=0 rethrow=0 return_oop=0}
                      ; - java.awt.EventQueue::dispatchEventImpl@130 (line 737)
  0x000001402b0eccb0: ac23 2007 

  0x000001402b0eccb4: ;   {post_call_nop}
  0x000001402b0eccb4: 0f1f 8400 | ac15 0009 

  0x000001402b0eccbc: ;   {metadata(method data for {method} {0x0000014081289bd0} 'dispatchEventImpl' '(Ljava/awt/AWTEvent;Ljava/lang/Object;)V' in 'java/awt/EventQueue')}
  0x000001402b0eccbc: 49b8 e8c5 | db81 4001 | 0000 4d8d | 8018 0600 | 0048 85c0 | 750b 41f6 | 0001 7505 | f049 8308 
  0x000001402b0eccdc: 0148 8bb4 | 24b8 0000 | 0048 3b06 

  0x000001402b0ecce8: ;   {metadata(method data for {method} {0x0000014081289bd0} 'dispatchEventImpl' '(Ljava/awt/AWTEvent;Ljava/lang/Object;)V' in 'java/awt/EventQueue')}
  0x000001402b0ecce8: 4c8b c649 | b9e8 c5db | 8140 0100 

  0x000001402b0eccf4: ;   {metadata('sun/util/logging/PlatformLogger')}
  0x000001402b0eccf4: 0049 ba80 | ff04 4140 | 0100 004d | 8991 3006 | 0000 4983 | 8138 0600 

  0x000001402b0ecd0c: ;   {metadata(method data for {method} {0x00000140810fefe8} 'fine' '(Ljava/lang/String;)V' in 'sun/util/logging/PlatformLogger')}
  0x000001402b0ecd0c: 0001 49b8 | c88e dc81 | 4001 0000 | 458b 88cc | 0000 0041 | 83c1 0245 | 8988 cc00 | 0000 4181 
  0x000001402b0ecd2c: e1fe ff1f | 0045 85c9 | 0f84 140b | 0000 8b56 | 0c48 3b02 

  0x000001402b0ecd40: ;   {metadata(method data for {method} {0x00000140810fefe8} 'fine' '(Ljava/lang/String;)V' in 'sun/util/logging/PlatformLogger')}
  0x000001402b0ecd40: 4c8b c249 | b9c8 8edc | 8140 0100 | 0045 8b40 | 0849 ba00 | 0000 4040 | 0100 004d | 03c2 4d3b 
  0x000001402b0ecd60: 8148 0100 | 0075 0d49 | 8381 5001 | 0000 01e9 | 6000 0000 | 4d3b 8158 | 0100 0075 | 0d49 8381 
  0x000001402b0ecd80: 6001 0000 | 01e9 4a00 | 0000 4983 | b948 0100 | 0000 7517 | 4d89 8148 | 0100 0049 | c781 5001 
  0x000001402b0ecda0: 0000 0100 | 0000 e929 | 0000 0049 | 83b9 5801 | 0000 0075 | 174d 8981 | 5801 0000 | 49c7 8160 
  0x000001402b0ecdc0: 0100 0001 | 0000 00e9 | 0800 0000 | 4983 8140 | 0100 0001 

  0x000001402b0ecdd4: ;   {oop(a 'sun/util/logging/PlatformLogger$Level'{0x0000000090c504d0})}
  0x000001402b0ecdd4: 49b8 d004 | c590 0000 | 0000 4c8b 

  0x000001402b0ecde0: ;   {oop(nullptr)}
  0x000001402b0ecde0: c848 bf00 | 0000 0000 | 0000 0066 | 9048 b8f0 | 8b69 8a40 

  0x000001402b0ecdf4: ;   {virtual_call}
  0x000001402b0ecdf4: 0100 00e8 

  0x000001402b0ecdf8: ; ImmutableOopMap {}
                      ;*invokeinterface log {reexecute=0 rethrow=0 return_oop=0}
                      ; - sun.util.logging.PlatformLogger::fine@12 (line 449)
                      ; - java.awt.EventQueue::dispatchEventImpl@135 (line 737)
  0x000001402b0ecdf8: 641f 2007 

  0x000001402b0ecdfc: ;   {post_call_nop}
  0x000001402b0ecdfc: 0f1f 8400 | f416 000a | 4881 c4d0 | 0000 005d 

  0x000001402b0ece0c: ;   {poll_return}
  0x000001402b0ece0c: 493b 6728 | 0f87 5e0a | 0000 c344 | 8b42 3449 | 3b00 498b 

  0x000001402b0ece20: ;   {metadata(method data for {method} {0x0000014081289bd0} 'dispatchEventImpl' '(Ljava/awt/AWTEvent;Ljava/lang/Object;)V' in 'java/awt/EventQueue')}
  0x000001402b0ece20: d048 bee8 | c5db 8140 

  0x000001402b0ece28: ;   {metadata('java/awt/EventDispatchThread')}
  0x000001402b0ece28: 0100 0049 | ba90 7e09 | 4140 0100 | 004c 8996 | 3805 0000 | 4883 8640 | 0500 0001 

  0x000001402b0ece44: ;   {metadata(method data for {method} {0x00000140814c8350} 'stopDispatching' '()V' in 'java/awt/EventDispatchThread')}
  0x000001402b0ece44: 48ba 2889 | dc81 4001 | 0000 8bb2 | cc00 0000 | 83c6 0289 | b2cc 0000 | 0081 e6fe | ff1f 0085 
  0x000001402b0ece64: f60f 8424 | 0a00 00ba | 0000 0000 | 4188 5070 | f083 4424 

  0x000001402b0ece78: ;   {metadata(method data for {method} {0x0000014081289bd0} 'dispatchEventImpl' '(Ljava/awt/AWTEvent;Ljava/lang/Object;)V' in 'java/awt/EventQueue')}
  0x000001402b0ece78: c000 49b8 | e8c5 db81 | 4001 0000 | 41ff 8060 | 0500 0048 | 81c4 d000 

  0x000001402b0ece90: ;   {poll_return}
  0x000001402b0ece90: 0000 5d49 | 3b67 280f | 8713 0a00 | 00c3 4c8b | 8424 a800 | 0000 4d85 

  0x000001402b0ecea8: ;   {metadata(method data for {method} {0x0000014081289bd0} 'dispatchEventImpl' '(Ljava/awt/AWTEvent;Ljava/lang/Object;)V' in 'java/awt/EventQueue')}
  0x000001402b0ecea8: c948 bfe8 | c5db 8140 | 0100 0075 | 0c80 8f11 | 0400 0001 | e9d7 0000 | 0041 8b59 | 0849 ba00 
  0x000001402b0ecec8: 0000 4040 | 0100 0049 | 03da 483b | 9f20 0400 | 0075 0d48 | 8387 2804 | 0000 01e9 | 6000 0000 
  0x000001402b0ecee8: 483b 9f30 | 0400 0075 | 0d48 8387 | 3804 0000 | 01e9 4a00 | 0000 4883 | bf20 0400 | 0000 7517 
  0x000001402b0ecf08: 4889 9f20 | 0400 0048 | c787 2804 | 0000 0100 | 0000 e929 | 0000 0048 | 83bf 3004 | 0000 0075 
  0x000001402b0ecf28: 1748 899f | 3004 0000 | 48c7 8738 | 0400 0001 | 0000 00e9 | 0800 0000 | 4883 8718 | 0400 0001 
  0x000001402b0ecf48: ;   {no_reloc}
  0x000001402b0ecf48: e988 0900 | 0000 0000 | 0000 418b | 7908 49ba | 0000 0040 | 4001 0000 | 4903 fa48 | 3bfb 0f84 
  0x000001402b0ecf68: 2c00 0000 | 8b73 1448 | 3b1c 370f | 841f 0000 | 0083 fe20 | 0f85 5d09 | 0000 5753 

  0x000001402b0ecf84: ;   {runtime_call C1 Runtime slow_subtype_check_blob}
  0x000001402b0ecf84: e8b7 1e2c | 075f 5b85 | db0f 844c | 0900 00e9 | 0000 0000 | 498b d166 | 9048 b818 | 8c69 8a40 
  0x000001402b0ecfa4: ;   {virtual_call}
  0x000001402b0ecfa4: 0100 00e8 

  0x000001402b0ecfa8: ; ImmutableOopMap {}
                      ;*invokevirtual dispatchEvent {reexecute=0 rethrow=0 return_oop=0}
                      ; - java.awt.EventQueue::dispatchEventImpl@81 (line 730)
  0x000001402b0ecfa8: b41d 2007 

  0x000001402b0ecfac: ;   {post_call_nop}
  0x000001402b0ecfac: 0f1f 8400 | a418 000b 

  0x000001402b0ecfb4: ;   {metadata(method data for {method} {0x0000014081289bd0} 'dispatchEventImpl' '(Ljava/awt/AWTEvent;Ljava/lang/Object;)V' in 'java/awt/EventQueue')}
  0x000001402b0ecfb4: 49b8 e8c5 | db81 4001 | 0000 41ff | 8078 0400 | 0048 81c4 | d000 0000 

  0x000001402b0ecfcc: ;   {poll_return}
  0x000001402b0ecfcc: 5d49 3b67 | 280f 8711 | 0900 00c3 | 4c8b 8424 | a800 0000 

  0x000001402b0ecfe0: ;   {metadata(method data for {method} {0x0000014081289bd0} 'dispatchEventImpl' '(Ljava/awt/AWTEvent;Ljava/lang/Object;)V' in 'java/awt/EventQueue')}
  0x000001402b0ecfe0: 4d85 c948 | bfe8 c5db | 8140 0100 | 0075 0c80 | 8f49 0300 | 0001 e9b0 | 0000 0041 | 8b59 0849 
  0x000001402b0ed000: ba00 0000 | 4040 0100 | 0049 03da | 483b 9f58 | 0300 0075 | 0d48 8387 | 6003 0000 | 01e9 6000 
  0x000001402b0ed020: 0000 483b | 9f68 0300 | 0075 0d48 | 8387 7003 | 0000 01e9 | 4a00 0000 | 4883 bf58 | 0300 0000 
  0x000001402b0ed040: 7517 4889 | 9f58 0300 | 0048 c787 | 6003 0000 | 0100 0000 | e929 0000 | 0048 83bf | 6803 0000 
  0x000001402b0ed060: 0075 1748 | 899f 6803 | 0000 48c7 | 8770 0300 | 0001 0000 | 00e9 0800 | 0000 4883 | 8750 0300 
  0x000001402b0ed080: ;   {metadata('java/awt/MenuComponent')}
  0x000001402b0ed080: 0001 48bb | d8f8 9481 | 4001 0000 | 418b 7108 | 49ba 0000 | 0040 4001 | 0000 4903 | f248 3bde 
  0x000001402b0ed0a0: 0f85 5808 | 0000 e900 | 0000 0049 | 8bd1 483b | 0248 8bf2 

  0x000001402b0ed0b4: ;   {metadata(method data for {method} {0x0000014081289bd0} 'dispatchEventImpl' '(Ljava/awt/AWTEvent;Ljava/lang/Object;)V' in 'java/awt/EventQueue')}
  0x000001402b0ed0b4: 48bf e8c5 | db81 4001 | 0000 8b76 | 0849 ba00 | 0000 4040 | 0100 0049 | 03f2 483b | b788 0300 
  0x000001402b0ed0d4: 0075 0d48 | 8387 9003 | 0000 01e9 | 6000 0000 | 483b b798 | 0300 0075 | 0d48 8387 | a003 0000 
  0x000001402b0ed0f4: 01e9 4a00 | 0000 4883 | bf88 0300 | 0000 7517 | 4889 b788 | 0300 0048 | c787 9003 | 0000 0100 
  0x000001402b0ed114: 0000 e929 | 0000 0048 | 83bf 9803 | 0000 0075 | 1748 89b7 | 9803 0000 | 48c7 87a0 | 0300 0001 
  0x000001402b0ed134: 0000 00e9 | 0800 0000 | 4883 8780 | 0300 0001 

  0x000001402b0ed144: ;   {optimized virtual_call}
  0x000001402b0ed144: 6666 90e8 

  0x000001402b0ed148: ; ImmutableOopMap {}
                      ;*invokevirtual dispatchEvent {reexecute=0 rethrow=0 return_oop=0}
                      ; - java.awt.EventQueue::dispatchEventImpl@63 (line 728)
  0x000001402b0ed148: 1419 2007 

  0x000001402b0ed14c: ;   {post_call_nop}
  0x000001402b0ed14c: 0f1f 8400 | 441a 000c 

  0x000001402b0ed154: ;   {metadata(method data for {method} {0x0000014081289bd0} 'dispatchEventImpl' '(Ljava/awt/AWTEvent;Ljava/lang/Object;)V' in 'java/awt/EventQueue')}
  0x000001402b0ed154: 49b8 e8c5 | db81 4001 | 0000 41ff | 80b0 0300 | 0048 81c4 | d000 0000 

  0x000001402b0ed16c: ;   {poll_return}
  0x000001402b0ed16c: 5d49 3b67 | 280f 8795 | 0700 00c3 

  0x000001402b0ed178: ;   {metadata(method data for {method} {0x0000014081289bd0} 'dispatchEventImpl' '(Ljava/awt/AWTEvent;Ljava/lang/Object;)V' in 'java/awt/EventQueue')}
  0x000001402b0ed178: 488b f248 | bfe8 c5db | 8140 0100 | 0048 8387 | 6001 0000 | 0149 8bf0 | 4c8b c60f 

  0x000001402b0ed194: ;   {optimized virtual_call}
  0x000001402b0ed194: 1f40 00e8 

  0x000001402b0ed198: ; ImmutableOopMap {[168]=Oop }
                      ;*invokevirtual setCurrentEventAndMostRecentTimeImpl {reexecute=0 rethrow=0 return_oop=0}
                      ; - java.awt.EventQueue::dispatchEventImpl@14 (line 722)
  0x000001402b0ed198: 2446 feff 

  0x000001402b0ed19c: ;   {post_call_nop}
  0x000001402b0ed19c: 0f1f 8400 | 941a 000d | 4c8b 8424 | a800 0000 

  0x000001402b0ed1ac: ;   {metadata(method data for {method} {0x0000014081289bd0} 'dispatchEventImpl' '(Ljava/awt/AWTEvent;Ljava/lang/Object;)V' in 'java/awt/EventQueue')}
  0x000001402b0ed1ac: 4d85 c048 | bfe8 c5db | 8140 0100 | 0075 0c80 | 8f89 0100 | 0001 e9cb | 0000 0041 | 8b58 0849 
  0x000001402b0ed1cc: ba00 0000 | 4040 0100 | 0049 03da | 483b 9f98 | 0100 0075 | 0d48 8387 | a001 0000 | 01e9 6000 
  0x000001402b0ed1ec: 0000 483b | 9fa8 0100 | 0075 0d48 | 8387 b001 | 0000 01e9 | 4a00 0000 | 4883 bf98 | 0100 0000 
  0x000001402b0ed20c: 7517 4889 | 9f98 0100 | 0048 c787 | a001 0000 | 0100 0000 | e929 0000 | 0048 83bf | a801 0000 
  0x000001402b0ed22c: 0075 1748 | 899f a801 | 0000 48c7 | 87b0 0100 | 0001 0000 | 00e9 0800 | 0000 4883 | 8790 0100 
  0x000001402b0ed24c: ;   {metadata('java/awt/ActiveEvent')}
  0x000001402b0ed24c: 0001 48bb | 2858 4c81 | 4001 0000 | 418b 7808 | 49ba 0000 | 0040 4001 | 0000 4903 | fa48 3b5f 
  0x000001402b0ed26c: 200f 841f | 0000 0048 | 3bfb 0f84 | 1600 0000 

  0x000001402b0ed27c: ;   {runtime_call C1 Runtime slow_subtype_check_blob}
  0x000001402b0ed27c: 5753 e8bd | 1b2c 075f | 5f85 ff0f | 8495 0600 | 00e9 0000 | 0000 498b | d048 3b02 

  0x000001402b0ed298: ;   {metadata(method data for {method} {0x0000014081289bd0} 'dispatchEventImpl' '(Ljava/awt/AWTEvent;Ljava/lang/Object;)V' in 'java/awt/EventQueue')}
  0x000001402b0ed298: 488b f248 | bfe8 c5db | 8140 0100 | 008b 7608 | 49ba 0000 | 0040 4001 | 0000 4903 | f248 3bb7 
  0x000001402b0ed2b8: c801 0000 | 750d 4883 | 87d0 0100 | 0001 e960 | 0000 0048 | 3bb7 d801 | 0000 750d | 4883 87e0 
  0x000001402b0ed2d8: 0100 0001 | e94a 0000 | 0048 83bf | c801 0000 | 0075 1748 | 89b7 c801 | 0000 48c7 | 87d0 0100 
  0x000001402b0ed2f8: 0001 0000 | 00e9 2900 | 0000 4883 | bfd8 0100 | 0000 7517 | 4889 b7d8 | 0100 0048 | c787 e001 
  0x000001402b0ed318: 0000 0100 | 0000 e908 | 0000 0048 | 8387 c001 | 0000 0166 | 9048 b840 | 8c69 8a40 

  0x000001402b0ed334: ;   {virtual_call}
  0x000001402b0ed334: 0100 00e8 

  0x000001402b0ed338: ; ImmutableOopMap {}
                      ;*invokeinterface dispatch {reexecute=0 rethrow=0 return_oop=0}
                      ; - java.awt.EventQueue::dispatchEventImpl@21 (line 723)
  0x000001402b0ed338: 1400 2d07 

  0x000001402b0ed33c: ;   {post_call_nop}
  0x000001402b0ed33c: 0f1f 8400 | 341c 000e 

  0x000001402b0ed344: ;   {metadata(method data for {method} {0x0000014081289bd0} 'dispatchEventImpl' '(Ljava/awt/AWTEvent;Ljava/lang/Object;)V' in 'java/awt/EventQueue')}
  0x000001402b0ed344: 48ba e8c5 | db81 4001 | 0000 ff82 | f001 0000 | 4881 c4d0 | 0000 005d 

  0x000001402b0ed35c: ;   {poll_return}
  0x000001402b0ed35c: 493b 6728 | 0f87 ca05 | 0000 c390 

  0x000001402b0ed368: ;   {no_reloc}
  0x000001402b0ed368: e9e8 0500 | 0000 0000 | 0000 80ba | 4001 0000 | 040f 85e5 | 0500 0049 | 8b87 c801 | 0000 488d 
  0x000001402b0ed388: 7828 493b | bfd8 0100 | 000f 87cd | 0500 0049 | 89bf c801 | 0000 48c7 | 0001 0000 | 0048 8bca 
  0x000001402b0ed3a8: 49ba 0000 | 0040 4001 | 0000 492b | ca89 4808 | 4833 c989 | 480c 4833 | c948 8948 | 1048 8948 
  0x000001402b0ed3c8: 1848 8948 | 2048 8bd0 

  0x000001402b0ed3d0: ;   {metadata(method data for {method} {0x000001404044b720} 'lookup' '()Ljava/lang/invoke/MethodHandles$Lookup;' in 'java/lang/invoke/MethodHandles')}
  0x000001402b0ed3d0: 48be 600e | 7e81 4001 | 0000 4883 | 8640 0100 

  0x000001402b0ed3e0: ;   {oop("no caller frame"{0x00000000ffe27428})}
  0x000001402b0ed3e0: 0001 49b8 | 2874 e2ff | 0000 0000 | 488b d048 | 8984 24c0 

  0x000001402b0ed3f4: ;   {optimized virtual_call}
  0x000001402b0ed3f4: 0000 00e8 

  0x000001402b0ed3f8: ; ImmutableOopMap {[168]=Oop [192]=Oop }
                      ;*invokespecial <init> {reexecute=0 rethrow=0 return_oop=0}
                      ; - java.lang.invoke.MethodHandles::lookup@14 (line 128)
                      ; - sun.awt.AWTAccessor::ensureClassInitialized@0 (line 1464)
                      ; - sun.awt.AWTAccessor::getInputEventAccessor@10 (line 963)
                      ; - java.awt.AWTEvent::dispatched@7 (line 571)
                      ; - java.awt.EventQueue::dispatchEventImpl@45 (line 726)
  0x000001402b0ed3f8: 6416 2007 

  0x000001402b0ed3fc: ;   {post_call_nop}
  0x000001402b0ed3fc: 0f1f 8400 | f41c 000f | 488b 8424 | c000 0000 | e9cc 0500 | 0049 8b87 | 0805 0000 | 4d33 d24d 
  0x000001402b0ed41c: 8997 0805 | 0000 4d33 | d24d 8997 | 1005 0000 

  0x000001402b0ed42c: ;   {oop(a 'java/lang/Class'{0x0000000090c57ea8} = 'sun/awt/AWTAccessor')}
  0x000001402b0ed42c: 48be a87e | c590 0000 | 0000 8bb6 | 8400 0000 | 4c8b 8424 | a800 0000 

  0x000001402b0ed444: ;   {metadata(method data for {method} {0x00000140810fbcd0} 'dispatched' '()V' in 'java/awt/AWTEvent')}
  0x000001402b0ed444: 4d85 c048 | b8a0 85dc | 8140 0100 | 0075 0c80 | 8869 0100 | 0001 e9b1 | 0000 0041 | 8b50 0849 
  0x000001402b0ed464: ba00 0000 | 4040 0100 | 0049 03d2 | 483b 9078 | 0100 0075 | 0d48 8380 | 8001 0000 | 01e9 6000 
  0x000001402b0ed484: 0000 483b | 9088 0100 | 0075 0d48 | 8380 9001 | 0000 01e9 | 4a00 0000 | 4883 b878 | 0100 0000 
  0x000001402b0ed4a4: 7517 4889 | 9078 0100 | 0048 c780 | 8001 0000 | 0100 0000 | e929 0000 | 0048 83b8 | 8801 0000 
  0x000001402b0ed4c4: 0075 1748 | 8990 8801 | 0000 48c7 | 8090 0100 | 0001 0000 | 00e9 0800 | 0000 4883 | 8070 0100 
  0x000001402b0ed4e4: ;   {metadata('java/awt/event/InputEvent')}
  0x000001402b0ed4e4: 0001 48ba | 60c8 0f81 | 4001 0000 | 418b 4008 | 49ba 0000 | 0040 4001 | 0000 4903 | c248 3b50 
  0x000001402b0ed504: 500f 8566 | 0400 00e9 | 0000 0000 | 498b f848 | 85f6 0f84 | 2900 0000 

  0x000001402b0ed51c: ;   {metadata('java/awt/event/InputEvent$1')}
  0x000001402b0ed51c: 48b9 a044 | 0541 4001 | 0000 8b56 | 0849 ba00 | 0000 4040 | 0100 0049 | 03d2 483b | 4a38 0f85 
  0x000001402b0ed53c: 3a04 0000 | e900 0000 | 0048 8bde 

  0x000001402b0ed548: ; implicit exception: dispatches to 0x000001402b0ed97f
                      ;   {metadata(method data for {method} {0x00000140810fbcd0} 'dispatched' '()V' in 'java/awt/AWTEvent')}
  0x000001402b0ed548: 483b 0648 | bba0 85dc | 8140 0100 

  0x000001402b0ed554: ;   {metadata('java/awt/event/InputEvent$1')}
  0x000001402b0ed554: 0049 baa0 | 4405 4140 | 0100 004c | 8993 a801 | 0000 4883 | 83b0 0100 

  0x000001402b0ed56c: ;   {metadata(method data for {method} {0x0000014081134510} 'setCanAccessSystemClipboard' '(Ljava/awt/event/InputEvent;Z)V' in 'java/awt/event/InputEvent$1')}
  0x000001402b0ed56c: 0001 48be | a074 dc81 | 4001 0000 | 8b9e cc00 | 0000 83c3 | 0289 9ecc | 0000 0081 | e3fe ff1f 
  0x000001402b0ed58c: 0085 db0f | 84ef 0300 | 00c6 4728 

  0x000001402b0ed598: ;   {metadata(method data for {method} {0x0000014081289bd0} 'dispatchEventImpl' '(Ljava/awt/AWTEvent;Ljava/lang/Object;)V' in 'java/awt/EventQueue')}
  0x000001402b0ed598: 0048 bee8 | c5db 8140 | 0100 00ff | 86e8 0200 | 0048 81c4 | d000 0000 

  0x000001402b0ed5b0: ;   {poll_return}
  0x000001402b0ed5b0: 5d49 3b67 | 280f 87ef | 0300 00c3 

  0x000001402b0ed5bc: ;   {metadata({method} {0x0000014081289bd0} 'dispatchEventImpl' '(Ljava/awt/AWTEvent;Ljava/lang/Object;)V' in 'java/awt/EventQueue')}
  0x000001402b0ed5bc: 49ba c89b | 2881 4001 | 0000 4c89 | 5424 0848 | c704 24ff 

  0x000001402b0ed5d0: ;   {runtime_call C1 Runtime counter_overflow_blob}
  0x000001402b0ed5d0: ffff ffe8 

  0x000001402b0ed5d4: ; ImmutableOopMap {rdx=Oop r8=Oop r9=Oop [168]=Oop }
                      ;*synchronization entry
                      ; - java.awt.EventQueue::dispatchEventImpl@-1 (line 719)
  0x000001402b0ed5d4: 084a 2c07 | e911 e5ff 

  0x000001402b0ed5dc: ;   {runtime_call C1 Runtime throw_null_pointer_exception_blob}
  0x000001402b0ed5dc: ffe8 7eee 

  0x000001402b0ed5e0: ; ImmutableOopMap {rdx=Oop r8=Oop r9=Oop [168]=Oop }
                      ;*putfield isPosted {reexecute=1 rethrow=0 return_oop=0}
                      ; - (reexecute) java.awt.EventQueue::dispatchEventImpl@2 (line 719)
  0x000001402b0ed5e0: 2b07 4c89 

  0x000001402b0ed5e4: ;   {runtime_call C1 Runtime throw_class_cast_exception_blob}
  0x000001402b0ed5e4: 0c24 e875 

  0x000001402b0ed5e8: ; ImmutableOopMap {r8=Oop [168]=Oop }
                      ;*checkcast {reexecute=0 rethrow=0 return_oop=0}
                      ; - java.awt.EventQueue::dispatchEventImpl@37 (line 725)
                      ;   {runtime_call C1 Runtime throw_null_pointer_exception_blob}
  0x000001402b0ed5e8: 122c 07e8 

  0x000001402b0ed5ec: ; ImmutableOopMap {r8=Oop rdx=Oop [168]=Oop }
                      ;*invokevirtual dispatchEvent {reexecute=0 rethrow=0 return_oop=0}
                      ; - java.awt.EventQueue::dispatchEventImpl@41 (line 725)
  0x000001402b0ed5ec: 70ee 2b07 

  0x000001402b0ed5f0: ;   {metadata({method} {0x00000140810896b0} 'dispatchEvent' '(Ljava/awt/AWTEvent;)V' in 'java/awt/Component')}
  0x000001402b0ed5f0: 49ba a896 | 0881 4001 | 0000 4c89 | 5424 0848 | c704 24ff 

  0x000001402b0ed604: ;   {runtime_call C1 Runtime counter_overflow_blob}
  0x000001402b0ed604: ffff ffe8 

  0x000001402b0ed608: ; ImmutableOopMap {r8=Oop rdx=Oop [168]=Oop }
                      ;*synchronization entry
                      ; - java.awt.Component::dispatchEvent@-1 (line 4790)
                      ; - java.awt.EventQueue::dispatchEventImpl@41 (line 725)
  0x000001402b0ed608: d449 2c07 | e988 e8ff 

  0x000001402b0ed610: ;   {metadata({method} {0x00000140810fbcd0} 'dispatched' '()V' in 'java/awt/AWTEvent')}
  0x000001402b0ed610: ff49 bac8 | bc0f 8140 | 0100 004c | 8954 2408 | 48c7 0424 | ffff ffff 

  0x000001402b0ed628: ;   {runtime_call C1 Runtime counter_overflow_blob}
  0x000001402b0ed628: e8b3 492c 

  0x000001402b0ed62c: ; ImmutableOopMap {[168]=Oop }
                      ;*synchronization entry
                      ; - java.awt.AWTEvent::dispatched@-1 (line 570)
                      ; - java.awt.EventQueue::dispatchEventImpl@45 (line 726)
  0x000001402b0ed62c: 07e9 dae9 

  0x000001402b0ed630: ;   {metadata({method} {0x0000014081119548} 'getInputEventAccessor' '()Lsun/awt/AWTAccessor$InputEventAccessor;' in 'sun/awt/AWTAccessor')}
  0x000001402b0ed630: ffff 49ba | 4095 1181 | 4001 0000 | 4c89 5424 | 0848 c704 | 24ff ffff 

  0x000001402b0ed648: ;   {runtime_call C1 Runtime counter_overflow_blob}
  0x000001402b0ed648: ffe8 9249 

  0x000001402b0ed64c: ; ImmutableOopMap {r8=Oop [168]=Oop }
                      ;*synchronization entry
                      ; - sun.awt.AWTAccessor::getInputEventAccessor@-1 (line 961)
                      ; - java.awt.AWTEvent::dispatched@7 (line 571)
                      ; - java.awt.EventQueue::dispatchEventImpl@45 (line 726)
  0x000001402b0ed64c: 2c07 e9fa 

  0x000001402b0ed650: ;   {metadata({method} {0x000001408111bd08} 'ensureClassInitialized' '(Ljava/lang/Class;)V' in 'sun/awt/AWTAccessor')}
  0x000001402b0ed650: eaff ff49 | ba00 bd11 | 8140 0100 | 004c 8954 | 2408 48c7 | 0424 ffff 

  0x000001402b0ed668: ;   {runtime_call C1 Runtime counter_overflow_blob}
  0x000001402b0ed668: ffff e871 

  0x000001402b0ed66c: ; ImmutableOopMap {[168]=Oop }
                      ;*synchronization entry
                      ; - sun.awt.AWTAccessor::ensureClassInitialized@-1 (line 1464)
                      ; - sun.awt.AWTAccessor::getInputEventAccessor@10 (line 963)
                      ; - java.awt.AWTEvent::dispatched@7 (line 571)
                      ; - java.awt.EventQueue::dispatchEventImpl@45 (line 726)
  0x000001402b0ed66c: 492c 07e9 | 4deb ffff 

  0x000001402b0ed674: ;   {metadata({method} {0x000001404044b720} 'lookup' '()Ljava/lang/invoke/MethodHandles$Lookup;' in 'java/lang/invoke/MethodHandles')}
  0x000001402b0ed674: 49ba 18b7 | 4440 4001 | 0000 4c89 | 5424 0848 | c704 24ff 

  0x000001402b0ed688: ;   {runtime_call C1 Runtime counter_overflow_blob}
  0x000001402b0ed688: ffff ffe8 

  0x000001402b0ed68c: ; ImmutableOopMap {[168]=Oop }
                      ;*synchronization entry
                      ; - java.lang.invoke.MethodHandles::lookup@-1 (line 126)
                      ; - sun.awt.AWTAccessor::ensureClassInitialized@0 (line 1464)
                      ; - sun.awt.AWTAccessor::getInputEventAccessor@10 (line 963)
                      ; - java.awt.AWTEvent::dispatched@7 (line 571)
                      ; - java.awt.EventQueue::dispatchEventImpl@45 (line 726)
  0x000001402b0ed68c: 5049 2c07 | e965 ebff | ff48 8bd2 

  0x000001402b0ed698: ;   {runtime_call C1 Runtime fast_new_instance_blob}
  0x000001402b0ed698: e8c3 f62b 

  0x000001402b0ed69c: ; ImmutableOopMap {r8=Oop [168]=Oop }
                      ;*new {reexecute=0 rethrow=0 return_oop=0}
                      ; - java.lang.invoke.MethodHandles::lookup@18 (line 130)
                      ; - sun.awt.AWTAccessor::ensureClassInitialized@0 (line 1464)
                      ; - sun.awt.AWTAccessor::getInputEventAccessor@10 (line 963)
                      ; - java.awt.AWTEvent::dispatched@7 (line 571)
                      ; - java.awt.EventQueue::dispatchEventImpl@45 (line 726)
  0x000001402b0ed69c: 07e9 fceb 

  0x000001402b0ed6a0: ;   {metadata({method} {0x000001404044f9d0} '<init>' '(Ljava/lang/Class;)V' in 'java/lang/invoke/MethodHandles$Lookup')}
  0x000001402b0ed6a0: ffff 49ba | c8f9 4440 | 4001 0000 | 4c89 5424 | 0848 c704 | 24ff ffff 

  0x000001402b0ed6b8: ;   {runtime_call C1 Runtime counter_overflow_blob}
  0x000001402b0ed6b8: ffe8 2249 

  0x000001402b0ed6bc: ; ImmutableOopMap {r8=Oop rax=Oop [168]=Oop }
                      ;*synchronization entry
                      ; - java.lang.invoke.MethodHandles$Lookup::<init>@-1 (line 1534)
                      ; - java.lang.invoke.MethodHandles::lookup@23 (line 130)
                      ; - sun.awt.AWTAccessor::ensureClassInitialized@0 (line 1464)
                      ; - sun.awt.AWTAccessor::getInputEventAccessor@10 (line 963)
                      ; - java.awt.AWTEvent::dispatched@7 (line 571)
                      ; - java.awt.EventQueue::dispatchEventImpl@45 (line 726)
  0x000001402b0ed6bc: 2c07 e919 

  0x000001402b0ed6c0: ;   {metadata(nullptr)}
  0x000001402b0ed6c0: ecff ff48 | b800 0000 | 0000 0000 | 00b8 000f 

  0x000001402b0ed6d0: ;   {runtime_call C1 Runtime load_klass_patching_blob}
  0x000001402b0ed6d0: 050a e809 

  0x000001402b0ed6d4: ; ImmutableOopMap {rdx=Oop r9=Oop [168]=Oop }
                      ;*instanceof {reexecute=1 rethrow=0 return_oop=0}
                      ; - (reexecute) java.awt.EventQueue::dispatchEventImpl@70 (line 729)
  0x000001402b0ed6d4: 2e2c 07e9 | b4ee ffff 

  0x000001402b0ed6dc: ;   {metadata({method} {0x0000014081289208} 'noEvents' '()Z' in 'java/awt/EventQueue')}
  0x000001402b0ed6dc: 49ba 0092 | 2881 4001 | 0000 4c89 | 5424 0848 | c704 24ff 

  0x000001402b0ed6f0: ;   {runtime_call C1 Runtime counter_overflow_blob}
  0x000001402b0ed6f0: ffff ffe8 

  0x000001402b0ed6f4: ; ImmutableOopMap {rdx=Oop }
                      ;*synchronization entry
                      ; - java.awt.EventQueue::noEvents@-1 (line 520)
                      ; - java.awt.EventQueue::dispatchEventImpl@95 (line 732)
  0x000001402b0ed6f4: e848 2c07 | e952 f0ff 

  0x000001402b0ed6fc: ;   {runtime_call C1 Runtime throw_null_pointer_exception_blob}
  0x000001402b0ed6fc: ffe8 5eed 

  0x000001402b0ed700: ; ImmutableOopMap {rdx=Oop rdi=Oop }
                      ;*aaload {reexecute=0 rethrow=0 return_oop=0}
                      ; - java.awt.EventQueue::noEvents@12 (line 521)
                      ; - java.awt.EventQueue::dispatchEventImpl@95 (line 732)
                      ;   {runtime_call C1 Runtime throw_null_pointer_exception_blob}
  0x000001402b0ed700: 2b07 e859 

  0x000001402b0ed704: ; ImmutableOopMap {rdx=Oop rdi=Oop }
                      ;*aaload {reexecute=0 rethrow=0 return_oop=0}
                      ; - java.awt.EventQueue::noEvents@12 (line 521)
                      ; - java.awt.EventQueue::dispatchEventImpl@95 (line 732)
  0x000001402b0ed704: ed2b 0748 | 8934 2448 | 897c 2408 

  0x000001402b0ed710: ;   {runtime_call C1 Runtime throw_range_check_failed_blob}
  0x000001402b0ed710: e8cb dc2b 

  0x000001402b0ed714: ; ImmutableOopMap {rdx=Oop rdi=Oop }
                      ;*aaload {reexecute=0 rethrow=0 return_oop=0}
                      ; - java.awt.EventQueue::noEvents@12 (line 521)
                      ; - java.awt.EventQueue::dispatchEventImpl@95 (line 732)
                      ;   {runtime_call C1 Runtime throw_null_pointer_exception_blob}
  0x000001402b0ed714: 07e8 46ed 

  0x000001402b0ed718: ; ImmutableOopMap {rdx=Oop }
                      ;*getfield head {reexecute=1 rethrow=0 return_oop=0}
                      ; - (reexecute) java.awt.EventQueue::noEvents@13 (line 521)
                      ; - java.awt.EventQueue::dispatchEventImpl@95 (line 732)
                      ;   {metadata({method} {0x0000014081289208} 'noEvents' '()Z' in 'java/awt/EventQueue')}
  0x000001402b0ed718: 2b07 49ba | 0092 2881 | 4001 0000 | 4c89 5424 | 0848 c704 | 2418 0000 

  0x000001402b0ed730: ;   {runtime_call C1 Runtime counter_overflow_blob}
  0x000001402b0ed730: 00e8 aa48 

  0x000001402b0ed734: ; ImmutableOopMap {rdx=Oop }
                      ;*goto {reexecute=1 rethrow=0 return_oop=0}
                      ; - (reexecute) java.awt.EventQueue::noEvents@24 (line 520)
                      ; - java.awt.EventQueue::dispatchEventImpl@95 (line 732)
  0x000001402b0ed734: 2c07 e98f 

  0x000001402b0ed738: ;   {metadata({method} {0x0000014081287fd8} 'getEventLog' '()Lsun/util/logging/PlatformLogger;' in 'java/awt/EventQueue')}
  0x000001402b0ed738: f0ff ff49 | bad0 7f28 | 8140 0100 | 004c 8954 | 2408 48c7 | 0424 ffff 

  0x000001402b0ed750: ;   {runtime_call C1 Runtime counter_overflow_blob}
  0x000001402b0ed750: ffff e889 

  0x000001402b0ed754: ; ImmutableOopMap {[168]=Oop }
                      ;*synchronization entry
                      ; - java.awt.EventQueue::getEventLog@-1 (line 180)
                      ; - java.awt.EventQueue::dispatchEventImpl@111 (line 736)
  0x000001402b0ed754: 482c 07e9 | 2cf1 ffff | 418b 5078 | 4883 fa00 | 0f84 99f1 | ffff 4889 

  0x000001402b0ed76c: ;   {runtime_call g1_pre_barrier_slow}
  0x000001402b0ed76c: 1424 e86d | 552c 07e9 | 8bf1 ffff | 4883 f800 | 0f84 a2f1 | ffff 4c89 

  0x000001402b0ed784: ;   {runtime_call g1_post_barrier_slow}
  0x000001402b0ed784: 0424 e855 | 582c 07e9 | 94f1 ffff 

  0x000001402b0ed790: ;   {runtime_call C1 Runtime throw_null_pointer_exception_blob}
  0x000001402b0ed790: e8cb ec2b 

  0x000001402b0ed794: ; ImmutableOopMap {r8=Oop [168]=Oop }
                      ;*invokevirtual isLoggable {reexecute=0 rethrow=0 return_oop=0}
                      ; - java.awt.EventQueue::dispatchEventImpl@117 (line 736)
                      ;   {metadata({method} {0x00000140810fe390} 'isLoggable' '(Lsun/util/logging/PlatformLogger$Level;)Z' in 'sun/util/logging/PlatformLogger')}
  0x000001402b0ed794: 0749 ba88 | e30f 8140 | 0100 004c | 8954 2408 | 48c7 0424 | ffff ffff 

  0x000001402b0ed7ac: ;   {runtime_call C1 Runtime counter_overflow_blob}
  0x000001402b0ed7ac: e82f 482c 

  0x000001402b0ed7b0: ; ImmutableOopMap {r8=Oop [168]=Oop }
                      ;*synchronization entry
                      ; - sun.util.logging.PlatformLogger::isLoggable@-1 (line 336)
                      ; - java.awt.EventQueue::dispatchEventImpl@117 (line 736)
  0x000001402b0ed7b0: 07e9 ccf1 

  0x000001402b0ed7b4: ;   {runtime_call C1 Runtime throw_null_pointer_exception_blob}
  0x000001402b0ed7b4: ffff e8a5 

  0x000001402b0ed7b8: ; ImmutableOopMap {rdx=Oop [168]=Oop }
                      ;*invokeinterface isLoggable {reexecute=0 rethrow=0 return_oop=0}
                      ; - sun.util.logging.PlatformLogger::isLoggable@17 (line 340)
                      ; - java.awt.EventQueue::dispatchEventImpl@117 (line 736)
                      ;   {metadata({method} {0x0000014081287fd8} 'getEventLog' '()Lsun/util/logging/PlatformLogger;' in 'java/awt/EventQueue')}
  0x000001402b0ed7b8: ec2b 0749 | bad0 7f28 | 8140 0100 | 004c 8954 | 2408 48c7 | 0424 ffff 

  0x000001402b0ed7d0: ;   {runtime_call C1 Runtime counter_overflow_blob}
  0x000001402b0ed7d0: ffff e809 

  0x000001402b0ed7d4: ; ImmutableOopMap {[168]=Oop }
                      ;*synchronization entry
                      ; - java.awt.EventQueue::getEventLog@-1 (line 180)
                      ; - java.awt.EventQueue::dispatchEventImpl@123 (line 737)
  0x000001402b0ed7d4: 482c 07e9 | def2 ffff | 8b72 7848 | 83fe 000f | 844a f3ff | ff48 8934 

  0x000001402b0ed7ec: ;   {runtime_call g1_pre_barrier_slow}
  0x000001402b0ed7ec: 24e8 ee54 | 2c07 e93c | f3ff ff48 | 83f8 000f | 8453 f3ff | ff48 8914 

  0x000001402b0ed804: ;   {runtime_call g1_post_barrier_slow}
  0x000001402b0ed804: 24e8 d657 | 2c07 e945 

  0x000001402b0ed80c: ;   {metadata({method} {0x000001404047f488} 'valueOf' '(Ljava/lang/Object;)Ljava/lang/String;' in 'java/lang/String')}
  0x000001402b0ed80c: f3ff ff49 | ba80 f447 | 4040 0100 | 004c 8954 | 2408 48c7 | 0424 ffff 

  0x000001402b0ed824: ;   {runtime_call C1 Runtime counter_overflow_blob}
  0x000001402b0ed824: ffff e8b5 

  0x000001402b0ed828: ; ImmutableOopMap {rsi=Oop r8=Oop [168]=Oop [184]=Oop }
                      ;*synchronization entry
                      ; - java.lang.String::valueOf@-1 (line 4543)
                      ; - java.awt.EventQueue::dispatchEventImpl@127 (line 737)
  0x000001402b0ed828: 472c 07e9 | 7af3 ffff | 49b8 0000 | 0000 0000 | 0000 b800 

  0x000001402b0ed83c: ;   {runtime_call C1 Runtime load_appendix_patching_blob}
  0x000001402b0ed83c: 0f05 0ae8 

  0x000001402b0ed840: ; ImmutableOopMap {rdi=Oop [184]=Oop }
                      ;*invokedynamic {reexecute=1 rethrow=0 return_oop=0}
                      ; - (reexecute) java.awt.EventQueue::dispatchEventImpl@130 (line 737)
  0x000001402b0ed840: 9c35 2c07 | e957 f4ff 

  0x000001402b0ed848: ;   {runtime_call C1 Runtime throw_null_pointer_exception_blob}
  0x000001402b0ed848: ffe8 12ec 

  0x000001402b0ed84c: ; ImmutableOopMap {rax=Oop rsi=Oop [184]=Oop }
                      ;*invokevirtual fine {reexecute=0 rethrow=0 return_oop=0}
                      ; - java.awt.EventQueue::dispatchEventImpl@135 (line 737)
                      ;   {metadata({method} {0x00000140810fefe8} 'fine' '(Ljava/lang/String;)V' in 'sun/util/logging/PlatformLogger')}
  0x000001402b0ed84c: 2b07 49ba | e0ef 0f81 | 4001 0000 | 4c89 5424 | 0848 c704 | 24ff ffff 

  0x000001402b0ed864: ;   {runtime_call C1 Runtime counter_overflow_blob}
  0x000001402b0ed864: ffe8 7647 

  0x000001402b0ed868: ; ImmutableOopMap {rax=Oop rsi=Oop [184]=Oop }
                      ;*synchronization entry
                      ; - sun.util.logging.PlatformLogger::fine@-1 (line 449)
                      ; - java.awt.EventQueue::dispatchEventImpl@135 (line 737)
  0x000001402b0ed868: 2c07 e9cb 

  0x000001402b0ed86c: ;   {runtime_call C1 Runtime throw_null_pointer_exception_blob}
  0x000001402b0ed86c: f4ff ffe8 

  0x000001402b0ed870: ; ImmutableOopMap {rax=Oop rdx=Oop }
                      ;*invokeinterface log {reexecute=0 rethrow=0 return_oop=0}
                      ; - sun.util.logging.PlatformLogger::fine@12 (line 449)
                      ; - java.awt.EventQueue::dispatchEventImpl@135 (line 737)
  0x000001402b0ed870: eceb 2b07 

  0x000001402b0ed874: ;   {internal_word}
  0x000001402b0ed874: 49ba 0cce | 0e2b 4001 | 0000 4d89 | 9760 0400 

  0x000001402b0ed884: ;   {runtime_call SafepointBlob}
  0x000001402b0ed884: 00e9 5684 

  0x000001402b0ed888: ;   {runtime_call C1 Runtime throw_null_pointer_exception_blob}
  0x000001402b0ed888: 2007 e8d1 

  0x000001402b0ed88c: ; ImmutableOopMap {r8=Oop }
                      ;*invokevirtual stopDispatching {reexecute=0 rethrow=0 return_oop=0}
                      ; - java.awt.EventQueue::dispatchEventImpl@105 (line 733)
                      ;   {metadata({method} {0x00000140814c8350} 'stopDispatching' '()V' in 'java/awt/EventDispatchThread')}
  0x000001402b0ed88c: eb2b 0749 | ba48 834c | 8140 0100 | 004c 8954 | 2408 48c7 | 0424 ffff 

  0x000001402b0ed8a4: ;   {runtime_call C1 Runtime counter_overflow_blob}
  0x000001402b0ed8a4: ffff e835 

  0x000001402b0ed8a8: ; ImmutableOopMap {r8=Oop }
                      ;*synchronization entry
                      ; - java.awt.EventDispatchThread::stopDispatching@-1 (line 85)
                      ; - java.awt.EventQueue::dispatchEventImpl@105 (line 733)
  0x000001402b0ed8a8: 472c 07e9 | bbf5 ffff 

  0x000001402b0ed8b0: ;   {internal_word}
  0x000001402b0ed8b0: 49ba 93ce | 0e2b 4001 | 0000 4d89 | 9760 0400 

  0x000001402b0ed8c0: ;   {runtime_call SafepointBlob}
  0x000001402b0ed8c0: 00e9 1a84 

  0x000001402b0ed8c4: ;   {metadata(nullptr)}
  0x000001402b0ed8c4: 2007 48bb | 0000 0000 | 0000 0000 | b800 0f05 

  0x000001402b0ed8d4: ;   {runtime_call C1 Runtime load_klass_patching_blob}
  0x000001402b0ed8d4: 0ae8 062c 

  0x000001402b0ed8d8: ; ImmutableOopMap {r9=Oop r8=Oop [168]=Oop }
                      ;*checkcast {reexecute=1 rethrow=0 return_oop=0}
                      ; - (reexecute) java.awt.EventQueue::dispatchEventImpl@77 (line 730)
  0x000001402b0ed8d8: 2c07 e969 | f6ff ff4c 

  0x000001402b0ed8e0: ;   {runtime_call C1 Runtime throw_class_cast_exception_blob}
  0x000001402b0ed8e0: 890c 24e8 

  0x000001402b0ed8e4: ; ImmutableOopMap {r9=Oop r8=Oop [168]=Oop }
                      ;*checkcast {reexecute=0 rethrow=0 return_oop=0}
                      ; - java.awt.EventQueue::dispatchEventImpl@77 (line 730)
  0x000001402b0ed8e4: 780f 2c07 

  0x000001402b0ed8e8: ;   {internal_word}
  0x000001402b0ed8e8: 49ba cdcf | 0e2b 4001 | 0000 4d89 | 9760 0400 

  0x000001402b0ed8f8: ;   {runtime_call SafepointBlob}
  0x000001402b0ed8f8: 00e9 e283 | 2007 4c89 

  0x000001402b0ed900: ;   {runtime_call C1 Runtime throw_class_cast_exception_blob}
  0x000001402b0ed900: 0c24 e859 

  0x000001402b0ed904: ; ImmutableOopMap {r8=Oop [168]=Oop }
                      ;*checkcast {reexecute=0 rethrow=0 return_oop=0}
                      ; - java.awt.EventQueue::dispatchEventImpl@59 (line 728)
                      ;   {runtime_call C1 Runtime throw_null_pointer_exception_blob}
  0x000001402b0ed904: 0f2c 07e8 

  0x000001402b0ed908: ; ImmutableOopMap {r8=Oop rdx=Oop [168]=Oop }
                      ;*invokevirtual dispatchEvent {reexecute=0 rethrow=0 return_oop=0}
                      ; - java.awt.EventQueue::dispatchEventImpl@63 (line 728)
  0x000001402b0ed908: 54eb 2b07 

  0x000001402b0ed90c: ;   {internal_word}
  0x000001402b0ed90c: 49ba 6dd1 | 0e2b 4001 | 0000 4d89 | 9760 0400 

  0x000001402b0ed91c: ;   {runtime_call SafepointBlob}
  0x000001402b0ed91c: 00e9 be83 | 2007 4c89 

  0x000001402b0ed924: ;   {runtime_call C1 Runtime throw_class_cast_exception_blob}
  0x000001402b0ed924: 0424 e835 

  0x000001402b0ed928: ; ImmutableOopMap {}
                      ;*checkcast {reexecute=0 rethrow=0 return_oop=0}
                      ; - java.awt.EventQueue::dispatchEventImpl@18 (line 723)
                      ;   {runtime_call C1 Runtime throw_null_pointer_exception_blob}
  0x000001402b0ed928: 0f2c 07e8 

  0x000001402b0ed92c: ; ImmutableOopMap {rdx=Oop }
                      ;*invokeinterface dispatch {reexecute=0 rethrow=0 return_oop=0}
                      ; - java.awt.EventQueue::dispatchEventImpl@21 (line 723)
  0x000001402b0ed92c: 30eb 2b07 

  0x000001402b0ed930: ;   {internal_word}
  0x000001402b0ed930: 49ba 5cd3 | 0e2b 4001 | 0000 4d89 | 9760 0400 

  0x000001402b0ed940: ;   {runtime_call SafepointBlob}
  0x000001402b0ed940: 00e9 9a83 

  0x000001402b0ed944: ;   {metadata(nullptr)}
  0x000001402b0ed944: 2007 48ba | 0000 0000 | 0000 0000 | b800 0f05 

  0x000001402b0ed954: ;   {runtime_call C1 Runtime load_klass_patching_blob}
  0x000001402b0ed954: 0ae8 862b 

  0x000001402b0ed958: ; ImmutableOopMap {[168]=Oop }
                      ;*new {reexecute=1 rethrow=0 return_oop=0}
                      ; - (reexecute) java.lang.invoke.MethodHandles::lookup@8 (line 128)
                      ; - sun.awt.AWTAccessor::ensureClassInitialized@0 (line 1464)
                      ; - sun.awt.AWTAccessor::getInputEventAccessor@10 (line 963)
                      ; - java.awt.AWTEvent::dispatched@7 (line 571)
                      ; - java.awt.EventQueue::dispatchEventImpl@45 (line 726)
  0x000001402b0ed958: 2c07 e909 

  0x000001402b0ed95c: ;   {runtime_call C1 Runtime throw_null_pointer_exception_blob}
  0x000001402b0ed95c: faff ffe8 

  0x000001402b0ed960: ; ImmutableOopMap {[168]=Oop }
                      ;*new {reexecute=0 rethrow=0 return_oop=0}
                      ; - java.lang.invoke.MethodHandles::lookup@8 (line 128)
                      ; - sun.awt.AWTAccessor::ensureClassInitialized@0 (line 1464)
                      ; - sun.awt.AWTAccessor::getInputEventAccessor@10 (line 963)
                      ; - java.awt.AWTEvent::dispatched@7 (line 571)
                      ; - java.awt.EventQueue::dispatchEventImpl@45 (line 726)
  0x000001402b0ed960: fcea 2b07 

  0x000001402b0ed964: ;   {runtime_call C1 Runtime fast_new_instance_init_check_blob}
  0x000001402b0ed964: 488b d2e8 

  0x000001402b0ed968: ; ImmutableOopMap {[168]=Oop }
                      ;*new {reexecute=0 rethrow=0 return_oop=0}
                      ; - java.lang.invoke.MethodHandles::lookup@8 (line 128)
                      ; - sun.awt.AWTAccessor::ensureClassInitialized@0 (line 1464)
                      ; - sun.awt.AWTAccessor::getInputEventAccessor@10 (line 963)
                      ; - java.awt.AWTEvent::dispatched@7 (line 571)
                      ; - java.awt.EventQueue::dispatchEventImpl@45 (line 726)
  0x000001402b0ed968: f4f6 2b07 | e95c faff | ff4c 8904 

  0x000001402b0ed974: ;   {runtime_call C1 Runtime throw_class_cast_exception_blob}
  0x000001402b0ed974: 24e8 e60e 

  0x000001402b0ed978: ; ImmutableOopMap {rsi=Oop }
                      ;*checkcast {reexecute=0 rethrow=0 return_oop=0}
                      ; - java.awt.AWTEvent::dispatched@11 (line 571)
                      ; - java.awt.EventQueue::dispatchEventImpl@45 (line 726)
                      ;   {runtime_call C1 Runtime throw_incompatible_class_change_error_blob}
  0x000001402b0ed978: 2c07 e8e1 

  0x000001402b0ed97c: ; ImmutableOopMap {rsi=Oop rdi=Oop }
                      ;*invokeinterface setCanAccessSystemClipboard {reexecute=0 rethrow=0 return_oop=0}
                      ; - java.awt.AWTEvent::dispatched@15 (line 572)
                      ; - java.awt.EventQueue::dispatchEventImpl@45 (line 726)
                      ;   {runtime_call C1 Runtime throw_null_pointer_exception_blob}
  0x000001402b0ed97c: 112c 07e8 

  0x000001402b0ed980: ; ImmutableOopMap {rsi=Oop rdi=Oop }
                      ;*invokeinterface setCanAccessSystemClipboard {reexecute=0 rethrow=0 return_oop=0}
                      ; - java.awt.AWTEvent::dispatched@15 (line 572)
                      ; - java.awt.EventQueue::dispatchEventImpl@45 (line 726)
  0x000001402b0ed980: dcea 2b07 

  0x000001402b0ed984: ;   {metadata({method} {0x0000014081134510} 'setCanAccessSystemClipboard' '(Ljava/awt/event/InputEvent;Z)V' in 'java/awt/event/InputEvent$1')}
  0x000001402b0ed984: 49ba 0845 | 1381 4001 | 0000 4c89 | 5424 0848 | c704 24ff 

  0x000001402b0ed998: ;   {runtime_call C1 Runtime counter_overflow_blob}
  0x000001402b0ed998: ffff ffe8 

  0x000001402b0ed99c: ; ImmutableOopMap {rdi=Oop }
                      ;*synchronization entry
                      ; - java.awt.event.InputEvent$1::setCanAccessSystemClipboard@-1 (line 338)
                      ; - java.awt.AWTEvent::dispatched@15 (line 572)
                      ; - java.awt.EventQueue::dispatchEventImpl@45 (line 726)
  0x000001402b0ed99c: 4046 2c07 | e9f0 fbff 

  0x000001402b0ed9a4: ;   {runtime_call C1 Runtime throw_null_pointer_exception_blob}
  0x000001402b0ed9a4: ffe8 b6ea 

  0x000001402b0ed9a8: ; ImmutableOopMap {}
                      ;*putfield canAccessSystemClipboard {reexecute=1 rethrow=0 return_oop=0}
                      ; - (reexecute) java.awt.event.InputEvent$1::setCanAccessSystemClipboard@2 (line 338)
                      ; - java.awt.AWTEvent::dispatched@15 (line 572)
                      ; - java.awt.EventQueue::dispatchEventImpl@45 (line 726)
                      ;   {internal_word}
  0x000001402b0ed9a8: 2b07 49ba | b1d5 0e2b | 4001 0000 | 4d89 9760 

  0x000001402b0ed9b8: ;   {runtime_call SafepointBlob}
  0x000001402b0ed9b8: 0400 00e9 | 2083 2007 | 498b 8708 | 0500 0049 | c787 0805 | 0000 0000 | 0000 49c7 | 8710 0500 
  0x000001402b0ed9d8: 0000 0000 | 0048 81c4 | d000 0000 

  0x000001402b0ed9e4: ;   {runtime_call C1 Runtime unwind_exception_blob}
  0x000001402b0ed9e4: 5de9 f6d3 | 2b07 f4f4 | f4f4 f4f4 
[Stub Code]
  0x000001402b0ed9f0: ;   {no_reloc}
  0x000001402b0ed9f0: 0f1f 4400 

  0x000001402b0ed9f4: ;   {static_stub}
  0x000001402b0ed9f4: 0048 bb00 | 0000 0000 

  0x000001402b0ed9fc: ;   {runtime_call nmethod}
  0x000001402b0ed9fc: 0000 00e9 | fbff ffff 

  0x000001402b0eda04: ;   {static_stub}
  0x000001402b0eda04: 9048 bb00 | 0000 0000 

  0x000001402b0eda0c: ;   {runtime_call nmethod}
  0x000001402b0eda0c: 0000 00e9 | fbff ffff 

  0x000001402b0eda14: ;   {static_stub}
  0x000001402b0eda14: 9048 bb00 | 0000 0000 

  0x000001402b0eda1c: ;   {runtime_call nmethod}
  0x000001402b0eda1c: 0000 00e9 | fbff ffff 

  0x000001402b0eda24: ;   {static_stub}
  0x000001402b0eda24: 9048 bb00 | 0000 0000 

  0x000001402b0eda2c: ;   {runtime_call nmethod}
  0x000001402b0eda2c: 0000 00e9 | fbff ffff 

  0x000001402b0eda34: ;   {static_stub}
  0x000001402b0eda34: 9048 bb00 | 0000 0000 

  0x000001402b0eda3c: ;   {runtime_call nmethod}
  0x000001402b0eda3c: 0000 00e9 | fbff ffff 

  0x000001402b0eda44: ;   {static_stub}
  0x000001402b0eda44: 9048 bb00 | 0000 0000 

  0x000001402b0eda4c: ;   {runtime_call nmethod}
  0x000001402b0eda4c: 0000 00e9 | fbff ffff 

  0x000001402b0eda54: ;   {static_stub}
  0x000001402b0eda54: 9048 bb00 | 0000 0000 

  0x000001402b0eda5c: ;   {runtime_call nmethod}
  0x000001402b0eda5c: 0000 00e9 | fbff ffff 

  0x000001402b0eda64: ;   {static_stub}
  0x000001402b0eda64: 9048 bb00 | 0000 0000 

  0x000001402b0eda6c: ;   {runtime_call nmethod}
  0x000001402b0eda6c: 0000 00e9 | fbff ffff 

  0x000001402b0eda74: ;   {static_stub}
  0x000001402b0eda74: 9048 bb00 | 0000 0000 

  0x000001402b0eda7c: ;   {runtime_call nmethod}
  0x000001402b0eda7c: 0000 00e9 | fbff ffff 

  0x000001402b0eda84: ;   {static_stub}
  0x000001402b0eda84: 48bb 0000 | 0000 0000 

  0x000001402b0eda8c: ;   {runtime_call nmethod}
  0x000001402b0eda8c: 0000 e9fb 

  0x000001402b0eda90: ;   {static_stub}
  0x000001402b0eda90: ffff ff48 | bb00 0000 | 0000 0000 

  0x000001402b0eda9c: ;   {runtime_call nmethod}
  0x000001402b0eda9c: 00e9 fbff 

  0x000001402b0edaa0: ;   {static_stub}
  0x000001402b0edaa0: ffff 48bb | 0000 0000 | 0000 0000 

  0x000001402b0edaac: ;   {runtime_call nmethod}
  0x000001402b0edaac: e9fb ffff 

  0x000001402b0edab0: ;   {static_stub}
  0x000001402b0edab0: ff48 bb00 | 0000 0000 

  0x000001402b0edab8: ;   {runtime_call nmethod}
  0x000001402b0edab8: 0000 00e9 | fbff ffff 

  0x000001402b0edac0: ;   {static_stub}
  0x000001402b0edac0: 48bb 0000 | 0000 0000 

  0x000001402b0edac8: ;   {runtime_call nmethod}
  0x000001402b0edac8: 0000 e9fb 

  0x000001402b0edacc: ;   {runtime_call C1 Runtime handle_exception_from_callee_blob}
  0x000001402b0edacc: ffff ffe8 | 8c07 2c07 

  0x000001402b0edad4: ;   {external_word}
  0x000001402b0edad4: 48b9 08ec | 5575 ff7f | 0000 4883 

  0x000001402b0edae0: ;   {runtime_call}
  0x000001402b0edae0: e4f0 48b8 | 30a8 1c75 | ff7f 0000 

  0x000001402b0edaec: ;   {section_word}
  0x000001402b0edaec: ffd0 f449 | baef da0e | 2b40 0100 

  0x000001402b0edaf8: ;   {runtime_call DeoptimizationBlob}
  0x000001402b0edaf8: 0041 52e9 | 8077 2007 
[/MachCode]


---------------  P R O C E S S  ---------------

Threads class SMR info:
_java_thread_list=0x000001408a8e0440, length=18, elements={
0x000001403f430570, 0x000001403f432cc0, 0x000001403f434130, 0x000001403f434c60,
0x000001403f43d8d0, 0x000001403f45e540, 0x000001403f462990, 0x000001403f475530,
0x000001403f56f420, 0x000001403f5e8ef0, 0x0000014085446750, 0x000001403f8890d0,
0x000001403f889810, 0x000001403f88bf60, 0x00000140201cdfd0, 0x000001408a390230,
0x000001408a9a9630, 0x000001408a363f80
}

Java Threads: ( => current thread )
  0x000001403f430570 JavaThread "Reference Handler"          daemon [_thread_blocked, id=1676, stack(0x000000368dd00000,0x000000368de00000) (1024K)]
  0x000001403f432cc0 JavaThread "Finalizer"                  daemon [_thread_blocked, id=8532, stack(0x000000368de00000,0x000000368df00000) (1024K)]
  0x000001403f434130 JavaThread "Signal Dispatcher"          daemon [_thread_blocked, id=4604, stack(0x000000368df00000,0x000000368e000000) (1024K)]
  0x000001403f434c60 JavaThread "Attach Listener"            daemon [_thread_blocked, id=11196, stack(0x000000368e000000,0x000000368e100000) (1024K)]
  0x000001403f43d8d0 JavaThread "Service Thread"             daemon [_thread_blocked, id=6448, stack(0x000000368e100000,0x000000368e200000) (1024K)]
  0x000001403f45e540 JavaThread "Monitor Deflation Thread"   daemon [_thread_blocked, id=12324, stack(0x000000368e200000,0x000000368e300000) (1024K)]
  0x000001403f462990 JavaThread "C2 CompilerThread0"         daemon [_thread_blocked, id=4472, stack(0x000000368e300000,0x000000368e400000) (1024K)]
  0x000001403f475530 JavaThread "C1 CompilerThread0"         daemon [_thread_blocked, id=7220, stack(0x000000368e400000,0x000000368e500000) (1024K)]
  0x000001403f56f420 JavaThread "Common-Cleaner"             daemon [_thread_blocked, id=1696, stack(0x000000368e500000,0x000000368e600000) (1024K)]
  0x000001403f5e8ef0 JavaThread "Notification Thread"        daemon [_thread_blocked, id=14796, stack(0x000000368e600000,0x000000368e700000) (1024K)]
  0x0000014085446750 JavaThread "Java2D Disposer"            daemon [_thread_blocked, id=13776, stack(0x000000368e800000,0x000000368e900000) (1024K)]
  0x000001403f8890d0 JavaThread "AWT-Shutdown"                      [_thread_blocked, id=12380, stack(0x000000368e900000,0x000000368ea00000) (1024K)]
  0x000001403f889810 JavaThread "AWT-Windows"                daemon [_thread_in_native, id=15212, stack(0x000000368ea00000,0x000000368eb00000) (1024K)]
=>0x000001403f88bf60 JavaThread "AWT-EventQueue-0"                  [_thread_in_native, id=400, stack(0x000000368e700000,0x000000368e800000) (1024K)]
  0x00000140201cdfd0 JavaThread "DestroyJavaVM"                     [_thread_blocked, id=4840, stack(0x000000368d500000,0x000000368d600000) (1024K)]
  0x000001408a390230 JavaThread "TimerQueue"                 daemon [_thread_blocked, id=5324, stack(0x000000368f800000,0x000000368f900000) (1024K)]
  0x000001408a9a9630 JavaThread "D3D Screen Updater"         daemon [_thread_blocked, id=7460, stack(0x000000368f900000,0x000000368fa00000) (1024K)]
  0x000001408a363f80 JavaThread "mysql-cj-abandoned-connection-cleanup" daemon [_thread_blocked, id=11916, stack(0x000000368fa00000,0x000000368fb00000) (1024K)]
Total: 18

Other Threads:
  0x000001403f41fe60 VMThread "VM Thread"                           [id=8368, stack(0x000000368dc00000,0x000000368dd00000) (1024K)]
  0x000001403f410b10 WatcherThread "VM Periodic Task Thread"        [id=5916, stack(0x000000368db00000,0x000000368dc00000) (1024K)]
  0x000001402251c2f0 WorkerThread "GC Thread#0"                     [id=14056, stack(0x000000368d600000,0x000000368d700000) (1024K)]
  0x0000014022530a70 ConcurrentGCThread "G1 Main Marker"            [id=14788, stack(0x000000368d700000,0x000000368d800000) (1024K)]
  0x0000014022531580 WorkerThread "G1 Conc#0"                       [id=10576, stack(0x000000368d800000,0x000000368d900000) (1024K)]
  0x000001402258e800 ConcurrentGCThread "G1 Refine#0"               [id=13528, stack(0x000000368d900000,0x000000368da00000) (1024K)]
  0x000001403f2e4970 ConcurrentGCThread "G1 Service"                [id=13720, stack(0x000000368da00000,0x000000368db00000) (1024K)]
Total: 7

Threads with active compile tasks:
Total: 0

VM state: not at safepoint (normal execution)

VM Mutex/Monitor currently owned by a thread: None

Heap address: 0x0000000089800000, size: 1896 MB, Compressed Oops mode: 32-bit

CDS archive(s) mapped at: [0x0000014040000000-0x0000014040d40000-0x0000014040d40000), size 13893632, SharedBaseAddress: 0x0000014040000000, ArchiveRelocationMode: 1.
Compressed class space mapped at: 0x0000014041000000-0x0000014081000000, reserved size: 1073741824
UseCompressedClassPointers 1, UseCompactObjectHeaders 0
Narrow klass pointer bits 32, Max shift 3
Narrow klass base: 0x0000014040000000, Narrow klass shift: 0
Encoding Range: [0x0000014040000000 - 0x0000014140000000), (4294967296 bytes)
Klass Range:    [0x0000014040000000 - 0x0000014081000000), (1090519040 bytes)
Klass ID Range:  [8 - 1090519033) (1090519025)

GC Precious Log:
 CardTable entry size: 512
 Card Set container configuration: InlinePtr #cards 5 size 8 Array Of Cards #cards 10 size 36 Howl #buckets 4 coarsen threshold 1843 Howl Bitmap #cards 512 size 80 coarsen threshold 460 Card regions per heap region 1 cards per card region 2048
 CPUs: 12 total, 12 available
 Memory: 7580M
 Large Page Support: Disabled
 NUMA Support: Disabled
 Compressed Oops: Enabled (32-bit)
 Heap Region Size: 1M
 Heap Min Capacity: 8M
 Heap Initial Capacity: 120M
 Heap Max Capacity: 1896M
 Pre-touch: Disabled
 Parallel Workers: 10
 Concurrent Workers: 3
 Concurrent Refinement Workers: 10
 Periodic GC: Disabled

Heap:
 garbage-first heap   total reserved 1941504K, committed 124928K, used 50292K [0x0000000089800000, 0x0000000100000000)
  region size 1024K, 46 young (47104K), 0 survivors (0K)
 Metaspace       used 17700K, committed 17920K, reserved 1114112K
  class space    used 1629K, committed 1728K, reserved 1048576K

Heap Regions: E=young(eden), S=young(survivor), O=old, HS=humongous(starts), HC=humongous(continues), CS=collection set, F=free, TAMS=top-at-mark-start, PB=parsable bottom
|   0|0x0000000089800000, 0x0000000089900000, 0x0000000089900000|100%|HS|  |TAMS 0x0000000089800000| PB 0x0000000089800000| Complete |  0
|   1|0x0000000089900000, 0x0000000089a00000, 0x0000000089a00000|100%|HC|  |TAMS 0x0000000089900000| PB 0x0000000089900000| Complete |  0
|   2|0x0000000089a00000, 0x0000000089b00000, 0x0000000089b00000|100%|HC|  |TAMS 0x0000000089a00000| PB 0x0000000089a00000| Complete |  0
|   3|0x0000000089b00000, 0x0000000089b00000, 0x0000000089c00000|  0%| F|  |TAMS 0x0000000089b00000| PB 0x0000000089b00000| Untracked |  0
|   4|0x0000000089c00000, 0x0000000089c00000, 0x0000000089d00000|  0%| F|  |TAMS 0x0000000089c00000| PB 0x0000000089c00000| Untracked |  0
|   5|0x0000000089d00000, 0x0000000089d00000, 0x0000000089e00000|  0%| F|  |TAMS 0x0000000089d00000| PB 0x0000000089d00000| Untracked |  0
|   6|0x0000000089e00000, 0x0000000089e00000, 0x0000000089f00000|  0%| F|  |TAMS 0x0000000089e00000| PB 0x0000000089e00000| Untracked |  0
|   7|0x0000000089f00000, 0x0000000089f00000, 0x000000008a000000|  0%| F|  |TAMS 0x0000000089f00000| PB 0x0000000089f00000| Untracked |  0
|   8|0x000000008a000000, 0x000000008a000000, 0x000000008a100000|  0%| F|  |TAMS 0x000000008a000000| PB 0x000000008a000000| Untracked |  0
|   9|0x000000008a100000, 0x000000008a100000, 0x000000008a200000|  0%| F|  |TAMS 0x000000008a100000| PB 0x000000008a100000| Untracked |  0
|  10|0x000000008a200000, 0x000000008a200000, 0x000000008a300000|  0%| F|  |TAMS 0x000000008a200000| PB 0x000000008a200000| Untracked |  0
|  11|0x000000008a300000, 0x000000008a300000, 0x000000008a400000|  0%| F|  |TAMS 0x000000008a300000| PB 0x000000008a300000| Untracked |  0
|  12|0x000000008a400000, 0x000000008a400000, 0x000000008a500000|  0%| F|  |TAMS 0x000000008a400000| PB 0x000000008a400000| Untracked |  0
|  13|0x000000008a500000, 0x000000008a500000, 0x000000008a600000|  0%| F|  |TAMS 0x000000008a500000| PB 0x000000008a500000| Untracked |  0
|  14|0x000000008a600000, 0x000000008a600000, 0x000000008a700000|  0%| F|  |TAMS 0x000000008a600000| PB 0x000000008a600000| Untracked |  0
|  15|0x000000008a700000, 0x000000008a700000, 0x000000008a800000|  0%| F|  |TAMS 0x000000008a700000| PB 0x000000008a700000| Untracked |  0
|  16|0x000000008a800000, 0x000000008a800000, 0x000000008a900000|  0%| F|  |TAMS 0x000000008a800000| PB 0x000000008a800000| Untracked |  0
|  17|0x000000008a900000, 0x000000008a900000, 0x000000008aa00000|  0%| F|  |TAMS 0x000000008a900000| PB 0x000000008a900000| Untracked |  0
|  18|0x000000008aa00000, 0x000000008aa00000, 0x000000008ab00000|  0%| F|  |TAMS 0x000000008aa00000| PB 0x000000008aa00000| Untracked |  0
|  19|0x000000008ab00000, 0x000000008ab00000, 0x000000008ac00000|  0%| F|  |TAMS 0x000000008ab00000| PB 0x000000008ab00000| Untracked |  0
|  20|0x000000008ac00000, 0x000000008ac00000, 0x000000008ad00000|  0%| F|  |TAMS 0x000000008ac00000| PB 0x000000008ac00000| Untracked |  0
|  21|0x000000008ad00000, 0x000000008ad00000, 0x000000008ae00000|  0%| F|  |TAMS 0x000000008ad00000| PB 0x000000008ad00000| Untracked |  0
|  22|0x000000008ae00000, 0x000000008ae00000, 0x000000008af00000|  0%| F|  |TAMS 0x000000008ae00000| PB 0x000000008ae00000| Untracked |  0
|  23|0x000000008af00000, 0x000000008af00000, 0x000000008b000000|  0%| F|  |TAMS 0x000000008af00000| PB 0x000000008af00000| Untracked |  0
|  24|0x000000008b000000, 0x000000008b000000, 0x000000008b100000|  0%| F|  |TAMS 0x000000008b000000| PB 0x000000008b000000| Untracked |  0
|  25|0x000000008b100000, 0x000000008b100000, 0x000000008b200000|  0%| F|  |TAMS 0x000000008b100000| PB 0x000000008b100000| Untracked |  0
|  26|0x000000008b200000, 0x000000008b200000, 0x000000008b300000|  0%| F|  |TAMS 0x000000008b200000| PB 0x000000008b200000| Untracked |  0
|  27|0x000000008b300000, 0x000000008b300000, 0x000000008b400000|  0%| F|  |TAMS 0x000000008b300000| PB 0x000000008b300000| Untracked |  0
|  28|0x000000008b400000, 0x000000008b400000, 0x000000008b500000|  0%| F|  |TAMS 0x000000008b400000| PB 0x000000008b400000| Untracked |  0
|  29|0x000000008b500000, 0x000000008b500000, 0x000000008b600000|  0%| F|  |TAMS 0x000000008b500000| PB 0x000000008b500000| Untracked |  0
|  30|0x000000008b600000, 0x000000008b600000, 0x000000008b700000|  0%| F|  |TAMS 0x000000008b600000| PB 0x000000008b600000| Untracked |  0
|  31|0x000000008b700000, 0x000000008b700000, 0x000000008b800000|  0%| F|  |TAMS 0x000000008b700000| PB 0x000000008b700000| Untracked |  0
|  32|0x000000008b800000, 0x000000008b800000, 0x000000008b900000|  0%| F|  |TAMS 0x000000008b800000| PB 0x000000008b800000| Untracked |  0
|  33|0x000000008b900000, 0x000000008b900000, 0x000000008ba00000|  0%| F|  |TAMS 0x000000008b900000| PB 0x000000008b900000| Untracked |  0
|  34|0x000000008ba00000, 0x000000008ba00000, 0x000000008bb00000|  0%| F|  |TAMS 0x000000008ba00000| PB 0x000000008ba00000| Untracked |  0
|  35|0x000000008bb00000, 0x000000008bb00000, 0x000000008bc00000|  0%| F|  |TAMS 0x000000008bb00000| PB 0x000000008bb00000| Untracked |  0
|  36|0x000000008bc00000, 0x000000008bc00000, 0x000000008bd00000|  0%| F|  |TAMS 0x000000008bc00000| PB 0x000000008bc00000| Untracked |  0
|  37|0x000000008bd00000, 0x000000008bd00000, 0x000000008be00000|  0%| F|  |TAMS 0x000000008bd00000| PB 0x000000008bd00000| Untracked |  0
|  38|0x000000008be00000, 0x000000008be00000, 0x000000008bf00000|  0%| F|  |TAMS 0x000000008be00000| PB 0x000000008be00000| Untracked |  0
|  39|0x000000008bf00000, 0x000000008bf00000, 0x000000008c000000|  0%| F|  |TAMS 0x000000008bf00000| PB 0x000000008bf00000| Untracked |  0
|  40|0x000000008c000000, 0x000000008c000000, 0x000000008c100000|  0%| F|  |TAMS 0x000000008c000000| PB 0x000000008c000000| Untracked |  0
|  41|0x000000008c100000, 0x000000008c100000, 0x000000008c200000|  0%| F|  |TAMS 0x000000008c100000| PB 0x000000008c100000| Untracked |  0
|  42|0x000000008c200000, 0x000000008c200000, 0x000000008c300000|  0%| F|  |TAMS 0x000000008c200000| PB 0x000000008c200000| Untracked |  0
|  43|0x000000008c300000, 0x000000008c300000, 0x000000008c400000|  0%| F|  |TAMS 0x000000008c300000| PB 0x000000008c300000| Untracked |  0
|  44|0x000000008c400000, 0x000000008c400000, 0x000000008c500000|  0%| F|  |TAMS 0x000000008c400000| PB 0x000000008c400000| Untracked |  0
|  45|0x000000008c500000, 0x000000008c500000, 0x000000008c600000|  0%| F|  |TAMS 0x000000008c500000| PB 0x000000008c500000| Untracked |  0
|  46|0x000000008c600000, 0x000000008c600000, 0x000000008c700000|  0%| F|  |TAMS 0x000000008c600000| PB 0x000000008c600000| Untracked |  0
|  47|0x000000008c700000, 0x000000008c700000, 0x000000008c800000|  0%| F|  |TAMS 0x000000008c700000| PB 0x000000008c700000| Untracked |  0
|  48|0x000000008c800000, 0x000000008c800000, 0x000000008c900000|  0%| F|  |TAMS 0x000000008c800000| PB 0x000000008c800000| Untracked |  0
|  49|0x000000008c900000, 0x000000008c900000, 0x000000008ca00000|  0%| F|  |TAMS 0x000000008c900000| PB 0x000000008c900000| Untracked |  0
|  50|0x000000008ca00000, 0x000000008ca00000, 0x000000008cb00000|  0%| F|  |TAMS 0x000000008ca00000| PB 0x000000008ca00000| Untracked |  0
|  51|0x000000008cb00000, 0x000000008cb00000, 0x000000008cc00000|  0%| F|  |TAMS 0x000000008cb00000| PB 0x000000008cb00000| Untracked |  0
|  52|0x000000008cc00000, 0x000000008cc00000, 0x000000008cd00000|  0%| F|  |TAMS 0x000000008cc00000| PB 0x000000008cc00000| Untracked |  0
|  53|0x000000008cd00000, 0x000000008cd00000, 0x000000008ce00000|  0%| F|  |TAMS 0x000000008cd00000| PB 0x000000008cd00000| Untracked |  0
|  54|0x000000008ce00000, 0x000000008ce00000, 0x000000008cf00000|  0%| F|  |TAMS 0x000000008ce00000| PB 0x000000008ce00000| Untracked |  0
|  55|0x000000008cf00000, 0x000000008cf00000, 0x000000008d000000|  0%| F|  |TAMS 0x000000008cf00000| PB 0x000000008cf00000| Untracked |  0
|  56|0x000000008d000000, 0x000000008d000000, 0x000000008d100000|  0%| F|  |TAMS 0x000000008d000000| PB 0x000000008d000000| Untracked |  0
|  57|0x000000008d100000, 0x000000008d100000, 0x000000008d200000|  0%| F|  |TAMS 0x000000008d100000| PB 0x000000008d100000| Untracked |  0
|  58|0x000000008d200000, 0x000000008d200000, 0x000000008d300000|  0%| F|  |TAMS 0x000000008d200000| PB 0x000000008d200000| Untracked |  0
|  59|0x000000008d300000, 0x000000008d300000, 0x000000008d400000|  0%| F|  |TAMS 0x000000008d300000| PB 0x000000008d300000| Untracked |  0
|  60|0x000000008d400000, 0x000000008d400000, 0x000000008d500000|  0%| F|  |TAMS 0x000000008d400000| PB 0x000000008d400000| Untracked |  0
|  61|0x000000008d500000, 0x000000008d500000, 0x000000008d600000|  0%| F|  |TAMS 0x000000008d500000| PB 0x000000008d500000| Untracked |  0
|  62|0x000000008d600000, 0x000000008d600000, 0x000000008d700000|  0%| F|  |TAMS 0x000000008d600000| PB 0x000000008d600000| Untracked |  0
|  63|0x000000008d700000, 0x000000008d700000, 0x000000008d800000|  0%| F|  |TAMS 0x000000008d700000| PB 0x000000008d700000| Untracked |  0
|  64|0x000000008d800000, 0x000000008d800000, 0x000000008d900000|  0%| F|  |TAMS 0x000000008d800000| PB 0x000000008d800000| Untracked |  0
|  65|0x000000008d900000, 0x000000008d900000, 0x000000008da00000|  0%| F|  |TAMS 0x000000008d900000| PB 0x000000008d900000| Untracked |  0
|  66|0x000000008da00000, 0x000000008da00000, 0x000000008db00000|  0%| F|  |TAMS 0x000000008da00000| PB 0x000000008da00000| Untracked |  0
|  67|0x000000008db00000, 0x000000008db00000, 0x000000008dc00000|  0%| F|  |TAMS 0x000000008db00000| PB 0x000000008db00000| Untracked |  0
|  68|0x000000008dc00000, 0x000000008dc00000, 0x000000008dd00000|  0%| F|  |TAMS 0x000000008dc00000| PB 0x000000008dc00000| Untracked |  0
|  69|0x000000008dd00000, 0x000000008dd00000, 0x000000008de00000|  0%| F|  |TAMS 0x000000008dd00000| PB 0x000000008dd00000| Untracked |  0
|  70|0x000000008de00000, 0x000000008de00000, 0x000000008df00000|  0%| F|  |TAMS 0x000000008de00000| PB 0x000000008de00000| Untracked |  0
|  71|0x000000008df00000, 0x000000008df00000, 0x000000008e000000|  0%| F|  |TAMS 0x000000008df00000| PB 0x000000008df00000| Untracked |  0
|  72|0x000000008e000000, 0x000000008e000000, 0x000000008e100000|  0%| F|  |TAMS 0x000000008e000000| PB 0x000000008e000000| Untracked |  0
|  73|0x000000008e100000, 0x000000008e100000, 0x000000008e200000|  0%| F|  |TAMS 0x000000008e100000| PB 0x000000008e100000| Untracked |  0
|  74|0x000000008e200000, 0x000000008e280000, 0x000000008e300000| 50%| E|  |TAMS 0x000000008e200000| PB 0x000000008e200000| Complete |  0
|  75|0x000000008e300000, 0x000000008e400000, 0x000000008e400000|100%| E|CS|TAMS 0x000000008e300000| PB 0x000000008e300000| Complete |  0
|  76|0x000000008e400000, 0x000000008e500000, 0x000000008e500000|100%| E|CS|TAMS 0x000000008e400000| PB 0x000000008e400000| Complete |  0
|  77|0x000000008e500000, 0x000000008e600000, 0x000000008e600000|100%| E|CS|TAMS 0x000000008e500000| PB 0x000000008e500000| Complete |  0
|  78|0x000000008e600000, 0x000000008e700000, 0x000000008e700000|100%| E|CS|TAMS 0x000000008e600000| PB 0x000000008e600000| Complete |  0
|  79|0x000000008e700000, 0x000000008e800000, 0x000000008e800000|100%| E|CS|TAMS 0x000000008e700000| PB 0x000000008e700000| Complete |  0
|  80|0x000000008e800000, 0x000000008e900000, 0x000000008e900000|100%| E|CS|TAMS 0x000000008e800000| PB 0x000000008e800000| Complete |  0
|  81|0x000000008e900000, 0x000000008ea00000, 0x000000008ea00000|100%| E|CS|TAMS 0x000000008e900000| PB 0x000000008e900000| Complete |  0
|  82|0x000000008ea00000, 0x000000008eb00000, 0x000000008eb00000|100%| E|CS|TAMS 0x000000008ea00000| PB 0x000000008ea00000| Complete |  0
|  83|0x000000008eb00000, 0x000000008ec00000, 0x000000008ec00000|100%| E|CS|TAMS 0x000000008eb00000| PB 0x000000008eb00000| Complete |  0
|  84|0x000000008ec00000, 0x000000008ed00000, 0x000000008ed00000|100%| E|CS|TAMS 0x000000008ec00000| PB 0x000000008ec00000| Complete |  0
|  85|0x000000008ed00000, 0x000000008ee00000, 0x000000008ee00000|100%| E|CS|TAMS 0x000000008ed00000| PB 0x000000008ed00000| Complete |  0
|  86|0x000000008ee00000, 0x000000008ef00000, 0x000000008ef00000|100%| E|CS|TAMS 0x000000008ee00000| PB 0x000000008ee00000| Complete |  0
|  87|0x000000008ef00000, 0x000000008f000000, 0x000000008f000000|100%| E|CS|TAMS 0x000000008ef00000| PB 0x000000008ef00000| Complete |  0
|  88|0x000000008f000000, 0x000000008f100000, 0x000000008f100000|100%| E|CS|TAMS 0x000000008f000000| PB 0x000000008f000000| Complete |  0
|  89|0x000000008f100000, 0x000000008f200000, 0x000000008f200000|100%| E|CS|TAMS 0x000000008f100000| PB 0x000000008f100000| Complete |  0
|  90|0x000000008f200000, 0x000000008f300000, 0x000000008f300000|100%| E|CS|TAMS 0x000000008f200000| PB 0x000000008f200000| Complete |  0
|  91|0x000000008f300000, 0x000000008f400000, 0x000000008f400000|100%| E|CS|TAMS 0x000000008f300000| PB 0x000000008f300000| Complete |  0
|  92|0x000000008f400000, 0x000000008f500000, 0x000000008f500000|100%| E|CS|TAMS 0x000000008f400000| PB 0x000000008f400000| Complete |  0
|  93|0x000000008f500000, 0x000000008f600000, 0x000000008f600000|100%| E|CS|TAMS 0x000000008f500000| PB 0x000000008f500000| Complete |  0
|  94|0x000000008f600000, 0x000000008f700000, 0x000000008f700000|100%| E|CS|TAMS 0x000000008f600000| PB 0x000000008f600000| Complete |  0
|  95|0x000000008f700000, 0x000000008f800000, 0x000000008f800000|100%| E|CS|TAMS 0x000000008f700000| PB 0x000000008f700000| Complete |  0
|  96|0x000000008f800000, 0x000000008f900000, 0x000000008f900000|100%| E|CS|TAMS 0x000000008f800000| PB 0x000000008f800000| Complete |  0
|  97|0x000000008f900000, 0x000000008fa00000, 0x000000008fa00000|100%| E|CS|TAMS 0x000000008f900000| PB 0x000000008f900000| Complete |  0
|  98|0x000000008fa00000, 0x000000008fb00000, 0x000000008fb00000|100%| E|CS|TAMS 0x000000008fa00000| PB 0x000000008fa00000| Complete |  0
|  99|0x000000008fb00000, 0x000000008fc00000, 0x000000008fc00000|100%| E|CS|TAMS 0x000000008fb00000| PB 0x000000008fb00000| Complete |  0
| 100|0x000000008fc00000, 0x000000008fd00000, 0x000000008fd00000|100%| E|CS|TAMS 0x000000008fc00000| PB 0x000000008fc00000| Complete |  0
| 101|0x000000008fd00000, 0x000000008fe00000, 0x000000008fe00000|100%| E|CS|TAMS 0x000000008fd00000| PB 0x000000008fd00000| Complete |  0
| 102|0x000000008fe00000, 0x000000008ff00000, 0x000000008ff00000|100%| E|CS|TAMS 0x000000008fe00000| PB 0x000000008fe00000| Complete |  0
| 103|0x000000008ff00000, 0x0000000090000000, 0x0000000090000000|100%| E|CS|TAMS 0x000000008ff00000| PB 0x000000008ff00000| Complete |  0
| 104|0x0000000090000000, 0x0000000090100000, 0x0000000090100000|100%| E|CS|TAMS 0x0000000090000000| PB 0x0000000090000000| Complete |  0
| 105|0x0000000090100000, 0x0000000090200000, 0x0000000090200000|100%| E|CS|TAMS 0x0000000090100000| PB 0x0000000090100000| Complete |  0
| 106|0x0000000090200000, 0x0000000090300000, 0x0000000090300000|100%| E|CS|TAMS 0x0000000090200000| PB 0x0000000090200000| Complete |  0
| 107|0x0000000090300000, 0x0000000090400000, 0x0000000090400000|100%| E|CS|TAMS 0x0000000090300000| PB 0x0000000090300000| Complete |  0
| 108|0x0000000090400000, 0x0000000090500000, 0x0000000090500000|100%| E|CS|TAMS 0x0000000090400000| PB 0x0000000090400000| Complete |  0
| 109|0x0000000090500000, 0x0000000090600000, 0x0000000090600000|100%| E|CS|TAMS 0x0000000090500000| PB 0x0000000090500000| Complete |  0
| 110|0x0000000090600000, 0x0000000090700000, 0x0000000090700000|100%| E|CS|TAMS 0x0000000090600000| PB 0x0000000090600000| Complete |  0
| 111|0x0000000090700000, 0x0000000090800000, 0x0000000090800000|100%| E|CS|TAMS 0x0000000090700000| PB 0x0000000090700000| Complete |  0
| 112|0x0000000090800000, 0x0000000090900000, 0x0000000090900000|100%| E|CS|TAMS 0x0000000090800000| PB 0x0000000090800000| Complete |  0
| 113|0x0000000090900000, 0x0000000090a00000, 0x0000000090a00000|100%| E|CS|TAMS 0x0000000090900000| PB 0x0000000090900000| Complete |  0
| 114|0x0000000090a00000, 0x0000000090b00000, 0x0000000090b00000|100%| E|CS|TAMS 0x0000000090a00000| PB 0x0000000090a00000| Complete |  0
| 115|0x0000000090b00000, 0x0000000090c00000, 0x0000000090c00000|100%| E|CS|TAMS 0x0000000090b00000| PB 0x0000000090b00000| Complete |  0
| 116|0x0000000090c00000, 0x0000000090d00000, 0x0000000090d00000|100%| E|CS|TAMS 0x0000000090c00000| PB 0x0000000090c00000| Complete |  0
| 117|0x0000000090d00000, 0x0000000090e00000, 0x0000000090e00000|100%| E|CS|TAMS 0x0000000090d00000| PB 0x0000000090d00000| Complete |  0
| 118|0x0000000090e00000, 0x0000000090f00000, 0x0000000090f00000|100%| E|CS|TAMS 0x0000000090e00000| PB 0x0000000090e00000| Complete |  0
| 119|0x0000000090f00000, 0x0000000091000000, 0x0000000091000000|100%| E|CS|TAMS 0x0000000090f00000| PB 0x0000000090f00000| Complete |  0
|1894|0x00000000ffe00000, 0x00000000fff00000, 0x00000000fff00000|100%| O|  |TAMS 0x00000000ffe00000| PB 0x00000000ffe00000| Untracked |  0
|1895|0x00000000fff00000, 0x00000000fff1d1c0, 0x0000000100000000| 11%| O|  |TAMS 0x00000000fff00000| PB 0x00000000fff00000| Untracked |  0

Card table byte_map: [0x000001403a690000,0x000001403aa50000] _byte_map_base: 0x000001403a244000

Marking Bits: (CMBitMap*) 0x000001402251ca00
 Bits: [0x000001403aa50000, 0x000001403c7f0000)

Polling page: 0x00000140205a0000

Metaspace:

Usage:
  Non-class:     15.69 MB used.
      Class:      1.59 MB used.
       Both:     17.29 MB used.

Virtual space:
  Non-class space:       64.00 MB reserved,      15.81 MB ( 25%) committed,  1 nodes.
      Class space:        1.00 GB reserved,       1.69 MB ( <1%) committed,  1 nodes.
             Both:        1.06 GB reserved,      17.50 MB (  2%) committed. 

Chunk freelists:
   Non-Class:  64.00 KB
       Class:  14.16 MB
        Both:  14.22 MB

MaxMetaspaceSize: unlimited
CompressedClassSpaceSize: 1.00 GB
Initial GC threshold: 21.00 MB
Current GC threshold: 21.00 MB
CDS: on
 - commit_granule_bytes: 65536.
 - commit_granule_words: 8192.
 - virtual_space_node_default_size: 8388608.
 - enlarge_chunks_in_place: 1.
UseCompressedClassPointers 1, UseCompactObjectHeaders 0
Narrow klass pointer bits 32, Max shift 3
Narrow klass base: 0x0000014040000000, Narrow klass shift: 0
Encoding Range: [0x0000014040000000 - 0x0000014140000000), (4294967296 bytes)
Klass Range:    [0x0000014040000000 - 0x0000014081000000), (1090519040 bytes)
Klass ID Range:  [8 - 1090519033) (1090519025)


Internal statistics:

num_allocs_failed_limit: 0.
num_arena_births: 188.
num_arena_deaths: 0.
num_vsnodes_births: 2.
num_vsnodes_deaths: 0.
num_space_committed: 280.
num_space_uncommitted: 0.
num_chunks_returned_to_freelist: 0.
num_chunks_taken_from_freelist: 391.
num_chunk_merges: 0.
num_chunk_splits: 240.
num_chunks_enlarged: 153.
num_inconsistent_stats: 0.

CodeHeap 'non-profiled nmethods': size=120064Kb used=1253Kb max_used=1253Kb free=118810Kb
 bounds [0x0000014032830000, 0x0000014032aa0000, 0x0000014039d70000]
CodeHeap 'profiled nmethods': size=120000Kb used=6076Kb max_used=6076Kb free=113923Kb
 bounds [0x000001402ad70000, 0x000001402b360000, 0x00000140322a0000]
CodeHeap 'non-nmethods': size=5696Kb used=1635Kb max_used=1696Kb free=4060Kb
 bounds [0x00000140322a0000, 0x0000014032510000, 0x0000014032830000]
CodeCache: size=245760Kb, used=8964Kb, max_used=9025Kb, free=236793Kb
 total_blobs=4339, nmethods=3532, adapters=712, full_count=0
Compilation: enabled, stopped_count=0, restarted_count=0

Compilation events (20 events):
Event: 474.569 Thread 0x000001403f462990 3523       4       sun.java2d.StateTrackableDelegate$1::isCurrent (17 bytes)
Event: 474.570 Thread 0x000001403f462990 nmethod 3523 0x0000014032968508 code [0x0000014032968600, 0x00000140329686a0]
Event: 478.091 Thread 0x000001403f462990 3524       4       java.util.ArrayList::toArray (57 bytes)
Event: 478.098 Thread 0x000001403f462990 nmethod 3524 0x0000014032968808 code [0x0000014032968940, 0x00000140329690a8]
Event: 492.159 Thread 0x000001403f475530 3525       3       java.lang.String::contains (19 bytes)
Event: 492.160 Thread 0x000001403f475530 nmethod 3525 0x000001402b358508 code [0x000001402b358640, 0x000001402b358928]
Event: 497.668 Thread 0x000001403f462990 3526       4       sun.java2d.d3d.D3DSurfaceData$D3DWindowSurfaceData::isDirty (18 bytes)
Event: 497.670 Thread 0x000001403f462990 nmethod 3526 0x0000014032969108 code [0x0000014032969220, 0x0000014032969300]
Event: 547.171 Thread 0x000001403f475530 3527       3       java.lang.ref.ReferenceQueue::poll0 (65 bytes)
Event: 547.172 Thread 0x000001403f475530 nmethod 3527 0x000001402b358988 code [0x000001402b358ac0, 0x000001402b358f80]
Event: 602.185 Thread 0x000001403f475530 3528       3       java.io.WinNTFileSystem::resolve (349 bytes)
Event: 602.190 Thread 0x000001403f475530 nmethod 3528 0x000001402b359008 code [0x000001402b3594a0, 0x000001402b35cd88]
Event: 607.186 Thread 0x000001403f475530 3529       3       java.lang.ClassLoader::getResource (41 bytes)
Event: 607.187 Thread 0x000001403f475530 nmethod 3529 0x000001402b35ce08 code [0x000001402b35cf80, 0x000001402b35d568]
Event: 622.190 Thread 0x000001403f475530 3530       1       jdk.internal.loader.URLClassPath$FileLoader$1::getURL (5 bytes)
Event: 622.190 Thread 0x000001403f475530 nmethod 3530 0x0000014032969408 code [0x0000014032969500, 0x00000140329695c8]
Event: 822.454 Thread 0x000001403f475530 3531       3       sun.net.util.IPAddressUtil::scan (62 bytes)
Event: 822.456 Thread 0x000001403f475530 nmethod 3531 0x000001402b35d608 code [0x000001402b35d7c0, 0x000001402b35e250]
Event: 1519.001 Thread 0x000001403f475530 3532       3       java.lang.invoke.MethodHandles$Lookup::findConstructor (61 bytes)
Event: 1519.002 Thread 0x000001403f475530 nmethod 3532 0x000001402b35e308 code [0x000001402b35e500, 0x000001402b35f0f8]

GC Heap History (0 events):
No events

Dll operation events (10 events):
Event: 0.020 Loaded shared library C:\Program Files\Java\jdk-24\bin\java.dll
Event: 0.088 Loaded shared library C:\Program Files\Java\jdk-24\bin\jsvml.dll
Event: 0.154 Loaded shared library C:\Program Files\Java\jdk-24\bin\net.dll
Event: 0.157 Loaded shared library C:\Program Files\Java\jdk-24\bin\nio.dll
Event: 0.201 Loaded shared library C:\Program Files\Java\jdk-24\bin\zip.dll
Event: 0.241 Loaded shared library C:\Program Files\Java\jdk-24\bin\jimage.dll
Event: 0.257 Loaded shared library C:\Program Files\Java\jdk-24\bin\awt.dll
Event: 0.459 Loaded shared library C:\Program Files\Java\jdk-24\bin\freetype.dll
Event: 0.461 Loaded shared library C:\Program Files\Java\jdk-24\bin\fontmanager.dll
Event: 1.768 Loaded shared library C:\Program Files\Java\jdk-24\bin\extnet.dll

Deoptimization events (20 events):
Event: 55.678 Thread 0x000001403f88bf60 DEOPT PACKING pc=0x000001402b234784 sp=0x000000368e7fd140
Event: 55.678 Thread 0x000001403f88bf60 DEOPT UNPACKING pc=0x00000140322f5722 sp=0x000000368e7fc590 mode 0
Event: 72.402 Thread 0x000001403f88bf60 Uncommon trap: trap_request=0xffffff4d fr.pc=0x000001403290d5b4 relative=0x0000000000000ed4
Event: 72.402 Thread 0x000001403f88bf60 Uncommon trap: reason=unstable_if action=reinterpret pc=0x000001403290d5b4 method=java.awt.Container$MouseEventTargetFilter.accept(Ljava/awt/Component;)Z @ 57 c2
Event: 72.402 Thread 0x000001403f88bf60 DEOPT PACKING pc=0x000001403290d5b4 sp=0x000000368e7fe8e0
Event: 72.402 Thread 0x000001403f88bf60 DEOPT UNPACKING pc=0x00000140323b4002 sp=0x000000368e7fe780 mode 2
Event: 75.573 Thread 0x000001403f88bf60 DEOPT PACKING pc=0x000001402b278693 sp=0x000000368e7fd1a0
Event: 75.573 Thread 0x000001403f88bf60 DEOPT UNPACKING pc=0x00000140322f5722 sp=0x000000368e7fc580 mode 0
Event: 76.168 Thread 0x000001403f88bf60 Uncommon trap: trap_request=0xffffff4d fr.pc=0x000001403295b3a8 relative=0x00000000000001e8
Event: 76.168 Thread 0x000001403f88bf60 Uncommon trap: reason=unstable_if action=reinterpret pc=0x000001403295b3a8 method=java.awt.EventQueue.eventToCacheIndex(Ljava/awt/AWTEvent;)I @ 71 c2
Event: 76.168 Thread 0x000001403f88bf60 DEOPT PACKING pc=0x000001403295b3a8 sp=0x000000368e7fee30
Event: 76.168 Thread 0x000001403f88bf60 DEOPT UNPACKING pc=0x00000140323b4002 sp=0x000000368e7fece0 mode 2
Event: 218.060 Thread 0x000001408a9a9630 Uncommon trap: trap_request=0xffffffcc fr.pc=0x0000014032966788 relative=0x00000000000002c8
Event: 218.060 Thread 0x000001408a9a9630 Uncommon trap: reason=intrinsic_or_type_checked_inlining action=make_not_entrant pc=0x0000014032966788 method=java.util.Arrays.copyOf([Ljava/lang/Object;ILjava/lang/Class;)[Ljava/lang/Object; @ 35 c2
Event: 218.060 Thread 0x000001408a9a9630 DEOPT PACKING pc=0x0000014032966788 sp=0x000000368f9ff170
Event: 218.060 Thread 0x000001408a9a9630 DEOPT UNPACKING pc=0x00000140323b4002 sp=0x000000368f9ff100 mode 2
Event: 465.220 Thread 0x000001408a9a9630 Uncommon trap: trap_request=0xffffffdc fr.pc=0x0000014032968070 relative=0x0000000000000230
Event: 465.220 Thread 0x000001408a9a9630 Uncommon trap: reason=class_check action=make_not_entrant pc=0x0000014032968070 method=java.util.ArrayList.toArray([Ljava/lang/Object;)[Ljava/lang/Object; @ 21 c2
Event: 465.220 Thread 0x000001408a9a9630 DEOPT PACKING pc=0x0000014032968070 sp=0x000000368f9ff1d0
Event: 465.220 Thread 0x000001408a9a9630 DEOPT UNPACKING pc=0x00000140323b4002 sp=0x000000368f9ff190 mode 2

Classes loaded (20 events):
Event: 53.247 Loading class javax/swing/JComponent$IntVector
Event: 53.247 Loading class javax/swing/JComponent$IntVector done
Event: 53.247 Loading class javax/swing/JComponent$ActionStandin
Event: 53.247 Loading class javax/swing/JComponent$ActionStandin done
Event: 53.247 Loading class javax/swing/text/GapContent$RemoveUndo
Event: 53.248 Loading class javax/swing/text/GapContent$RemoveUndo done
Event: 54.015 Loading class javax/swing/text/GapContent$UndoPosRef
Event: 54.016 Loading class javax/swing/text/GapContent$UndoPosRef done
Event: 55.640 Loading class sun/awt/geom/Curve
Event: 55.641 Loading class sun/awt/geom/Curve done
Event: 55.642 Loading class java/awt/geom/QuadCurve2D
Event: 55.643 Loading class java/awt/geom/QuadCurve2D done
Event: 73.545 Loading class javax/swing/RowSorter
Event: 73.545 Loading class javax/swing/RowSorter done
Event: 76.156 Loading class sun/awt/SunToolkit$1
Event: 76.156 Loading class sun/awt/SunToolkit$1 done
Event: 887.712 Loading class java/awt/desktop/SystemSleepListener
Event: 887.712 Loading class java/awt/desktop/SystemEventListener
Event: 887.712 Loading class java/awt/desktop/SystemEventListener done
Event: 887.712 Loading class java/awt/desktop/SystemSleepListener done

Classes unloaded (0 events):
No events

Classes redefined (0 events):
No events

Internal exceptions (20 events):
Event: 0.556 Thread 0x00000140201cdfd0 Exception <a 'java/lang/ClassNotFoundException'{0x00000000907c4960}: com/sun/swing/internal/plaf/basic/resources/spi/basicProvider> (0x00000000907c4960) 
thrown [s\open\src\hotspot\share\classfile\systemDictionary.cpp, line 327]
Event: 0.671 Thread 0x000001403f88bf60 Exception <a 'java/lang/ClassNotFoundException'{0x00000000906bd4e0}: com/sun/swing/internal/plaf/synth/resources/spi/synthProvider> (0x00000000906bd4e0) 
thrown [s\open\src\hotspot\share\classfile\systemDictionary.cpp, line 327]
Event: 0.697 Thread 0x000001403f88bf60 Exception <a 'java/lang/NoSuchMethodError'{0x0000000090589f70}: 'int java.lang.invoke.Invokers$Holder.invokeExact_MT(java.lang.Object, java.lang.Object)'> (0x0000000090589f70) 
thrown [s\open\src\hotspot\share\interpreter\linkResolver.cpp, line 805]
Event: 0.711 Thread 0x000001403f88bf60 Exception <a 'java/lang/NoSuchMethodError'{0x000000009059bdb8}: 'java.lang.Object java.lang.invoke.DirectMethodHandle$Holder.newInvokeSpecial(java.lang.Object, java.lang.Object, int)'> (0x000000009059bdb8) 
thrown [s\open\src\hotspot\share\interpreter\linkResolver.cpp, line 805]
Event: 0.716 Thread 0x000001403f88bf60 Exception <a 'java/lang/NoSuchMethodError'{0x00000000905b56f0}: 'java.lang.Object java.lang.invoke.DirectMethodHandle$Holder.invokeStatic(java.lang.Object, java.lang.Object, java.lang.Object, java.lang.Object, int)'> (0x00000000905b56f0) 
thrown [s\open\src\hotspot\share\interpreter\linkResolver.cpp, line 805]
Event: 0.718 Thread 0x000001403f88bf60 Exception <a 'java/lang/NoSuchMethodError'{0x00000000905c69e8}: 'int java.lang.invoke.DirectMethodHandle$Holder.invokeSpecial(java.lang.Object, java.lang.Object, java.lang.Object)'> (0x00000000905c69e8) 
thrown [s\open\src\hotspot\share\interpreter\linkResolver.cpp, line 805]
Event: 1.068 Thread 0x000001403f88bf60 Exception <a 'java/lang/NoSuchMethodError'{0x00000000904ccd18}: 'void java.lang.invoke.DirectMethodHandle$Holder.invokeStaticInit(java.lang.Object)'> (0x00000000904ccd18) 
thrown [s\open\src\hotspot\share\interpreter\linkResolver.cpp, line 805]
Event: 1.170 Thread 0x000001403f88bf60 Exception <a 'java/io/FileNotFoundException'{0x000000008feff700}> (0x000000008feff700) 
thrown [s\open\src\hotspot\share\prims\jni.cpp, line 518]
Event: 1.206 Thread 0x000001403f88bf60 Exception <a 'java/io/FileNotFoundException'{0x000000008fd588c0}> (0x000000008fd588c0) 
thrown [s\open\src\hotspot\share\prims\jni.cpp, line 518]
Event: 1.217 Thread 0x000001403f88bf60 Exception <a 'java/lang/NoSuchMethodError'{0x000000008fd8c7d0}: 'void java.lang.invoke.DelegatingMethodHandle$Holder.reinvoke_L(java.lang.Object, java.lang.Object, java.lang.Object, java.lang.Object, long, long, float)'> (0x000000008fd8c7d0) 
thrown [s\open\src\hotspot\share\interpreter\linkResolver.cpp, line 805]
Event: 1.220 Thread 0x000001403f88bf60 Exception <a 'java/lang/NoSuchMethodError'{0x000000008fdac988}: 'java.lang.Object java.lang.invoke.DirectMethodHandle$Holder.invokeStatic(java.lang.Object, java.lang.Object, java.lang.Object, java.lang.Object, java.lang.Object, long)'> (0x000000008fdac988) 
thrown [s\open\src\hotspot\share\interpreter\linkResolver.cpp, line 805]
Event: 1.227 Thread 0x000001403f88bf60 Exception <a 'java/lang/NoSuchMethodError'{0x000000008fdf00f8}: 'float java.lang.invoke.DelegatingMethodHandle$Holder.reinvoke_L(java.lang.Object, java.lang.Object, java.lang.Object, java.lang.Object, long, long)'> (0x000000008fdf00f8) 
thrown [s\open\src\hotspot\share\interpreter\linkResolver.cpp, line 805]
Event: 1.262 Thread 0x000001403f889810 Exception <a 'java/lang/NoSuchMethodError'{0x0000000090b10168}: 'void java.lang.invoke.DirectMethodHandle$Holder.invokeVirtual(java.lang.Object, java.lang.Object)'> (0x0000000090b10168) 
thrown [s\open\src\hotspot\share\interpreter\linkResolver.cpp, line 805]
Event: 1.328 Thread 0x000001403f88bf60 Exception <a 'java/lang/NoSuchMethodError'{0x000000008fc5a020}: 'void java.lang.invoke.DelegatingMethodHandle$Holder.reinvoke_L(java.lang.Object, java.lang.Object, java.lang.Object, java.lang.Object, long, long, int)'> (0x000000008fc5a020) 
thrown [s\open\src\hotspot\share\interpreter\linkResolver.cpp, line 805]
Event: 1.333 Thread 0x000001403f88bf60 Exception <a 'java/lang/NoSuchMethodError'{0x000000008fb04dd0}: 'void java.lang.invoke.DelegatingMethodHandle$Holder.reinvoke_L(java.lang.Object, java.lang.Object, java.lang.Object, java.lang.Object, long, long, long)'> (0x000000008fb04dd0) 
thrown [s\open\src\hotspot\share\interpreter\linkResolver.cpp, line 805]
Event: 1.356 Thread 0x000001403f88bf60 Exception <a 'java/lang/NoSuchMethodError'{0x000000008fb57f48}: 'void java.lang.invoke.DelegatingMethodHandle$Holder.reinvoke_L(java.lang.Object, java.lang.Object, java.lang.Object, java.lang.Object, long, long, double)'> (0x000000008fb57f48) 
thrown [s\open\src\hotspot\share\interpreter\linkResolver.cpp, line 805]
Event: 1.537 Thread 0x000001403f88bf60 Exception <a 'java/lang/NoSuchMethodError'{0x000000008fa6f4b8}: 'void java.lang.invoke.DirectMethodHandle$Holder.invokeStatic(java.lang.Object, java.lang.Object)'> (0x000000008fa6f4b8) 
thrown [s\open\src\hotspot\share\interpreter\linkResolver.cpp, line 805]
Event: 1.579 Thread 0x000001403f88bf60 Exception <a 'java/lang/NoSuchMethodError'{0x000000008f827640}: 'java.lang.Object java.lang.invoke.DirectMethodHandle$Holder.invokeInterface(java.lang.Object, java.lang.Object)'> (0x000000008f827640) 
thrown [s\open\src\hotspot\share\interpreter\linkResolver.cpp, line 805]
Event: 1.633 Thread 0x000001403f88bf60 Exception <a 'java/lang/NoSuchMethodError'{0x000000008f6dee28}: 'void java.lang.invoke.DirectMethodHandle$Holder.invokeStatic(java.lang.Object, java.lang.Object, java.lang.Object)'> (0x000000008f6dee28) 
thrown [s\open\src\hotspot\share\interpreter\linkResolver.cpp, line 805]
Event: 1.635 Thread 0x000001403f88bf60 Exception <a 'java/lang/NoSuchMethodError'{0x000000008f6f67f8}: 'java.lang.Object java.lang.invoke.DirectMethodHandle$Holder.invokeVirtual(java.lang.Object, java.lang.Object, java.lang.Object)'> (0x000000008f6f67f8) 
thrown [s\open\src\hotspot\share\interpreter\linkResolver.cpp, line 805]

VM Operations (20 events):
Event: 0.792 Executing VM operation: HandshakeAllThreads (Deoptimize)
Event: 0.792 Executing VM operation: HandshakeAllThreads (Deoptimize) done
Event: 0.861 Executing VM operation: HandshakeAllThreads (Deoptimize)
Event: 0.861 Executing VM operation: HandshakeAllThreads (Deoptimize) done
Event: 1.373 Executing VM operation: HandshakeAllThreads (Deoptimize)
Event: 1.373 Executing VM operation: HandshakeAllThreads (Deoptimize) done
Event: 1.521 Executing VM operation: HandshakeAllThreads (Deoptimize)
Event: 1.521 Executing VM operation: HandshakeAllThreads (Deoptimize) done
Event: 1.549 Executing VM operation: HandshakeAllThreads (Deoptimize)
Event: 1.550 Executing VM operation: HandshakeAllThreads (Deoptimize) done
Event: 1.754 Executing VM operation: HandshakeAllThreads (Deoptimize)
Event: 1.754 Executing VM operation: HandshakeAllThreads (Deoptimize) done
Event: 60.203 Executing VM operation: HandshakeAllThreads (HandshakeForDeflation)
Event: 60.203 Executing VM operation: HandshakeAllThreads (HandshakeForDeflation) done
Event: 60.203 Executing VM operation: RendezvousGCThreads
Event: 60.203 Executing VM operation: RendezvousGCThreads done
Event: 180.372 Executing VM operation: HandshakeAllThreads (HandshakeForDeflation)
Event: 180.372 Executing VM operation: HandshakeAllThreads (HandshakeForDeflation) done
Event: 180.372 Executing VM operation: RendezvousGCThreads
Event: 180.372 Executing VM operation: RendezvousGCThreads done

Memory protections (0 events):
No events

Nmethod flushes (0 events):
No events

Events (20 events):
Event: 0.082 Thread 0x00000140201cdfd0 Thread added: 0x000001403f475530
Event: 0.151 Thread 0x00000140201cdfd0 Thread added: 0x000001403f56f420
Event: 0.194 Thread 0x00000140201cdfd0 Thread added: 0x000001403f5e8ef0
Event: 0.210 Thread 0x000001403f475530 Thread added: 0x000001403f62f7e0
Event: 0.326 Thread 0x00000140201cdfd0 Thread added: 0x0000014085446750
Event: 0.327 Thread 0x00000140201cdfd0 Thread added: 0x000001403f8890d0
Event: 0.328 Thread 0x00000140201cdfd0 Thread added: 0x000001403f889810
Event: 0.354 Thread 0x000001403f62f7e0 Thread exited: 0x000001403f62f7e0
Event: 0.574 Thread 0x00000140201cdfd0 Thread added: 0x000001403f88bf60
Event: 0.574 Thread 0x00000140201cdfd0 Thread exited: 0x00000140201cdfd0
Event: 0.574 Thread 0x00000140201cdfd0 Thread added: 0x00000140201cdfd0
Event: 0.806 Thread 0x000001403f88bf60 Thread added: 0x00000140856dac30
Event: 0.860 Thread 0x000001403f462990 Thread added: 0x0000014085784b00
Event: 1.287 Thread 0x000001403f88bf60 Thread added: 0x000001408a390230
Event: 1.343 Thread 0x000001403f88bf60 Thread added: 0x000001408a9a9630
Event: 1.538 Thread 0x000001403f88bf60 Thread added: 0x000001408a363f80
Event: 1.616 Thread 0x000001403f475530 Thread added: 0x0000014085785290
Event: 2.205 Thread 0x0000014085785290 Thread exited: 0x0000014085785290
Event: 2.205 Thread 0x0000014085784b00 Thread exited: 0x0000014085784b00
Event: 6.035 Thread 0x00000140856dac30 Thread exited: 0x00000140856dac30


Dynamic libraries:
0x00007ff7e6920000 - 0x00007ff7e6930000 	C:\Program Files\Java\jdk-24\bin\java.exe
0x00007fffbd000000 - 0x00007fffbd267000 	C:\WINDOWS\SYSTEM32\ntdll.dll
0x00007fffbbad0000 - 0x00007fffbbb99000 	C:\WINDOWS\System32\KERNEL32.DLL
0x00007fffba7a0000 - 0x00007fffbab8f000 	C:\WINDOWS\System32\KERNELBASE.dll
0x00007fffba5a0000 - 0x00007fffba6eb000 	C:\WINDOWS\System32\ucrtbase.dll
0x00007fffb5240000 - 0x00007fffb5256000 	C:\Program Files\Java\jdk-24\bin\jli.dll
0x00007fffb6740000 - 0x00007fffb675b000 	C:\Program Files\Java\jdk-24\bin\VCRUNTIME140.dll
0x00007fffbbc60000 - 0x00007fffbbe25000 	C:\WINDOWS\System32\USER32.dll
0x00007fffaa950000 - 0x00007fffaabe3000 	C:\WINDOWS\WinSxS\amd64_microsoft.windows.common-controls_6595b64144ccf1df_6.0.26100.7309_none_3e05feeae336a044\COMCTL32.dll
0x00007fffba380000 - 0x00007fffba3a7000 	C:\WINDOWS\System32\win32u.dll
0x00007fffbb780000 - 0x00007fffbb829000 	C:\WINDOWS\System32\msvcrt.dll
0x00007fffbbe30000 - 0x00007fffbbe5b000 	C:\WINDOWS\System32\GDI32.dll
0x00007fffba470000 - 0x00007fffba59c000 	C:\WINDOWS\System32\gdi32full.dll
0x00007fffba150000 - 0x00007fffba1f3000 	C:\WINDOWS\System32\msvcp_win.dll
0x00007fffbc6e0000 - 0x00007fffbc711000 	C:\WINDOWS\System32\IMM32.DLL
0x00007fffb51c0000 - 0x00007fffb51cc000 	C:\Program Files\Java\jdk-24\bin\vcruntime140_1.dll
0x00007fffa46a0000 - 0x00007fffa472e000 	C:\Program Files\Java\jdk-24\bin\msvcp140.dll
0x00007fff74b50000 - 0x00007fff758f2000 	C:\Program Files\Java\jdk-24\bin\server\jvm.dll
0x00007fffbb390000 - 0x00007fffbb444000 	C:\WINDOWS\System32\ADVAPI32.dll
0x00007fffbaf50000 - 0x00007fffbaff6000 	C:\WINDOWS\System32\sechost.dll
0x00007fffbc5c0000 - 0x00007fffbc6d8000 	C:\WINDOWS\System32\RPCRT4.dll
0x00007fffbc820000 - 0x00007fffbc894000 	C:\WINDOWS\System32\WS2_32.dll
0x00007fffb9fb0000 - 0x00007fffba00e000 	C:\WINDOWS\SYSTEM32\POWRPROF.dll
0x00007fffb2d20000 - 0x00007fffb2d55000 	C:\WINDOWS\SYSTEM32\WINMM.dll
0x00007fffb2d60000 - 0x00007fffb2d6b000 	C:\WINDOWS\SYSTEM32\VERSION.dll
0x00007fffb9f90000 - 0x00007fffb9fa4000 	C:\WINDOWS\SYSTEM32\UMPDC.dll
0x00007fffb8ec0000 - 0x00007fffb8edb000 	C:\WINDOWS\SYSTEM32\kernel.appcore.dll
0x00007fffb51b0000 - 0x00007fffb51ba000 	C:\Program Files\Java\jdk-24\bin\jimage.dll
0x00007fffaf700000 - 0x00007fffaf942000 	C:\WINDOWS\SYSTEM32\DBGHELP.DLL
0x00007fffbb000000 - 0x00007fffbb385000 	C:\WINDOWS\System32\combase.dll
0x00007fffbb9f0000 - 0x00007fffbbac6000 	C:\WINDOWS\System32\OLEAUT32.dll
0x00007fffaa8d0000 - 0x00007fffaa90c000 	C:\WINDOWS\SYSTEM32\dbgcore.DLL
0x00007fffba6f0000 - 0x00007fffba795000 	C:\WINDOWS\System32\bcryptPrimitives.dll
0x00007fffb44d0000 - 0x00007fffb44ee000 	C:\Program Files\Java\jdk-24\bin\java.dll
0x00007fffbadb0000 - 0x00007fffbaf47000 	C:\WINDOWS\System32\ole32.dll
0x00007fffbbe60000 - 0x00007fffbc5b3000 	C:\WINDOWS\System32\SHELL32.dll
0x00007fffbaba0000 - 0x00007fffbad0a000 	C:\WINDOWS\System32\wintypes.dll
0x00007fffb7d30000 - 0x00007fffb858e000 	C:\WINDOWS\SYSTEM32\windows.storage.dll
0x00007fffbc720000 - 0x00007fffbc815000 	C:\WINDOWS\System32\SHCORE.dll
0x00007fffbb4b0000 - 0x00007fffbb516000 	C:\WINDOWS\System32\shlwapi.dll
0x00007fffba070000 - 0x00007fffba099000 	C:\WINDOWS\SYSTEM32\profapi.dll
0x00007fffb2a70000 - 0x00007fffb2b47000 	C:\Program Files\Java\jdk-24\bin\jsvml.dll
0x00007fffb44c0000 - 0x00007fffb44d0000 	C:\Program Files\Java\jdk-24\bin\net.dll
0x00007fffb9410000 - 0x00007fffb947b000 	C:\WINDOWS\system32\mswsock.dll
0x00007fffb44a0000 - 0x00007fffb44b6000 	C:\Program Files\Java\jdk-24\bin\nio.dll
0x00007fffb4480000 - 0x00007fffb4497000 	C:\Program Files\Java\jdk-24\bin\zip.dll
0x00007fffb28f0000 - 0x00007fffb2a6f000 	C:\Program Files\Java\jdk-24\bin\awt.dll
0x00007fffb7170000 - 0x00007fffb720f000 	C:\WINDOWS\SYSTEM32\apphelp.dll
0x00007fffb73d0000 - 0x00007fffb747b000 	C:\WINDOWS\system32\uxtheme.dll
0x00007fffbb830000 - 0x00007fffbb98e000 	C:\WINDOWS\System32\MSCTF.dll
0x00007fffb7680000 - 0x00007fffb76b0000 	C:\WINDOWS\system32\DWMAPI.DLL
0x00007fffa4610000 - 0x00007fffa4697000 	C:\Program Files\Java\jdk-24\bin\freetype.dll
0x00007fff930d0000 - 0x00007fff931a7000 	C:\Program Files\Java\jdk-24\bin\fontmanager.dll
0x00007fff46820000 - 0x00007fff46930000 	C:\WINDOWS\system32\opengl32.dll
0x00007fff441e0000 - 0x00007fff4420d000 	C:\WINDOWS\SYSTEM32\GLU32.dll
0x00007fffb7630000 - 0x00007fffb7674000 	C:\WINDOWS\SYSTEM32\dxcore.dll
0x00007fffbbba0000 - 0x00007fffbbc50000 	C:\WINDOWS\System32\clbcatq.dll
0x00007fffb59e0000 - 0x00007fffb5c10000 	C:\WINDOWS\SYSTEM32\WindowsCodecs.dll
0x00007fff9bb50000 - 0x00007fff9bbaa000 	C:\WINDOWS\system32\dataexchange.dll
0x00007fffaf200000 - 0x00007fffaf444000 	C:\WINDOWS\system32\twinapi.appcore.dll
0x00007fff9b930000 - 0x00007fff9ba78000 	C:\WINDOWS\SYSTEM32\textinputframework.dll
0x00007fffb88f0000 - 0x00007fffb8a1c000 	C:\WINDOWS\SYSTEM32\DNSAPI.dll
0x00007fffb88b0000 - 0x00007fffb88e4000 	C:\WINDOWS\SYSTEM32\IPHLPAPI.DLL
0x00007fffbada0000 - 0x00007fffbadaa000 	C:\WINDOWS\System32\NSI.dll
0x00007fffacc50000 - 0x00007fffacc5b000 	C:\Windows\System32\rasadhlp.dll
0x00007fffb04a0000 - 0x00007fffb0526000 	C:\WINDOWS\System32\fwpuclnt.dll
0x00007fffb4460000 - 0x00007fffb4469000 	C:\Program Files\Java\jdk-24\bin\extnet.dll
0x00007fffb6ec0000 - 0x00007fffb6fe7000 	C:\WINDOWS\SYSTEM32\CoreMessaging.dll
0x00007fffb3540000 - 0x00007fffb3822000 	C:\WINDOWS\SYSTEM32\CoreUIComponents.dll
0x00007fffb9660000 - 0x00007fffb966c000 	C:\WINDOWS\SYSTEM32\CRYPTBASE.DLL
0x00007fff9dd50000 - 0x00007fff9ddce000 	C:\WINDOWS\system32\Ninput.dll

JVMTI agents: none

dbghelp: loaded successfully - version: 4.0.5 - missing functions: none
symbol engine: initialized successfully - sym options: 0x614 - pdb path: .;C:\Program Files\Java\jdk-24\bin;C:\WINDOWS\SYSTEM32;C:\WINDOWS\WinSxS\amd64_microsoft.windows.common-controls_6595b64144ccf1df_6.0.26100.7309_none_3e05feeae336a044;C:\Program Files\Java\jdk-24\bin\server;C:\WINDOWS\System32\DriverStore\FileRepository\u0417877.inf_amd64_8b2c2b61b3f8a9e5\B417004

VM Arguments:
jvm_args: -Dfile.encoding=UTF-8 --enable-preview --module-path=C:\Users\Hype\Documents\NetBeansProjects\Hotel Management System\build\classes 
java_command: CustomerBill
java_class_path (initial): C:\Program Files\NetBeans-25\netbeans\java\modules\ext\AbsoluteLayout.jar;C:\mysql-connector-j-9.3.0\mysql-connector-j-9.3.0.jar;C:\Users\Hype\Downloads\itext-2.1.7.jar;C:\Users\Hype\Documents\NetBeansProjects\Hotel Management System\build\classes
Launcher Type: SUN_STANDARD

[Global flags]
     intx CICompilerCount                          = 4                                         {product} {ergonomic}
     uint ConcGCThreads                            = 3                                         {product} {ergonomic}
     uint G1ConcRefinementThreads                  = 10                                        {product} {ergonomic}
   size_t G1HeapRegionSize                         = 1048576                                   {product} {ergonomic}
   size_t InitialHeapSize                          = 125829120                                 {product} {ergonomic}
   size_t MarkStackSize                            = 4194304                                   {product} {ergonomic}
   size_t MarkStackSizeMax                         = 536870912                                 {product} {ergonomic}
   size_t MaxHeapSize                              = 1988100096                                {product} {ergonomic}
   size_t MaxNewSize                               = 1192230912                                {product} {ergonomic}
   size_t MinHeapDeltaBytes                        = 1048576                                   {product} {ergonomic}
   size_t MinHeapSize                              = 8388608                                   {product} {ergonomic}
    uintx NonNMethodCodeHeapSize                   = 5832704                                {pd product} {ergonomic}
    uintx NonProfiledCodeHeapSize                  = 122945536                              {pd product} {ergonomic}
    uintx ProfiledCodeHeapSize                     = 122880000                              {pd product} {ergonomic}
    uintx ReservedCodeCacheSize                    = 251658240                              {pd product} {ergonomic}
     bool SegmentedCodeCache                       = true                                      {product} {ergonomic}
   size_t SoftMaxHeapSize                          = 1988100096                             {manageable} {ergonomic}
     bool UseCompressedOops                        = true                           {product lp64_product} {ergonomic}
     bool UseG1GC                                  = true                                      {product} {ergonomic}
     bool UseLargePagesIndividualAllocation        = false                                  {pd product} {ergonomic}

Logging:
Log output configuration:
 #0: stdout all=warning uptime,level,tags foldmultilines=false
 #1: stderr all=off uptime,level,tags foldmultilines=false

Environment Variables:
JAVA_HOME=C:\Program Files\Java\jdk1.8.0_202
PATH=C:\Program Files\Common Files\Oracle\Java\javapath;C:\WINDOWS\system32;C:\WINDOWS;C:\WINDOWS\System32\Wbem;C:\WINDOWS\System32\WindowsPowerShell\v1.0\;C:\WINDOWS\System32\OpenSSH\;C:\Program Files\Java\jdk1.8.0_202\bin;C:\xampp\php;C:\Users\Hype\AppData\Local\Programs\Python\Python313\Scripts\;C:\Users\Hype\AppData\Local\Programs\Python\Python313\;C:\Users\Hype\AppData\Local\Microsoft\WindowsApps;C:\\xampp\\php\\php.exe;C:\mysql-connector-j-9.3.0;C:\Users\Hype\AppData\Local\Programs\Microsoft VS Code\bin;
USERNAME=Hype
OS=Windows_NT
PROCESSOR_IDENTIFIER=AMD64 Family 25 Model 80 Stepping 0, AuthenticAMD
TMP=C:\Users\Hype\AppData\Local\Temp
TEMP=C:\Users\Hype\AppData\Local\Temp




Periodic native trim disabled

---------------  S Y S T E M  ---------------

OS:
 Windows 11 , 64 bit Build 26100 (10.0.26100.7309)
OS uptime: 0 days 2:38 hours
Hyper-V role detected

CPU: total 12 (initial active 12) (12 cores per cpu, 2 threads per core) family 25 model 80 stepping 0 microcode 0xa50000f, cx8, cmov, fxsr, ht, mmx, 3dnowpref, sse, sse2, sse3, ssse3, sse4a, sse4.1, sse4.2, popcnt, lzcnt, tsc, tscinvbit, avx, avx2, aes, erms, clmul, bmi1, bmi2, adx, sha, fma, vzeroupper, clflush, clflushopt, hv, rdtscp, rdpid, fsrm, f16c, cet_ss
Processor Information for the first 12 processors :
  Max Mhz: 2301, Current Mhz: 2301, Mhz Limit: 2301

Memory: 4k page, system-wide physical 7580M (758M free)
TotalPageFile size 14236M (AvailPageFile size 3050M)
current process WorkingSet (physical memory assigned to process): 156M, peak: 191M
current process commit charge ("private bytes"): 302M, peak: 341M

vm_info: Java HotSpot(TM) 64-Bit Server VM (24.0.1+9-30) for windows-amd64 JRE (24.0.1+9-30), built on 2025-03-05T07:23:45Z with MS VC++ 17.6 (VS2022)

END.
